{"version":20180619,"tag":"492053055","params":"select\nvalue\ntext","when_created":1751455125.7151,"parent_id":"2b20c519","props":[],"language":"LANG_S42","items":{"2":{"type":"branch","branchId":0,"one":"3","id":"2"},"1":{"type":"end","id":"1"},"3":{"type":"action","text":"option = document.createElement('option');\noption.value = value\naddText(option, text);\nadd(select, option)","one":"1","id":"3"}},"keywords":{"scenario":false,"async":false,"export":false,"function":true,"algoprop":false},"type":"drakon","updated_by":"admin","created_by":"admin","name":"addOption","when_updated":1751455161.8802}