{"version":20180619,"tag":"517333442","when_created":1751423896.2827,"parent_id":"2b20c519","props":[],"items":{"2":{"type":"branch","branchId":0,"one":"3","id":"2"},"4":{"type":"action","id":"4","one":"1","text":"openDiagram(current)"},"1":{"type":"end","id":"1"},"3":{"type":"action","text":"current = isolatedStorage.getItem(\n    \"current-diagram\"\n)","one":"4","id":"3"}},"when_updated":1751423912.937,"created_by":"admin","type":"drakon","updated_by":"admin","name":"reloadCurrent","language":"LANG_S42"}