{"version":20180619,"tag":"368136011","params":"name","when_created":1751265587.505,"parent_id":"87e2ea3c","props":[],"created_by":"admin","items":{"4":{"type":"action","id":"4","one":"5","text":"diagramStr = isolatedStorage.getItem(\n    currentDiagram\n)"},"8":{"type":"action","text":"diagram.name = name","one":"9","id":"8"},"1":{"type":"end","id":"1"},"5":{"type":"action","text":"diagram = JSON.parse(diagramStr)","one":"6","id":"5"},"9":{"type":"action","text":"isolatedStorage.setItem(\n    currentDiagram,\n    JSON.stringify(diagram)\n)","one":"10","id":"9"},"6":{"flag1":1,"id":"6","type":"question","two":"1","one":"7","text":"diagram.name !== name"},"11":{"type":"action","id":"11","one":"12","text":"m.drakon.setDiagram(\n    currentDiagram,\n    diagram,\n    createEditSender()\n)"},"12":{"type":"action","id":"12","one":"1","text":"console.log(\n    'updateFileName. Diagram: ',\n    JSON.stringify(diagram, null, 2)\n)"},"3":{"type":"action","text":"currentDiagram = isolatedStorage.getItem(\n    \"current-diagram\"\n)","one":"4","id":"3"},"7":{"type":"action","text":"diagram.id = diagram.id.replace(\n    diagram.name + \".drakon\",\n    name + \".drakon\"\n)","one":"8","id":"7"},"2":{"type":"branch","branchId":0,"one":"3","id":"2"},"10":{"flag1":1,"id":"10","type":"question","text":"m.drakon","one":"11","two":"1"}},"keywords":{"scenario":false,"async":false,"export":false,"function":true,"algoprop":false},"language":"LANG_JS","type":"drakon","updated_by":"admin","name":"updateFilename","when_updated":1751505994.3873}