{"version":20180619,"tag":"362936149","params":"id","when_created":1751454915.8642,"parent_id":"2b20c519","props":[],"when_updated":1751454965.7044,"items":{"4":{"flag1":1,"id":"4","type":"question","text":"element","one":"5","two":"6"},"1":{"type":"end","id":"1"},"5":{"type":"action","id":"5","one":"1","text":"return element"},"2":{"type":"branch","branchId":0,"one":"3","id":"2"},"6":{"type":"action","id":"6","one":"1","text":"throw new Error(\n    'get: Element with id not found: ' +\n    id\n)"},"3":{"type":"action","text":"element = document.getElementById(id)","one":"4","id":"3"}},"keywords":{"scenario":false,"async":false,"export":false,"function":true,"algoprop":false},"created_by":"admin","updated_by":"admin","type":"drakon","name":"get","language":"LANG_S42"}