{"version":20180619,"tag":"174023519","params":"name","when_created":1751425885.7324,"parent_id":"2b20c519","props":[],"when_updated":1751425985.3041,"items":{"4":{"type":"action","text":"list = getDiagramList()","one":"5","id":"4"},"8":{"type":"action","text":"isolatedStorage.setItem(\n    \"diagram-list\",\n    JSON.stringify(list)\n)","one":"9","id":"8"},"10":{"type":"action","id":"10","one":"1","text":"return id"},"5":{"type":"action","text":"id = generateId(list)","one":"6","id":"5"},"9":{"type":"action","text":"isolatedStorage.setItem(id, diagramStr)","one":"10","id":"9"},"6":{"type":"action","text":"diagramStr = JSON.stringify(diagram)","one":"7","id":"6"},"3":{"type":"action","text":"diagram = {name: name, items: {}}","one":"4","id":"3"},"7":{"type":"action","text":"list.push(id)","one":"8","id":"7"},"2":{"type":"branch","branchId":0,"one":"3","id":"2"},"1":{"type":"end","id":"1"}},"keywords":{"scenario":false,"async":false,"export":false,"function":true,"algoprop":false},"updated_by":"admin","type":"drakon","created_by":"admin","name":"createEmptyDiagram","language":"LANG_S42"}