{"version":20180619,"tag":"754931855","params":"prim\nro","when_created":1751457834.2217,"parent_id":"2b20c519","props":[],"created_by":"admin","items":{"8":{"type":"action","text":"widgets.inputBoxRo(\n    prim.left,\n    prim.top,\n    \"Name\",\n    prim.content\n)","one":"1","id":"8"},"1":{"type":"end","id":"1"},"9":{"type":"action","text":"widgets.inputBox(\n    prim.left,\n    prim.top,\n    tr(\"Rename\"),\n    prim.content,\n    nameNotEmpty\n).then(\n    function (newContent) {\n        if (\n            newContent && newContent !==\n            prim.content\n        ) {\n            m.drakon.setContent(\n                prim.id,\n                newContent\n            )\n            m.drakon.redraw()\n        }\n    }\n)","one":"1","id":"9"},"6":{"flag1":1,"id":"6","type":"question","text":"prim.type === \"header\"","one":"7","two":"10"},"11":{"type":"action","id":"11","one":"1","text":"widgets.largeBoxRo(\n    prim.left,\n    prim.top,\n    \"\",\n    prim.content\n)"},"12":{"type":"action","text":"widgets.largeBox(\n    prim.left,\n    prim.top,\n    \"\",\n    prim.content\n).then(\n    function (newContent) {\n        if (\n            newContent !== undefined && newContent\n            != prim.content\n        ) {\n            m.drakon.setContent(\n                prim.id,\n                newContent\n            )\n        }\n    }\n)","one":"1","id":"12"},"7":{"flag1":1,"id":"7","type":"question","two":"9","one":"8","text":"ro"},"2":{"type":"branch","branchId":0,"one":"6","id":"2"},"10":{"flag1":1,"id":"10","type":"question","text":"ro","one":"11","two":"12"}},"keywords":{"scenario":false,"async":false,"export":false,"function":true,"algoprop":false},"when_updated":1751506047.3712,"updated_by":"admin","type":"drakon","name":"startEditContent","language":"LANG_JS"}