{"version":20180619,"tag":"62703417","params":"line","when_created":1751461284.2366,"parent_id":"2b20c519","props":[],"created_by":"admin","items":{"4":{"type":"loopend","id":"4","one":"37","text":""},"10":{"flag1":1,"id":"10","type":"question","text":"c === \"-\"","one":"11","two":"12"},"21":{"one":"22","id":"21","type":"case","two":"25","text":"\"under-2\""},"22":{"flag1":1,"id":"22","type":"question","text":"c === \"_\"","one":"23","two":"24"},"32":{"type":"action","id":"32","one":"4","text":"addToBuffer(buffer, c)\nstate = \"em\""},"11":{"type":"action","id":"11","one":"4","text":"addToBuffer(buffer, \"•\")\nstate = \"normal\""},"23":{"type":"action","id":"23","one":"4","text":"addToBuffer(buffer, c)\nstate = \"normal\""},"7":{"one":"15","id":"7","type":"case","text":"\"normal\"","two":"6"},"33":{"one":"34","id":"33","type":"case","two":null,"text":"\"end-under-1\""},"13":{"type":"action","id":"13","one":"4","text":"state = \"under-1\""},"14":{"type":"action","id":"14","one":"4","text":"addToBuffer(buffer, c)\nstate = \"normal\""},"34":{"flag1":1,"id":"34","type":"question","text":"c === \"_\"","one":"35","two":"36"},"24":{"type":"action","id":"24","one":"4","text":"completeBuffer(buffer, par)\nbuffer = createBuffer(\"strong\")\naddToBuffer(buffer, c)\nstate = \"strong\""},"15":{"flag1":1,"id":"15","type":"question","text":"c === \"_\"","one":"16","two":"17"},"16":{"type":"action","id":"16","one":"4","text":"state = \"under-1\""},"35":{"type":"action","id":"35","one":"4","text":"completeBuffer(buffer, par)\nbuffer = createBuffer(\"normal\")\nstate = \"normal\""},"25":{"one":"26","id":"25","type":"case","text":"\"strong\"","two":"29"},"26":{"flag1":1,"id":"26","type":"question","text":"c === \"_\"","one":"27","two":"28"},"36":{"type":"action","id":"36","one":"4","text":"addToBuffer(buffer, \"_\")\naddToBuffer(buffer, c)\nstate = \"strong\""},"27":{"type":"action","text":"state = \"end-under-1\"","one":"4","id":"27"},"37":{"type":"action","id":"37","one":"1","text":"completeBuffer(buffer, par)\nreturn par"},"28":{"type":"action","id":"28","one":"4","text":"addToBuffer(buffer, c)\nstate = \"strong\""},"18":{"flag1":1,"id":"18","type":"question","text":"c === \"_\"","one":"19","two":"20"},"29":{"one":"30","id":"29","type":"case","text":"\"em\"","two":"33"},"1":{"type":"end","id":"1"},"9":{"type":"select","id":"9","one":"8","text":"state"},"8":{"one":"10","id":"8","type":"case","text":"\"start\"","two":"7"},"6":{"one":"18","id":"6","type":"case","text":"\"under-1\"","two":"21"},"5":{"type":"loopbegin","text":"c; line","one":"9","id":"5"},"31":{"type":"action","id":"31","one":"4","text":"completeBuffer(buffer, par)\nbuffer = createBuffer(\"normal\")\nstate = \"normal\""},"19":{"type":"action","id":"19","one":"4","text":"state = \"under-2\""},"3":{"type":"action","text":"par = document.createElement(\"p\")\nbuffer = createBuffer(\"normal\")\nstate = \"start\"","one":"5","id":"3"},"2":{"type":"branch","branchId":0,"one":"3","id":"2"},"30":{"flag1":1,"id":"30","type":"question","text":"c === \"_\"","one":"31","two":"32"},"17":{"type":"action","id":"17","one":"4","text":"addToBuffer(buffer, c)\nstate = \"normal\""},"12":{"flag1":1,"id":"12","type":"question","text":"c === \"_\"","one":"13","two":"14"},"20":{"type":"action","id":"20","one":"4","text":"completeBuffer(buffer, par)\nbuffer = createBuffer(\"em\")\naddToBuffer(buffer, c)\nstate = \"em\""}},"keywords":{"scenario":false,"async":false,"export":false,"function":true,"algoprop":false},"when_updated":1751461867.2626,"updated_by":"admin","type":"drakon","name":"parseParagraph","language":"LANG_JS"}