{"version":20180619,"tag":"914402045","params":"item","when_created":1751459603.187,"parent_id":"2b20c519","props":[],"created_by":"admin","items":{"2":{"type":"branch","branchId":0,"one":"4","id":"2"},"4":{"flag1":1,"id":"4","type":"question","two":"1","one":"5","text":"item.icon"},"1":{"type":"end","id":"1"},"5":{"type":"action","id":"5","one":"1","text":"item.icon = extensionBaseUri + \"\/images\/\"\n+ item.icon"}},"keywords":{"scenario":false,"async":false,"export":false,"function":true,"algoprop":false},"when_updated":1751459649.3058,"updated_by":"admin","type":"drakon","name":"addIconPath","language":"LANG_JS"}