{"version":20180619,"tag":"968270411","params":"container\nimage\naction\ntooltip","when_created":1751427380.5854,"parent_id":"1471a2b6","props":[],"when_updated":1751427428.7047,"items":{"2":{"type":"branch","branchId":0,"one":"3","id":"2"},"4":{"type":"action","id":"4","one":"1","text":"br = document.createElement(\"br\")\nadd(container, br)"},"1":{"type":"end","id":"1"},"3":{"type":"action","text":"button = widgets.createIconButton(\n    extensionBaseUri + \"\/images\/\" + image,\n    action,\n    tooltip\n)\nbutton.style.marginBottom = \"3px\"\nadd(container, button)","one":"4","id":"3"}},"keywords":{"scenario":false,"async":false,"export":false,"function":true,"algoprop":false},"created_by":"admin","updated_by":"admin","type":"drakon","name":"addIconButton","language":"LANG_S42"}