{"version":20180619,"tag":"453720934","params":"currentDiagram","when_created":1751460272.6648,"parent_id":"2b20c519","props":[],"language":"LANG_JS","items":{"4":{"flag1":1,"id":"4","type":"question","text":"currentMode === \"write\"","one":"5","two":"6"},"8":{"type":"action","id":"8","one":"1","text":"isolatedStorage.setItem(\n    \"current-diagram\",\n    currentDiagram\n)"},"1":{"type":"end","id":"1"},"5":{"type":"action","text":"diagram.access = \"write\"","one":"7","id":"5"},"2":{"type":"branch","branchId":0,"one":"3","id":"2"},"6":{"type":"action","text":"diagram.access = \"read\"","one":"7","id":"6"},"7":{"type":"action","text":"m.drakon.setDiagram(\n    currentDiagram,\n    diagram,\n    sender\n)","one":"8","id":"7"},"3":{"type":"action","id":"3","one":"4","text":"renderEditorWidget()\nsender = createEditSender()\ndiagramStr = isolatedStorage.getItem(\n    currentDiagram\n)\ndiagram = JSON.parse(diagramStr)"}},"keywords":{"scenario":false,"async":false,"export":false,"function":true,"algoprop":false},"type":"drakon","updated_by":"admin","when_updated":1751460356.1148,"name":"openDiagram","created_by":"admin"}