{"version":20180619,"tag":"10575786","params":"parent\nchild","when_created":1751455099.6751,"parent_id":"2b20c519","props":[],"created_by":"admin","items":{"2":{"type":"branch","branchId":0,"one":"3","id":"2"},"1":{"type":"end","id":"1"},"3":{"type":"action","id":"3","one":"1","text":"parent.appendChild(child)"}},"keywords":{"scenario":false,"async":false,"export":false,"function":true,"algoprop":false},"when_updated":1751455117.988,"updated_by":"admin","type":"drakon","name":"add","language":"LANG_S42"}