{"version":20180619,"tag":"463421002","when_created":1751460192.359,"parent_id":"2b20c519","props":[],"items":{"4":{"type":"action","text":"canvas = m.drakon.render(\n    rect.width,\n    rect.height,\n    config\n)","one":"5","id":"4"},"1":{"type":"end","id":"1"},"5":{"type":"action","id":"5","one":"1","text":"add(editorArea, canvas)"},"2":{"type":"branch","branchId":0,"one":"3","id":"2"},"3":{"type":"action","text":"editorArea = get(\"editor-area\")\nrect = editorArea.getBoundingClientRect()\neditorArea.innerHTML = \"\"\nconfig = buildConfig()\nconfig.maxHeight = 1200","one":"4","id":"3"}},"created_by":"admin","language":"LANG_JS","type":"drakon","updated_by":"admin","name":"renderEditorWidget","when_updated":1751460234.1213}