{"version":20180619,"tag":"107600379","params":"type","when_created":1751461006.0007,"parent_id":"2b20c519","props":[],"created_by":"admin","items":{"2":{"type":"branch","branchId":0,"one":"3","id":"2"},"1":{"type":"end","id":"1"},"3":{"type":"action","id":"3","one":"1","text":"return {\n    text: \"\",\n    type: type\n}"}},"keywords":{"scenario":false,"async":false,"export":false,"function":true,"algoprop":false},"when_updated":1751461019.4899,"updated_by":"admin","type":"drakon","name":"createBuffer","language":"LANG_JS"}