{"version":20180619,"tag":"315734869","params":"modes","when_created":1751427000.3532,"parent_id":"2b20c519","props":[],"created_by":"admin","items":{"2":{"type":"branch","branchId":0,"one":"3","id":"2"},"1":{"type":"end","id":"1"},"3":{"type":"action","id":"3","one":"1","text":"modes.innerHTML = \"\"\naddOption(modes, \"write\", \"Read\/write\")\naddOption(modes, \"read\", \"Read-only\")\naddOption(\n    modes,\n    \"no-select\",\n    \"Read-only, no select\"\n)\nmodes.value = currentMode"}},"keywords":{"scenario":false,"async":false,"export":false,"function":true,"algoprop":false},"when_updated":1751427013.5975,"updated_by":"admin","type":"drakon","name":"fillModes","language":"LANG_S42"}