{"version":20180619,"tag":"475678170","params":"combo","when_created":1751426766.9482,"parent_id":"2b20c519","props":[],"created_by":"admin","items":{"4":{"type":"action","text":"themes = getThemes()","one":"6","id":"4"},"8":{"type":"action","id":"8","one":"5","text":"addOption(combo, themeId, theme.name)"},"1":{"type":"end","id":"1"},"5":{"type":"loopend","id":"5","one":"9","text":""},"9":{"type":"action","id":"9","one":"1","text":"combo.value = localStorage.getItem(\n    \"current-theme\"\n)"},"6":{"type":"loopbegin","id":"6","one":"7","text":"themeId; themes"},"3":{"type":"action","text":"combo.innerHTML = \"\"","one":"4","id":"3"},"7":{"type":"action","text":"theme = JSON.parse(\n    localStorage.getItem(themeId)\n)","one":"8","id":"7"},"2":{"type":"branch","branchId":0,"one":"3","id":"2"}},"keywords":{"scenario":false,"async":false,"export":false,"function":true,"algoprop":false},"when_updated":1751458955.2851,"updated_by":"admin","type":"drakon","name":"fillThemes","language":"LANG_S42"}