{"version":20180619,"tag":"182018334","params":"evt","when_created":1751425368.5401,"parent_id":"2b20c519","props":[],"created_by":"admin","items":{"4":{"type":"action","text":"diagram = JSON.parse(\n    isolatedStorage.getItem(current)\n)","one":"5","id":"4"},"8":{"flag1":1,"id":"8","type":"question","two":"1","one":"9","text":"newContent === undefined"},"1":{"type":"end","id":"1"},"5":{"type":"action","text":"delete diagram.id","one":"6","id":"5"},"9":{"type":"action","id":"9","one":"10","text":"try {\n    newDiagram = JSON.parse(newContent)\n    errTry = false\n} catch (ex) {\n    errTry = true\n    widgets.showErrorSnack(\n        \"Error in JSON: \" + ex.message\n    )\n}"},"15":{"type":"action","text":"openDiagram(current)","one":"16","id":"15"},"16":{"type":"action","id":"16","one":"1","text":"closeMenu()"},"6":{"type":"action","text":"beautiful = JSON.stringify(\n    diagram,\n    null,\n    4\n)","one":"7","id":"6"},"11":{"flag1":1,"id":"11","type":"question","text":"newDiagram.name","one":"13","two":"12"},"12":{"type":"action","id":"12","one":"1","text":"widgets.showErrorSnack(\n    \"Error in diagram structure\"\n)"},"3":{"type":"action","text":"current = isolatedStorage.getItem(\n    \"current-diagram\"\n)","one":"4","id":"3"},"7":{"type":"action","text":"newContent = await widgets.largeBox(\n    evt.clientX,\n    evt.clientY,\n    \"Diagram source\",\n    beautiful,\n    undefined\n)","one":"8","id":"7"},"2":{"type":"branch","branchId":0,"one":"3","id":"2"},"10":{"flag1":0,"id":"10","type":"question","text":"errTry","one":"11","two":"1"},"13":{"flag1":1,"id":"13","type":"question","text":"newDiagram.items","one":"14","two":"12"},"14":{"type":"action","text":"isolatedStorage.setItem(\n    current,\n    newContent\n)","one":"15","id":"14"}},"keywords":{"scenario":false,"async":true,"export":false,"function":true,"algoprop":false},"language":"LANG_S42","type":"drakon","updated_by":"admin","name":"setDiagramJson","when_updated":1751425814.6762}