{"version":20180619,"tag":"514975024","when_created":1751426243.1393,"parent_id":"2b20c519","props":[],"items":{"4":{"type":"action","text":"themes = get(\"themes-combobox\")","one":"5","id":"4"},"1":{"type":"end","id":"1"},"5":{"type":"action","text":"modes = get(\"modes-combobox\")","one":"6","id":"5"},"2":{"type":"branch","branchId":0,"one":"3","id":"2"},"6":{"type":"action","id":"6","one":"1","text":"fillModes(modes)\nfillThemes(themes)\nmenu.style.display = \"inline-block\""},"3":{"type":"action","text":"menu = get(\"menu\")","one":"4","id":"3"}},"language":"LANG_S42","when_updated":1751426279.1153,"type":"drakon","updated_by":"admin","name":"showMenu","created_by":"admin"}