{"version":20180619,"tag":"444891374","params":"type","when_created":1751455270.7997,"parent_id":"2b20c519","props":[],"created_by":"admin","items":{"2":{"type":"branch","branchId":0,"one":"3","id":"2"},"1":{"type":"end","id":"1"},"3":{"type":"action","id":"3","one":"1","text":"m.drakon.showInsertionSockets(type)"}},"keywords":{"scenario":false,"async":false,"export":false,"function":true,"algoprop":false},"when_updated":1751455283.4202,"updated_by":"admin","type":"drakon","name":"insertIcon","language":"LANG_S42"}