{"version":20180619,"tag":"355132117","params":"zoom","when_created":1751426460.8018,"parent_id":"2b20c519","props":[],"when_updated":1751426484.9801,"items":{"2":{"type":"branch","branchId":0,"one":"3","id":"2"},"4":{"type":"action","id":"4","one":"1","text":"m.drakon.setZoom(zoomValue)\ncloseMenu()"},"1":{"type":"end","id":"1"},"3":{"type":"action","text":"zoomValue = parseInt(zoom)","one":"4","id":"3"}},"keywords":{"scenario":false,"async":false,"export":false,"function":true,"algoprop":false},"created_by":"admin","updated_by":"admin","type":"drakon","name":"setZoom","language":"LANG_S42"}