{"version":20180619,"tag":"627584542","params":"container\nimage\ntype\ntooltip\nshortcut","when_created":1751427247.3267,"parent_id":"1471a2b6","props":[],"language":"LANG_S42","items":{"4":{"type":"action","text":"addIconButton(\n    container,\n    image,\n    action,\n    tooltip\n)","one":"5","id":"4"},"1":{"type":"end","id":"1"},"5":{"flag1":1,"id":"5","type":"question","two":"1","one":"6","text":"shortcut"},"2":{"type":"branch","branchId":0,"one":"3","id":"2"},"6":{"type":"action","id":"6","one":"1","text":"Mousetrap.bind(\n    shortcut.toLowerCase(),\n    action,\n    \"keydown\"\n)"},"3":{"type":"action","text":"action = function () {\n    insertIcon(type)\n}","one":"4","id":"3"}},"keywords":{"scenario":false,"async":false,"export":false,"function":true,"algoprop":false},"type":"drakon","updated_by":"admin","when_updated":1751427338.7783,"name":"addInsertButton","created_by":"admin"}