{"version":20180619,"tag":"454769160","params":"event","when_created":1751266618.499,"parent_id":"87e2ea3c","props":[],"created_by":"admin","items":{"10":{"one":"23","id":"10","type":"case","two":"11","text":"'restoreState'"},"21":{"type":"action","id":"21","one":"1","text":"updateFilename(event.data.filename)"},"22":{"type":"action","text":"checkClipboard()","one":"1","id":"22"},"32":{"type":"action","id":"32","one":"1","text":"console.log(\n    'revertFilename. Diagram: ',\n    JSON.stringify(diagram, null, 2)\n)"},"11":{"one":"24","id":"11","type":"case","two":"12","text":"'deleteState'"},"23":{"type":"action","id":"23","one":"1","text":"restoreStateDrakon()"},"7":{"one":"21","id":"7","type":"case","two":"6","text":"'updateFilename'"},"33":{"type":"action","text":"document.body.classList.remove(\n    'vscode-light',\n    'vscode-dark',\n    'drakon-light',\n    'drakon-dark'\n)","one":"34","id":"33"},"13":{"one":"33","id":"13","type":"case","text":"'applyTheme'","two":null},"14":{"type":"action","text":"diagram = event.data.diagram","one":"15","id":"14"},"34":{"type":"action","text":"document.body.classList.add(\n    event.data.themeClass\n)","one":"35","id":"34"},"24":{"type":"action","id":"24","one":"1","text":"deleteStateDrakon()"},"6":{"one":"22","id":"6","type":"case","text":"'checkClipboard'","two":"10"},"16":{"type":"action","text":"isolatedStorage.setItem(\n    'current-diagram',\n    diagram.id\n)","one":"17","id":"16"},"35":{"flag1":1,"id":"35","type":"question","two":"1","one":"36","text":"window.DrakonWidget"},"25":{"type":"action","text":"currentDiagram = isolatedStorage.getItem(\n    \"current-diagram\"\n)","one":"26","id":"25"},"26":{"type":"action","text":"diagramStr = isolatedStorage.getItem(\n    currentDiagram\n)","one":"27","id":"26"},"36":{"flag1":1,"id":"36","type":"question","two":"1","one":"37","text":"window.DrakonWidget.setTheme"},"27":{"type":"action","text":"diagram = JSON.parse(diagramStr)","one":"28","id":"27"},"37":{"type":"action","id":"37","one":"1","text":"window.DrakonWidget.setTheme(\n    event.data.themeClass.includes(\n        'dark'\n    ) ? 'dark': 'light'\n)"},"28":{"type":"action","text":"diagram.name = event.data.filename","one":"29","id":"28"},"18":{"type":"action","id":"18","one":"19","text":"openDiagram(diagram.id)"},"29":{"type":"action","text":"isolatedStorage.setItem(\n    currentDiagram,\n    JSON.stringify(diagram)\n)","one":"30","id":"29"},"1":{"type":"end","id":"1"},"9":{"type":"select","id":"9","one":"8","text":"event.data.command"},"8":{"one":"14","id":"8","type":"case","text":"'loadDiagram'","two":"7"},"5":{"flag1":1,"id":"5","type":"question","text":"event.data","one":"9","two":"1"},"19":{"type":"action","text":"console.log(\n    'loadDiagram. Diagram: ',\n    JSON.stringify(diagram, null, 2)\n)","one":"1","id":"19"},"2":{"type":"branch","branchId":0,"one":"5","id":"2"},"17":{"flag1":1,"id":"17","type":"question","text":"m.drakon","one":"18","two":"20"},"12":{"one":"25","id":"12","type":"case","two":"13","text":"'revertFilename'"},"30":{"flag1":1,"id":"30","type":"question","two":"1","one":"31","text":"m.drakon"},"15":{"type":"action","id":"15","one":"16","text":"isolatedStorage.setItem(\n    diagram.id,\n    JSON.stringify(diagram)\n)"},"31":{"type":"action","text":"m.drakon.setDiagram(\n    currentDiagram,\n    diagram,\n    createEditSender()\n)","one":"32","id":"31"},"20":{"type":"action","id":"20","one":"1","text":"console.error(\n    \"Drakon widget not initialized!\"\n)"}},"keywords":{"scenario":false,"async":false,"export":false,"function":true,"algoprop":false},"when_updated":1751291446.2571,"updated_by":"admin","type":"drakon","name":"eventListener","language":"LANG_JS"}