{"version":20180619,"tag":"118167949","params":"element\ntext","when_created":1751455193.165,"parent_id":"2b20c519","props":[],"created_by":"admin","items":{"2":{"type":"branch","branchId":0,"one":"3","id":"2"},"1":{"type":"end","id":"1"},"3":{"type":"action","id":"3","one":"1","text":"newNode = document.createTextNode(text);\nadd(element, newNode)"}},"keywords":{"scenario":false,"async":false,"export":false,"function":true,"algoprop":false},"when_updated":1751455213.3634,"updated_by":"admin","type":"drakon","name":"addText","language":"LANG_S42"}