{"version":20180619,"tag":"640325526","when_created":1751426701.9797,"parent_id":"2b20c519","props":[],"items":{"4":{"flag1":1,"id":"4","type":"question","text":"str","one":"5","two":"6"},"1":{"type":"end","id":"1"},"5":{"type":"action","id":"5","one":"1","text":"return JSON.parse(str)"},"2":{"type":"branch","branchId":0,"one":"3","id":"2"},"6":{"type":"action","id":"6","one":"1","text":"return undefined"},"3":{"type":"action","text":"str = localStorage.getItem(\"themes\")","one":"4","id":"3"}},"language":"LANG_S42","when_updated":1751426740.8249,"type":"drakon","updated_by":"admin","name":"getThemes","created_by":"admin"}