{"version":20180619,"tag":"685838228","when_created":1751456147.0192,"parent_id":"2b20c519","props":[],"items":{"4":{"type":"action","text":"output = {diagrams: []}","one":"6","id":"4"},"8":{"type":"action","text":"diagram = JSON.parse(diagramStr)","one":"9","id":"8"},"10":{"type":"action","id":"10","one":"1","text":"output.currentDiagram = isolatedStorage.getItem(\n    \"current-diagram\"\n)\nreturn output"},"5":{"type":"loopend","id":"5","one":"10","text":""},"9":{"type":"action","id":"9","one":"5","text":"output.diagrams.push(\n    {id: id, name: diagram.name}\n)"},"6":{"type":"loopbegin","text":"id; list","one":"7","id":"6"},"3":{"type":"action","text":"list = getDiagramList()","one":"4","id":"3"},"7":{"type":"action","text":"diagramStr = isolatedStorage.getItem(id)","one":"8","id":"7"},"2":{"type":"branch","branchId":0,"one":"3","id":"2"},"1":{"type":"end","id":"1"}},"language":"LANG_S42","when_updated":1751456222.5944,"type":"drakon","updated_by":"admin","name":"getDiagramObjects","created_by":"admin"}