{"version":20180619,"tag":"625892472","params":"text","when_created":1751459398.6275,"parent_id":"2b20c519","props":[],"when_updated":1751459444.5501,"items":{"4":{"flag1":1,"id":"4","type":"question","text":"!text.trim()","one":"5","two":"6"},"1":{"type":"end","id":"1"},"5":{"type":"action","id":"5","one":"1","text":"return \"Name cannot be empty\""},"2":{"type":"branch","branchId":0,"one":"3","id":"2"},"6":{"type":"action","id":"6","one":"1","text":"return undefined"},"3":{"type":"action","text":"text = text || \"\"","one":"4","id":"3"}},"keywords":{"scenario":false,"async":false,"export":false,"function":true,"algoprop":false},"created_by":"admin","updated_by":"admin","type":"drakon","name":"nameNotEmpty","language":"LANG_JS"}