{"version":20180619,"tag":"576761312","params":"ign\nevt","when_created":1751426337.6654,"parent_id":"2b20c519","props":[],"when_updated":1751426386.0415,"items":{"4":{"type":"action","text":"addZooomLevel(items, \"2500\", \"25%\")\naddZooomLevel(items, \"5000\", \"50%\")\naddZooomLevel(items, \"6667\", \"66.667%\")\nitems.push({type: \"separator\"})\naddZooomLevel(items, \"10000\", \"100%\")\nitems.push({type: \"separator\"})\naddZooomLevel(items, \"11000\", \"110%\")\naddZooomLevel(items, \"12000\", \"120%\")\naddZooomLevel(items, \"15000\", \"150%\")\naddZooomLevel(items, \"20000\", \"200%\")\naddZooomLevel(items, \"40000\", \"400%\")","one":"5","id":"4"},"1":{"type":"end","id":"1"},"5":{"type":"action","id":"5","one":"1","text":"widgets.showContextMenu(\n    evt.clientX,\n    evt.clientY,\n    items\n)"},"2":{"type":"branch","branchId":0,"one":"3","id":"2"},"3":{"type":"action","text":"items = []","one":"4","id":"3"}},"keywords":{"scenario":false,"async":false,"export":false,"function":true,"algoprop":false},"updated_by":"admin","type":"drakon","language":"LANG_S42","name":"showZoom","created_by":"admin"}