{"version":20180619,"tag":"223909120","params":"prop","when_created":1751426581.7358,"parent_id":"2b20c519","props":[],"language":"LANG_S42","items":{"2":{"type":"branch","branchId":0,"one":"3","id":"2"},"1":{"type":"end","id":"1"},"3":{"type":"action","text":"return function (leftObj, rightObj) {\n    left = leftObj[prop]\n    right = rightObj[prop]\n    if (left < right) {\n        return -1\n    } else if (left > right) {\n        return 1\n    }\n    return 0\n}","one":"1","id":"3"}},"keywords":{"scenario":false,"async":false,"export":false,"function":true,"algoprop":false},"type":"drakon","updated_by":"admin","created_by":"admin","name":"by","when_updated":1751426614.5383}