{"version":20180619,"tag":"595120611","when_created":1751263869.9045,"parent_id":"a4afdc36","props":[],"items":{"4":{"type":"action","text":"isolatedStorage.setItem(\n    \"drakon-state\",\n    JSON.stringify(state)\n)","one":"5","id":"4"},"1":{"type":"end","id":"1"},"5":{"type":"action","id":"5","one":"1","text":"console.log(\n    'saveStateDrakon:',\n    JSON.stringify(state)\n)"},"2":{"type":"branch","branchId":0,"one":"6","id":"2"},"6":{"type":"action","id":"6","one":"4","text":"state = {\n    undo: m.drakon.edit.undo,\n    redo: m.drakon.edit.redo,\n    currentUndo: m.drakon.edit.currentUndo\n}"}},"created_by":"admin","language":"LANG_JS","type":"drakon","updated_by":"admin","name":"saveStateDrakon","when_updated":1751506237.8323}