{"version":20180619,"tag":"574723408","params":"x\ny\nitems\noptions","when_created":1751459563.8504,"parent_id":"2b20c519","props":[],"created_by":"admin","items":{"2":{"type":"branch","branchId":0,"one":"3","id":"2"},"1":{"type":"end","id":"1"},"3":{"type":"action","id":"3","one":"1","text":"items.forEach(addIconPath)\nwidgets.showContextMenu(\n    x,\n    y,\n    items,\n    options\n)"}},"keywords":{"scenario":false,"async":false,"export":false,"function":true,"algoprop":false},"when_updated":1751459594.1718,"updated_by":"admin","type":"drakon","name":"showContextMenu","language":"LANG_JS"}