{"version":20180619,"tag":"83928842","when_created":1751459476.9486,"parent_id":"2b20c519","props":[],"items":{"4":{"type":"action","id":"4","one":"5","text":"config.startEditContent = startEditContent\nconfig.startEditSecondary = startEditSecondary\nconfig.startEditLink = startEditLink\nconfig.startEditStyle = startEditStyle\nconfig.startEditDiagramStyle = startEditDiagramStyle\nconfig.showContextMenu = showContextMenu\nconfig.onItemClick = onItemClick\nconfig.buildIconCore = buildIconCore\nconfig.getCursorForItem = getCursorForItem\nconfig.translate = tr\nconfig.drawZones = false\nconfig.canSelect = canSelect\nconfig.canvasIcons = false\nconfig.centerContent = false\nconfig.textFormat = \"plain\""},"1":{"type":"end","id":"1"},"5":{"type":"action","id":"5","one":"1","text":"return config"},"2":{"type":"branch","branchId":0,"one":"3","id":"2"},"3":{"type":"action","text":"canSelect = (currentMode !== \"no-select\");\ncurrentTheme = localStorage.getItem(\n    \"current-theme\"\n)\nconfig = JSON.parse(\n    localStorage.getItem(currentTheme)\n)","one":"4","id":"3"}},"when_updated":1751470854.9398,"created_by":"admin","updated_by":"admin","type":"drakon","name":"buildConfig","language":"LANG_JS"}