{"version":20180619,"tag":"844367550","params":"evt","when_created":1751294610.5373,"parent_id":"ea708578","props":[],"created_by":"admin","items":{"2":{"type":"branch","branchId":0,"one":"3","id":"2"},"4":{"type":"action","text":"m.drakon.arrowRight()","one":"1","id":"4"},"1":{"type":"end","id":"1"},"3":{"type":"action","text":"evt.preventDefault()","one":"4","id":"3"}},"keywords":{"scenario":false,"async":false,"export":false,"function":true,"algoprop":false},"when_updated":1751506220.3581,"type":"drakon","updated_by":"admin","name":"arrowRight","language":"LANG_S42"}