{"version":20180619,"tag":"940958528","when_created":1751292155.611,"parent_id":"a4afdc36","props":[],"items":{"4":{"type":"action","text":"console.log(\n    'restoreState.drakon:',\n    saved\n)","one":"5","id":"4"},"8":{"flag1":1,"id":"8","type":"question","two":"1","one":"17","text":"m.drakon.edit"},"3":{"type":"action","id":"3","one":"4","text":"saved = isolatedStorage.getItem(\n    \"m.drakon-state\"\n)"},"17":{"type":"action","text":"try {\n    savedState = JSON.parse(saved);\n    m.drakon.edit.undo = savedState.undo;\n    m.drakon.edit.redo = savedState.redo;\n    m.drakon.edit.currentUndo = savedState.currentUndo;\n    console.log(\n        'State restored successfully'\n    );\n} catch (error) {\n    console.error(\n        'Failed to restore state:',\n        error\n    );\n}","one":"1","id":"17"},"2":{"type":"branch","branchId":0,"one":"3","id":"2"},"7":{"flag1":1,"id":"7","type":"question","two":"1","one":"8","text":"m.drakon"},"5":{"flag1":1,"id":"5","type":"question","text":"saved","one":"7","two":"1"},"1":{"type":"end","id":"1"}},"created_by":"admin","language":"LANG_S42","updated_by":"admin","type":"drakon","name":"restoreStateDrakon","when_updated":1751506207.4398}