{"version":20180619,"tag":"853780389","when_created":1751455326.1851,"parent_id":"2b20c519","props":[],"items":{"4":{"flag1":1,"id":"4","type":"question","two":"5","one":"1","text":"list"},"1":{"type":"end","id":"1"},"5":{"type":"action","id":"5","one":"1","text":"saveThemesInStorage()"},"2":{"type":"branch","branchId":0,"one":"3","id":"2"},"3":{"type":"action","text":"list = getThemes()","one":"4","id":"3"}},"created_by":"admin","language":"LANG_S42","type":"drakon","updated_by":"admin","name":"loadThemes","when_updated":1751455350.1111}