{"version":20180619,"tag":"585876791","params":"evt","when_created":1751424761.8787,"parent_id":"2b20c519","props":[],"language":"LANG_S42","items":{"4":{"type":"action","text":"theme = JSON.parse(\n    localStorage.getItem(current)\n)","one":"5","id":"4"},"8":{"type":"action","id":"8","one":"9","text":"try {\n    newDiagram = JSON.parse(newContent)\n    errTry = false\n} catch (ex) {\n    errTry = true\n    widgets.showErrorSnack(\n        \"Error in JSON: \" + ex.message\n    )\n}"},"1":{"type":"end","id":"1"},"5":{"type":"action","text":"beautiful = JSON.stringify(\n    theme,\n    null,\n    4\n)","one":"6","id":"5"},"9":{"flag1":0,"id":"9","type":"question","two":"1","one":"11","text":"errTry"},"15":{"type":"action","text":"reloadCurrent()","one":"16","id":"15"},"16":{"type":"action","id":"16","one":"1","text":"closeMenu()"},"11":{"flag1":1,"id":"11","type":"question","two":"12","one":"13","text":"newDiagram.name"},"12":{"type":"action","id":"12","one":"1","text":"widgets.showErrorSnack(\n    \"Error in theme structure\"\n)"},"3":{"type":"action","text":"current = localStorage.getItem(\n    \"current-theme\"\n)","one":"4","id":"3"},"7":{"flag1":0,"id":"7","type":"question","text":"newContent === undefined","one":"8","two":"1"},"2":{"type":"branch","branchId":0,"one":"3","id":"2"},"6":{"type":"action","text":"newContent = await widgets.largeBox(\n    evt.clientX,\n    evt.clientY,\n    \"Theme\",\n    beautiful,\n    undefined\n)","one":"7","id":"6"},"13":{"flag1":1,"id":"13","type":"question","text":"newDiagram.id","one":"14","two":"12"},"14":{"type":"action","text":"isolatedStorage.setItem(\n    current,\n    newContent\n)","one":"15","id":"14"}},"keywords":{"scenario":false,"async":true,"export":false,"function":true,"algoprop":false},"created_by":"admin","type":"drakon","updated_by":"admin","name":"setThemeJson","when_updated":1751425612.932}