{"version":20180619,"tag":"671034197","params":"core\nname","when_created":1751460492.7321,"parent_id":"2b20c519","props":[],"language":"LANG_JS","items":{"4":{"flag1":1,"id":"4","type":"question","text":"core.style","one":"5","two":"7"},"8":{"flag1":1,"id":"8","type":"question","text":"theme.icons","one":"9","two":"12"},"1":{"type":"end","id":"1"},"5":{"flag1":1,"id":"5","type":"question","text":"core.style[name]","one":"6","two":"7"},"9":{"flag1":1,"id":"9","type":"question","text":"theme.icons.action","one":"10","two":"12"},"6":{"type":"action","text":"return core.style[name]","one":"1","id":"6"},"11":{"type":"action","text":"return theme.icons.action[name]","one":"1","id":"11"},"12":{"type":"action","id":"12","one":"1","text":"return theme[name]"},"7":{"type":"action","text":"theme = core.config.theme","one":"8","id":"7"},"2":{"type":"branch","branchId":0,"one":"4","id":"2"},"10":{"flag1":1,"id":"10","type":"question","text":"theme.icons.action[name]","one":"11","two":"12"}},"keywords":{"scenario":false,"async":false,"export":false,"function":true,"algoprop":false},"type":"drakon","updated_by":"admin","when_updated":1751460628.2498,"name":"getThemeValue","created_by":"admin"}