{"version":20180619,"tag":"20440236","params":"list","when_created":1751455560.8639,"parent_id":"2b20c519","props":[],"created_by":"admin","items":{"4":{"flag1":0,"id":"4","type":"question","two":"6","one":"7","text":"list.indexOf(id) != -1"},"1":{"type":"end","id":"1"},"7":{"type":"action","id":"7","one":"1","text":"return id"},"2":{"type":"branch","branchId":0,"one":"6","id":"2"},"6":{"type":"arrow-loop","one":"3","id":"6"},"3":{"type":"action","text":"id = \"diagram-\" + Math.floor(\n    Math.random() * 1000 + 100\n)","one":"4","id":"3"}},"keywords":{"scenario":false,"async":false,"export":false,"function":true,"algoprop":false},"when_updated":1751455749.8388,"updated_by":"admin","type":"drakon","name":"generateId","language":"LANG_S42"}