{"version":20180619,"tag":"487274883","params":"prim\npos","when_created":1751457226.878,"parent_id":"2b20c519","props":[],"when_updated":1751457552.7569,"items":{"4":{"flag1":1,"id":"4","type":"question","text":"pos.x > left","one":"5","two":"9"},"8":{"type":"action","id":"8","one":"1","text":"return true"},"1":{"type":"end","id":"1"},"5":{"flag1":1,"id":"5","type":"question","text":"pos.x < right","one":"6","two":"9"},"9":{"type":"action","id":"9","one":"1","text":"return false"},"6":{"flag1":1,"id":"6","type":"question","text":"pos.y > top","one":"7","two":"9"},"3":{"type":"action","id":"3","one":"4","text":"padding = 10\nleft = prim.diagramLeft\ntop = prim.diagramTop\nright = prim.diagramLeft + iconSize + padding\n* 2\nbottom = prim.diagramTop + prim.diagramHeight"},"7":{"flag1":1,"id":"7","type":"question","text":"pos.y < bottom","one":"8","two":"9"},"2":{"type":"branch","branchId":0,"one":"3","id":"2"}},"keywords":{"scenario":false,"async":false,"export":false,"function":true,"algoprop":false},"created_by":"admin","updated_by":"admin","type":"drakon","name":"onActionHotspot","language":"LANG_S42"}