{"version":20180619,"tag":"319952710","params":"widget\nnode","when_created":1665133543.0814,"parent_id":"e674bf58","props":[],"created_by":"stipan","items":{"4":{"one":"5","id":"4","type":"action","two":"","text":"copy = copyItem(\n    widget,\n    node.itemId,\n    images\n)"},"12":{"one":"1","id":"12","type":"action","two":"","text":"return copyItemsToClipboard(\n    widget,\n    node.itemId,\n    [copy],\n    images,\n    \"case\"\n)"},"1":{"type":"end","id":"1"},"5":{"one":"12","id":"5","type":"action","text":"copy.one = \"finish\"\ncopy.two = undefined","two":""},"2":{"type":"branch","branchId":0,"one":"10","id":"2"},"10":{"type":"action","id":"10","one":"4","text":"images = {}"}},"type":"drakon","keywords":{"scenario":false,"async":false,"export":false,"function":true,"algoprop":false},"updated_by":"stipan","language":"LANG_S42","name":"copyCase","when_updated":1676012868.941}