{"version":20180619,"tag":"886825118","params":"element","when_created":1671559932.3321,"parent_id":"f298c153","props":[],"language":"LANG_S42","items":{"2":{"type":"branch","branchId":0,"one":"4","id":"2"},"1":{"type":"end","id":"1"},"4":{"one":"1","id":"4","type":"action","two":"","text":"element.box = createBox(\n    element.left,\n    element.top,\n    element.width,\n    element.height\n)"}},"keywords":{"scenario":false,"async":false,"export":false,"function":true,"algoprop":false},"type":"drakon","updated_by":"stipan","created_by":"stipan","name":"calculateRectBox","when_updated":1671559939.2295}