{"version":20180619,"tag":"80672588","params":"widget\nid\nbox\ny","when_created":1671367891.8706,"parent_id":"33dd7b8d","props":[],"when_updated":1671584155.2886,"items":{"4":{"type":"loopend","id":"4","one":"16","text":""},"21":{"flag1":1,"id":"21","type":"question","text":"canGuide(widget, element)","one":"22","two":"4"},"22":{"type":"action","text":"ebox = getGuideBox(element)","one":"11","id":"22"},"11":{"flag1":1,"id":"11","type":"question","text":"ebox.top === y","one":"13","two":"12"},"12":{"flag1":1,"id":"12","type":"question","two":"4","one":"13","text":"ebox.bottom === y"},"7":{"type":"action","id":"7","one":"5","text":"left = box.left\nright = box.right\nfound = false"},"18":{"type":"action","id":"18","one":"20","text":"guide = {\n    x1: left,\n    y1: y,\n    x2: right,\n    y2: y\n}"},"13":{"type":"action","text":"left = Math.min(left, ebox.left)\nright = Math.max(right, ebox.right)","one":"17","id":"13"},"1":{"type":"end","id":"1"},"6":{"flag1":0,"id":"6","type":"question","two":"4","one":"21","text":"element.id === id"},"16":{"branchId":2,"one":"19","id":"16","type":"branch","text":"Create guide"},"5":{"type":"loopbegin","text":"element; widget.visuals.free","one":"6","id":"5"},"17":{"type":"action","id":"17","one":"4","text":"found = true"},"2":{"branchId":1,"one":"7","id":"2","type":"branch","text":"Scan free items"},"19":{"flag1":1,"id":"19","type":"question","two":"15","one":"18","text":"found"},"15":{"branchId":3,"one":"1","id":"15","type":"branch","text":"Exit"},"20":{"type":"action","id":"20","one":"15","text":"widget.visuals.guides.push(guide)"}},"keywords":{"scenario":false,"async":false,"export":false,"function":true,"algoprop":false},"updated_by":"stipan","type":"drakon","created_by":"stipan","name":"findHorizontalGuide","language":"LANG_S42"}