{"version":20180619,"tag":"545453837","params":"widget\nbegin\nend\nrole","when_created":1672828046.9365,"parent_id":"fdabdff8","props":[],"language":"LANG_S42","items":{"4":{"one":"6","id":"4","type":"action","two":"","text":"insertFreeItem(widget, edits, item)"},"8":{"type":"action","id":"8","one":"3","text":"styleStr = JSON.stringify(style)"},"1":{"type":"end","id":"1"},"5":{"one":"4","id":"5","type":"action","text":"edits = []","two":""},"2":{"type":"branch","branchId":0,"one":"7","id":"2"},"6":{"one":"1","id":"6","type":"action","text":"return doEdit(widget, edits)","two":""},"7":{"type":"action","text":"style = {\n    headStyle: widget.userMemory.headStyle\n}","one":"8","id":"7"},"3":{"type":"action","text":"item = {\n    type: \"connection\",\n    begin: begin,\n    end: end,\n    role: role,\n    style: styleStr\n}","one":"5","id":"3"}},"keywords":{"scenario":false,"async":false,"export":false,"function":true,"algoprop":false},"type":"drakon","updated_by":"stipan","when_updated":1677670037.6265,"name":"createConnection","created_by":"stipan"}