{"version":20180619,"tag":"925709733","params":"widget\nelement\nctx","when_created":1671559690.73,"parent_id":"3df720c9","props":[],"language":"LANG_S42","items":{"2":{"branchId":0,"one":"62","id":"2","type":"branch","text":""},"1":{"type":"end","id":"1"},"62":{"type":"action","text":"drawRectCandies(widget, element, ctx)","one":"1","id":"62"}},"keywords":{"scenario":false,"async":false,"export":false,"function":true,"algoprop":false},"type":"drakon","updated_by":"stipan","created_by":"stipan","name":"drawCandies","when_updated":1671559851.4423}