{"version":20180619,"tag":"925243042","when_created":1665849039.8569,"parent_id":"e0f4b57d","props":[],"items":{"4":{"type":"action","id":"4","one":"5","text":"nodes = getNodesFromSelection(self)"},"1":{"type":"end","id":"1"},"5":{"flag1":0,"id":"5","type":"question","two":"1","one":"3","text":"nodes.length === 0"},"9":{"type":"action","id":"9","one":"10","text":"node = findClosestNode(\n    self,\n    function (n) {\n        return n.x > first.x\n    },\n    first,\n    false\n)"},"6":{"flag1":1,"id":"6","type":"question","two":"9","one":"12","text":"node"},"11":{"flag1":1,"id":"11","type":"question","text":"self.visuals.config.canSelect","one":"4","two":"1"},"12":{"type":"action","text":"self.showItem(node.id)","one":"1","id":"12"},"3":{"type":"action","id":"3","one":"13","text":"first = nodes[0]"},"2":{"type":"branch","branchId":0,"one":"14","id":"2"},"10":{"flag1":1,"id":"10","type":"question","text":"node","one":"12","two":"1"},"13":{"type":"action","id":"13","one":"6","text":"node = findNeighbour(\n    first,\n    \"right\",\n    \"tail\"\n)"},"14":{"type":"action","text":"tracing.trace(\"DrakonCanvas.arrowRight\")","one":"11","id":"14"}},"when_updated":1670314941.9138,"created_by":"stipan","type":"drakon","updated_by":"stipan","name":"arrowRight","language":"LANG_S42"}