{"version":20180619,"tag":"375834429","params":"widget\nid","when_created":1677139681.4529,"parent_id":"b0881e64","props":[],"created_by":"stipan","items":{"4":{"one":"6","id":"4","type":"action","two":"","text":"node = getNode(visuals, id)"},"8":{"one":"9","id":"8","type":"action","two":"","text":"free = getFree(visuals, id)"},"1":{"type":"end","id":"1"},"5":{"one":"4","id":"5","type":"action","text":"visuals = widget.visuals","two":""},"9":{"flag1":1,"id":"9","type":"question","text":"free","one":"10","two":"12"},"6":{"flag1":1,"id":"6","type":"question","text":"node","one":"7","two":"8"},"11":{"one":"1","id":"11","type":"action","text":"return vitem","two":""},"12":{"type":"action","text":"return undefined","one":"1","id":"12"},"7":{"one":"11","id":"7","type":"action","text":"vitem = nodeToVisualItem(widget, node)","two":""},"2":{"type":"branch","branchId":0,"one":"5","id":"2"},"10":{"one":"11","id":"10","type":"action","text":"vitem = freeToVisualItem(widget, free)","two":""}},"keywords":{"scenario":false,"async":false,"export":false,"function":true,"algoprop":false},"updated_by":"stipan","type":"drakon","language":"LANG_S42","name":"getPrimById","when_updated":1677139752.3943}