{"keywords":{"scenario":false,"async":false,"export":true,"function":true,"algoprop":false},"tag":"204857688","params":"block\nwidth","when_created":1667550184.2585,"parent_id":"99e62b4e","props":[],"when_updated":1677139511.2068,"items":{"40":{"type":"action","id":"40","one":"28","text":"diff = (right - left - line.width) \/ 2"},"10":{"type":"action","id":"10","one":"16","text":"flowBlock.height = flowBlock.lineHeight +\ntop + options.paddingBottom"},"21":{"branchId":5,"one":"58","id":"21","type":"branch","text":"Right"},"41":{"type":"action","text":"size = 24","one":"42","id":"41"},"22":{"branchId":6,"one":"27","id":"22","type":"branch","text":"Center"},"11":{"type":"action","id":"11","one":"3","text":"options = block.options"},"23":{"type":"loopend","text":"","one":"7","id":"23"},"7":{"branchId":7,"one":"49","id":"7","type":"branch","text":"Exit"},"42":{"flag1":0,"id":"42","type":"question","text":"block.options.link","one":"9","two":"43"},"52":{"type":"action","id":"52","one":"55","text":"extraPadding = getExtraPadding(\n    options,\n    width,\n    lineWidth\n)"},"13":{"type":"loopend","id":"13","one":"15","text":""},"14":{"type":"action","text":"top = flowLine(\n    line,\n    left,\n    top,\n    rightWMargin,\n    flowBlock\n)","one":"13","id":"14"},"34":{"one":"50","id":"34","type":"loopbegin","text":"line; flowBlock.lines","two":""},"45":{"type":"action","id":"45","one":"33","text":"lineWidth = Math.max(\n    lineWidth,\n    line.width\n)"},"24":{"type":"loopbegin","text":"line; flowBlock.lines","one":"25","id":"24"},"15":{"type":"action","text":"flowBlock.height = top + options.paddingBottom","one":"16","id":"15"},"16":{"branchId":3,"one":"34","id":"16","type":"branch","text":"Align"},"25":{"type":"action","text":"line.left = right - line.width - extraPadding","one":"23","id":"25"},"26":{"one":"7","id":"26","type":"loopend","text":"","two":""},"36":{"one":"45","id":"36","type":"action","two":"","text":"line.width = line.right - line.left"},"27":{"one":"40","id":"27","type":"loopbegin","two":"","text":"line; flowBlock.lines"},"58":{"type":"action","text":"extraPadding = getExtraPadding(\n    options,\n    width,\n    lineWidth\n)","one":"24","id":"58"},"37":{"type":"action","id":"37","one":"38","text":"last = line.tokens[\n    line.tokens.length - 1\n]"},"56":{"one":"54","id":"56","type":"action","text":"line.left = line.left + extraPadding","two":""},"38":{"flag1":0,"id":"38","type":"question","text":"last.type === \"space\"","one":"36","two":"39"},"9":{"flag1":0,"id":"9","type":"question","two":"10","one":"8","text":"left >= right"},"28":{"one":"26","id":"28","type":"action","two":"","text":"line.left = left + diff"},"8":{"branchId":2,"one":"59","id":"8","type":"branch","text":"Flow lines"},"48":{"type":"action","id":"48","one":"29","text":"flowBlock.width = Math.max(\n    options.minWidth,\n    actualWidth\n)"},"39":{"type":"action","id":"39","one":"36","text":"line.tokens.pop()\nline.right -= last.width"},"29":{"type":"action","id":"29","one":"1","text":"return flowBlock"},"6":{"type":"action","id":"6","one":"41","text":"top = options.paddingTop\nleft = options.paddingLeft\nright = width - options.paddingRight"},"49":{"type":"action","text":"actualWidth = lineWidth + options.paddingLeft\n+ options.paddingRight","one":"48","id":"49"},"59":{"type":"action","text":"rightWMargin = right","one":"12","id":"59"},"55":{"one":"56","id":"55","type":"loopbegin","text":"line; flowBlock.lines","two":""},"1":{"type":"end","id":"1"},"54":{"one":"7","id":"54","type":"loopend","text":"","two":""},"51":{"branchId":4,"one":"52","id":"51","type":"branch","text":"Left"},"50":{"flag1":0,"id":"50","type":"question","two":"36","one":"37","text":"line.tokens.length === 0"},"47":{"type":"action","text":"lineWidth = 0","one":"11","id":"47"},"43":{"type":"action","text":"left += size * 1.5","one":"9","id":"43"},"18":{"one":"22","id":"18","type":"case","text":"\"center\"","two":"17"},"19":{"one":"21","id":"19","type":"case","text":"\"right\"","two":"18"},"3":{"type":"action","id":"3","one":"6","text":"flowBlock = {\n    lines: [],\n    text: block.text,\n    options: options,\n    lineHeight: block.lineHeight,\n    fontSize: block.fontSize,\n    width: width\n}"},"17":{"type":"case","one":"51","id":"17"},"2":{"branchId":1,"one":"47","id":"2","type":"branch","text":"Prepare"},"12":{"type":"loopbegin","id":"12","one":"14","text":"line; block.lines"},"33":{"one":"20","id":"33","type":"loopend","text":"","two":""},"20":{"type":"select","id":"20","one":"19","text":"options.textAlign"}},"type":"drakon","version":20180619,"updated_by":"stipan","created_by":"stipan","name":"flowTextBlock","language":"LANG_S42"}