{"version":20180619,"tag":"192467975","params":"visuals\nelement\nctx","when_created":1673081442.6849,"parent_id":"f298c153","props":[],"created_by":"stipan","items":{"34":{"type":"action","id":"34","one":"1","text":"line1(ctx, right, top, left, bottom)"},"19":{"flag1":0,"id":"19","type":"question","two":"20","one":"30","text":"mustShift(visuals.config, line)"},"21":{"one":"24","id":"21","type":"action","text":"line = ctx.lineWidth || 1","two":""},"24":{"one":"31","id":"24","type":"action","text":"clearShadow(ctx)","two":""},"32":{"type":"action","id":"32","one":"28","text":"config = visuals.config"},"33":{"type":"action","id":"33","one":"34","text":"line1(ctx, left, top, right, bottom)"},"28":{"type":"action","id":"28","one":"21","text":"renderFreeIconShape(\n    ctx,\n    visuals,\n    element,\n    buildRectCoords,\n    undefined\n)"},"31":{"type":"action","id":"31","one":"29","text":"radius = config.iconRadius || 0"},"30":{"type":"action","text":"right = left + element.width - radius * 2\nbottom = top + element.height - radius *\n2","one":"33","id":"30"},"2":{"type":"branch","branchId":0,"one":"32","id":"2"},"29":{"type":"action","text":"left = element.left + radius\ntop = element.top + radius","one":"19","id":"29"},"1":{"type":"end","id":"1"},"20":{"one":"30","id":"20","type":"action","two":"","text":"left += 0.5\ntop += 0.5"}},"keywords":{"scenario":false,"async":false,"export":false,"function":true,"algoprop":false},"updated_by":"stipan","type":"drakon","when_updated":1673096640.2115,"name":"renderPlaceholder","language":"LANG_S42"}