{"version":20180619,"tag":"16751620131260","params":"action\ndelay","when_created":1675162008.7372,"parent_id":"73128943","props":[],"language":"LANG_S42","items":{"10":{"one":"12","id":"10","type":"case","two":"9","text":"onInput(msg)"},"5":{"branchId":2,"one":"7","id":"5","type":"branch","text":"Waiting"},"9":{"one":"13","id":"9","type":"case","two":null,"text":"onTimeout()"},"6":{"type":"sinput","id":"6","one":"5","text":"onInput(msg)"},"11":{"type":"select","text":"receive","one":"10","id":"11"},"12":{"type":"action","text":"clearTimeout(tobj)","one":"5","id":"12"},"7":{"type":"action","text":"tobj = setTimeout(\n    function () {\n        me.onTimeout()\n    },\n    delay\n)","one":"11","id":"7"},"2":{"branchId":1,"one":"6","id":"2","type":"branch","text":"Idle"},"13":{"type":"action","text":"action(msg)","one":"2","id":"13"}},"keywords":{"scenario":false,"async":true,"export":true,"function":true,"algoprop":false},"type":"drakon","updated_by":"stipan","created_by":"stipan","name":"debounce","when_updated":1675162013.1261}