{"version":20180619,"tag":"924633618","params":"widget\nevt","when_created":1677577614.5728,"parent_id":"ae9f4e53","props":[],"language":"LANG_S42","items":{"4":{"flag1":0,"id":"4","type":"question","text":"evt.ctrlKey","one":"7","two":"14"},"5":{"flag1":1,"id":"5","type":"question","text":"evt.shiftKey","one":"9","two":"13"},"22":{"type":"action","text":"visuals.config.onZoomChanged(zoom)","one":"1","id":"22"},"11":{"one":"4","id":"11","type":"action","two":"","text":"zoom = widget.zoomFactor\nvisuals = widget.visuals"},"12":{"one":"1","id":"12","type":"action","two":"","text":"setScrollFromMouseEvent(\n    widget,\n    visuals.scrollX,\n    y\n)"},"7":{"type":"action","text":"delta = evt.deltaY \/ 2","one":"5","id":"7"},"18":{"type":"action","text":"zoom = findValueAbove(\n    levels,\n    widget.zoom\n)","one":"19","id":"18"},"13":{"one":"12","id":"13","type":"action","text":"y = visuals.scrollY + delta \/ zoom","two":""},"14":{"type":"action","id":"14","one":"15","text":"levels = [\n    3300,\n    5000,\n    6700,\n    7500,\n    9000,\n    10000,\n    11000,\n    12000,\n    15000,\n    20000,\n    25000,\n    30000\n]"},"8":{"one":"1","id":"8","type":"action","text":"setScrollFromMouseEvent(\n    widget,\n    x,\n    visuals.scrollY\n)","two":""},"1":{"type":"end","id":"1"},"9":{"one":"8","id":"9","type":"action","text":"x = visuals.scrollX + delta \/ zoom","two":""},"15":{"type":"action","text":"delta = evt.deltaY","one":"16","id":"15"},"16":{"flag1":1,"id":"16","type":"question","text":"delta > 0","one":"17","two":"18"},"17":{"type":"action","id":"17","one":"19","text":"zoom = findValueBelow(\n    levels,\n    widget.zoom\n)"},"2":{"type":"branch","branchId":0,"one":"20","id":"2"},"19":{"type":"action","id":"19","one":"22","text":"widget.setZoom(zoom)"},"20":{"type":"action","id":"20","one":"11","text":"evt.preventDefault()"}},"keywords":{"scenario":false,"async":false,"export":false,"function":true,"algoprop":false},"type":"drakon","updated_by":"stipan","created_by":"stipan","name":"onMouseWheel","when_updated":1677586309.9709}