{"version":20180619,"tag":"211481233","params":"ctx\nx\ny\nw\nh","when_created":1673158878.943,"parent_id":"a95f8752","props":[],"when_updated":1673158964.2254,"items":{"2":{"type":"branch","branchId":0,"one":"3","id":"2"},"1":{"type":"end","id":"1"},"3":{"type":"action","text":"padding = h * 0.3\nx0 = x - w \/ 3\nx1 = x + w \/ 3\ny0 = y - h + padding\ny1 = y + h - padding\nline2(ctx, x1, y0, x0, y, x1, y1)","one":"1","id":"3"}},"keywords":{"scenario":false,"async":false,"export":false,"function":true,"algoprop":false},"type":"drakon","updated_by":"stipan","language":"LANG_S42","name":"leftAngle","created_by":"stipan"}