{"keywords":{"scenario":false,"async":false,"export":false,"function":true,"algoprop":false},"tag":"568960841","params":"widget","when_created":1690566295.2108,"parent_id":"c7c5feee","props":[],"language":"LANG_S42","items":{"4":{"one":"1","id":"4","type":"action","two":"","text":"return last.zIndex + 1"},"8":{"one":"1","id":"8","type":"action","text":"return 0","two":""},"1":{"type":"end","id":"1"},"5":{"one":"4","id":"5","type":"action","text":"last = free[free.length - 1]","two":""},"2":{"type":"branch","branchId":0,"one":"6","id":"2"},"6":{"one":"7","id":"6","type":"action","text":"free = widget.visuals.free","two":""},"7":{"flag1":0,"id":"7","type":"question","two":"8","one":"5","text":"free.length === 0"}},"updated_by":"stipan","version":20180619,"type":"drakon","when_updated":1690566327.8184,"name":"getNextZIndex","created_by":"stipan"}