{"version":20180619,"tag":"16751462650584","params":"value","when_created":1667372646.4278,"parent_id":"73128943","props":[],"created_by":"stipan","items":{"4":{"flag1":0,"id":"4","type":"question","text":"value === undefined","one":"5","two":"8"},"8":{"type":"action","id":"8","one":"1","text":"return false"},"1":{"type":"end","id":"1"},"5":{"flag1":0,"id":"5","type":"question","two":"8","one":"6","text":"value === \"\""},"2":{"type":"branch","branchId":0,"one":"4","id":"2"},"6":{"flag1":0,"id":"6","type":"question","two":"8","one":"7","text":"value === null"},"7":{"type":"action","text":"return true","one":"1","id":"7"}},"updated_by":"stipan","keywords":{"scenario":false,"async":false,"export":true,"function":true,"algoprop":false},"type":"drakon","when_updated":1675146265.0584,"name":"hasValue","language":"LANG_S42"}