{"keywords":{"scenario":false,"async":false,"export":false,"function":true,"algoprop":false},"tag":"636068702","params":"widget\npos\nevt","when_created":1663667827.8509,"parent_id":"befd80d4","props":[],"created_by":"stipan","items":{"114":{"type":"action","text":"menu = buildContextMenuForPrim(\n    widget,\n    prim,\n    evt\n)","one":"123","id":"114"},"117":{"branchId":2,"one":"118","id":"117","type":"branch","text":"Invoke context menu"},"4":{"one":"126","id":"4","type":"action","text":"prim = findVisualItem(widget, pos)","two":""},"122":{"one":"115","id":"122","type":"action","two":"","text":"callback(\n    evt.clientX,\n    evt.clientY,\n    menu,\n    prim\n)"},"121":{"one":"115","id":"121","type":"action","text":"console.error(\n    \"showContextMenu is missing in config\"\n)","two":""},"126":{"type":"action","id":"126","one":"124","text":"tracing.trace(\n    'handleRightClick',\n    [pos, prim]\n)"},"120":{"one":"119","id":"120","type":"action","text":"callback = widget.config.showContextMenu","two":""},"118":{"flag1":0,"id":"118","type":"question","two":"115","one":"120","text":"menu.length === 0"},"123":{"one":"117","id":"123","type":"action","text":"paint(widget)","two":""},"125":{"type":"action","id":"125","one":"114","text":"deselectAll(widget)"},"124":{"flag1":1,"id":"124","type":"question","two":"125","one":"114","text":"prim"},"2":{"branchId":1,"one":"4","id":"2","type":"branch","text":"Build menu"},"115":{"branchId":3,"one":"1","id":"115","type":"branch","text":"Exit"},"119":{"flag1":1,"id":"119","type":"question","text":"callback","one":"122","two":"121"},"1":{"type":"end","id":"1"}},"updated_by":"admin","version":20180619,"type":"drakon","language":"LANG_S42","name":"handleRightClick","when_updated":1751103338.79}