{"version":20180619,"tag":"981685352","params":"node","when_created":1672498973.2824,"parent_id":"17223349","props":[],"created_by":"stipan","items":{"4":{"flag1":1,"id":"4","type":"question","two":"5","one":"24","text":"node.type === \"junction\""},"10":{"flag1":0,"id":"10","type":"question","two":"14","one":"3","text":"node.right.role"},"21":{"flag1":0,"id":"21","type":"question","two":"5","one":"8","text":"node.left.finalTarget.subtype === \"parend\""},"22":{"flag1":0,"id":"22","type":"question","text":"node.role","one":"15","two":"23"},"23":{"flag1":0,"id":"23","type":"question","two":"5","one":"15","text":"node.role in unit.noSmooth"},"14":{"flag1":0,"id":"14","type":"question","two":"5","one":"3","text":"node.right.role in unit.noSmooth"},"8":{"flag1":0,"id":"8","type":"question","two":"12","one":"9","text":"node.left.role"},"1":{"type":"end","id":"1"},"24":{"flag1":0,"id":"24","type":"question","text":"node.sharp","one":"22","two":"5"},"6":{"flag1":0,"id":"6","type":"question","two":"19","one":"9","text":"node.left"},"9":{"flag1":0,"id":"9","type":"question","two":"10","one":"3","text":"node.right"},"15":{"flag1":0,"id":"15","type":"question","two":"5","one":"6","text":"node.subtype === \"parend\""},"3":{"type":"action","id":"3","one":"1","text":"return true"},"19":{"flag1":0,"id":"19","type":"question","two":"20","one":"8","text":"node.left.role === \"left\""},"2":{"type":"branch","branchId":0,"one":"4","id":"2"},"12":{"flag1":0,"id":"12","type":"question","two":"5","one":"9","text":"node.left.role in unit.noSmooth"},"5":{"type":"action","text":"return false","one":"1","id":"5"},"20":{"flag1":0,"id":"20","type":"question","two":"21","one":"8","text":"node.left.finalTarget"}},"keywords":{"scenario":false,"async":false,"export":false,"function":true,"algoprop":false},"updated_by":"stipan","type":"drakon","when_updated":1673376061.1064,"name":"shouldSmoothJunction","language":"LANG_S42"}