{"keywords":{"scenario":false,"async":false,"export":false,"function":true,"algoprop":false},"tag":"938214585","params":"widget\nelement","when_created":1690625208.5391,"parent_id":"35f7b123","props":[],"language":"LANG_S42","items":{"4":{"one":"1","id":"4","type":"action","two":"","text":"return freeToVisualItem(widget, element)"},"1":{"type":"end","id":"1"},"5":{"flag1":0,"id":"5","type":"question","two":"6","one":"4","text":"element.type === \"connection\""},"2":{"type":"branch","branchId":0,"one":"5","id":"2"},"6":{"one":"1","id":"6","type":"action","two":"","text":"return connectionToVisualItem(\n    widget,\n    element\n)"}},"type":"drakon","version":20180619,"updated_by":"stipan","when_updated":1690625226.4928,"name":"freeToVisualItemEx","created_by":"stipan"}