{"version":20180619,"tag":"136195620","params":"widget\nx\ny","when_created":1658089734.5112,"parent_id":"befd80d4","props":[],"created_by":"stipan","items":{"11":{"type":"action","text":"visuals = widget.visuals","one":"12","id":"11"},"12":{"type":"action","text":"visuals.scrollX = scroll.x\nvisuals.scrollY = scroll.y","one":"7","id":"12"},"1":{"type":"end","id":"1"},"7":{"type":"action","id":"7","one":"10","text":"widget.origins[widget.diagramId] = {\n    x: scroll.x,\n    y: scroll.y\n}"},"2":{"type":"branch","branchId":0,"one":"9","id":"2"},"9":{"type":"action","text":"scroll = sanitizeScroll(widget, x, y)","one":"11","id":"9"},"10":{"type":"action","id":"10","one":"1","text":"return scroll"}},"type":"drakon","keywords":{"scenario":false,"async":false,"export":false,"function":true,"algoprop":false},"updated_by":"stipan","language":"LANG_S42","name":"setScroll","when_updated":1668155822.3691}