{"version":20180619,"tag":"573885805","params":"x\ny","when_created":1671020429.3441,"parent_id":"194c7d27","props":[],"language":"LANG_S42","items":{"2":{"type":"branch","branchId":0,"one":"4","id":"2"},"4":{"type":"action","id":"4","one":"3","text":"console.log(x, y)"},"1":{"type":"end","id":"1"},"3":{"type":"action","text":"self.element.hiX = x - self.element.x\nself.element.hiY = y - self.element.y","one":"1","id":"3"}},"keywords":{"scenario":false,"async":false,"export":false,"function":true,"algoprop":false},"type":"drakon","updated_by":"stipan","created_by":"stipan","name":"dragTo","when_updated":1671045128.7943}