{"keywords":{"scenario":false,"async":false,"export":false,"function":true,"algoprop":false},"tag":"763325315","params":"widget\nstartId\nitems\ntargetId","when_created":1665136232.8579,"parent_id":"e674bf58","props":[],"when_updated":1671349666.1493,"items":{"4":{"branchId":3,"one":"9","id":"4","type":"branch","text":"Exit"},"8":{"type":"action","id":"8","one":"1","text":"return oldToNew[startId]"},"10":{"type":"action","id":"10","one":"1","text":"return undefined"},"5":{"branchId":2,"one":"6","id":"5","type":"branch","text":"Replace ids"},"9":{"flag1":0,"id":"9","type":"question","text":"startId === undefined","one":"8","two":"10"},"6":{"type":"action","text":"oldToNew[\"finish\"] = targetId","one":"7","id":"6"},"3":{"type":"action","id":"3","one":"5","text":"oldToNew = generateNewIds(widget, items)"},"7":{"type":"action","id":"7","one":"4","text":"replaceTargets(items, oldToNew)"},"2":{"branchId":1,"one":"3","id":"2","type":"branch","text":"Generate new ids"},"1":{"type":"end","id":"1"}},"updated_by":"stipan","version":20180619,"type":"drakon","created_by":"stipan","name":"replaceIds","language":"LANG_S42"}