{"version":20180619,"tag":"746272170","params":"visuals\nhead\ntail\nfinalTarget","when_created":1657628444.6857,"parent_id":"82d2ccaf","props":[],"language":"LANG_S42","items":{"4":{"type":"action","text":"edge.finalTarget = finalTarget\nedge.source = head\nedge.target = tail","one":"5","id":"4"},"1":{"type":"end","id":"1"},"5":{"type":"action","text":"head.targets.push(edge)","one":"6","id":"5"},"2":{"type":"branch","branchId":0,"one":"3","id":"2"},"6":{"type":"action","text":"tail.sources.push(edge)","one":"7","id":"6"},"7":{"type":"action","id":"7","one":"1","text":"return edge"},"3":{"type":"action","id":"3","one":"4","text":"edge = createEdge(\n    visuals,\n    head,\n    tail,\n    true\n)"}},"updated_by":"stipan","keywords":{"scenario":false,"async":false,"export":false,"function":true,"algoprop":false},"type":"drakon","when_updated":1657628518.4285,"name":"makeDownEdgeCore","created_by":"stipan"}