{"keywords":{"scenario":false,"async":false,"export":false,"function":true,"algoprop":false},"tag":"137022536","params":"visuals\nnode","when_created":1657798010.4553,"parent_id":"148e1f9c","props":[],"language":"LANG_S42","items":{"8":{"type":"action","text":"renderContentCore(\n    visuals,\n    node,\n    left,\n    top\n)","one":"1","id":"8"},"1":{"type":"end","id":"1"},"7":{"type":"action","text":"top = Math.ceil(\n    node.y - node.contentHeight \/ 2\n)","one":"8","id":"7"},"2":{"type":"branch","branchId":0,"one":"6","id":"2"},"6":{"type":"action","text":"left = Math.floor(node.x - node.w) + 1","one":"7","id":"6"}},"updated_by":"stipan","version":20180619,"type":"drakon","created_by":"stipan","name":"centerContent","when_updated":1672854498.5077}