{"version":20180619,"tag":"","params":"pos","when_created":1673155315.7805,"parent_id":"e44b5c6f","props":[],"created_by":"stipan","items":{"2":{"type":"branch","branchId":0,"one":"4","id":"2"},"4":{"one":"3","id":"4","type":"action","text":"item = {\n    type: self.type,\n    left: pos.x,\n    top: pos.y,\n    width: self.width,\n    height: self.height\n}","two":""},"1":{"type":"end","id":"1"},"3":{"type":"action","text":"return item","one":"1","id":"3"}},"keywords":{"scenario":false,"async":false,"export":false,"function":true,"algoprop":false},"updated_by":"stipan","type":"drakon","language":"LANG_S42","name":"create","when_updated":1673155315.7805}