{"version":20180619,"tag":"123287794","params":"left\ntop\nwidth\nheight\naux","when_created":1672851259.2867,"parent_id":"a95f8752","props":[],"created_by":"stipan","items":{"4":{"type":"action","id":"4","one":"1","text":"return [\n    {x: left, y: top},\n    {x: middle, y: top},\n    {x: right, y: y},\n    {x: middle, y: bottom},\n    {x: left, y: bottom}\n]"},"1":{"type":"end","id":"1"},"5":{"type":"action","text":"middle = right - aux","one":"6","id":"5"},"2":{"type":"branch","branchId":0,"one":"3","id":"2"},"6":{"type":"action","text":"y = Math.floor(top + height \/ 2)","one":"4","id":"6"},"3":{"type":"action","text":"right = left + width\nbottom = top + height","one":"5","id":"3"}},"keywords":{"scenario":false,"async":false,"export":false,"function":true,"algoprop":false},"updated_by":"stipan","type":"drakon","when_updated":1672851981.0409,"name":"buildPtrRightCoords","language":"LANG_S42"}