{"version":20180619,"tag":"553915933","params":"node","when_created":1657702411.1517,"parent_id":"794efc2c","props":[],"when_updated":1657702439.6625,"items":{"4":{"flag1":0,"id":"4","type":"question","text":"node.right","one":"3","two":"5"},"1":{"type":"end","id":"1"},"5":{"type":"action","text":"node = getRight(node)","one":"6","id":"5"},"2":{"type":"branch","branchId":0,"one":"6","id":"2"},"6":{"type":"arrow-loop","one":"4","id":"6"},"3":{"type":"action","id":"3","one":"1","text":"return node"}},"type":"drakon","keywords":{"scenario":false,"async":false,"export":false,"function":true,"algoprop":false},"updated_by":"stipan","language":"LANG_S42","name":"goRight","created_by":"stipan"}