{"version":20180619,"tag":"645632062","params":"ctx\nstyle\nx\ny\nangle\ncolor\nfillColor\nwidth","when_created":1671543985.2733,"parent_id":"d2a6f051","props":[],"language":"LANG_S42","items":{"4":{"type":"action","id":"4","one":"1","text":"ctx.restore()"},"8":{"type":"select","id":"8","one":"7","text":"style"},"1":{"type":"end","id":"1"},"5":{"type":"case","one":"4","id":"5"},"9":{"one":"13","id":"9","type":"case","two":"10","text":"\"warrow\""},"6":{"one":"12","id":"6","type":"case","two":"9","text":"\"sarrow\""},"11":{"type":"action","id":"11","one":"4","text":"drawArrowCap(ctx, color, width)"},"12":{"type":"action","id":"12","one":"4","text":"drawSArrowCap(ctx, color, width)"},"3":{"type":"action","id":"3","one":"8","text":"ctx.save()\nctx.translate(x, y)\nctx.rotate(angle)"},"7":{"one":"11","id":"7","type":"case","text":"\"arrow\"","two":"6"},"2":{"type":"branch","branchId":0,"one":"3","id":"2"},"10":{"one":"14","id":"10","type":"case","text":"\"paw\"","two":"5"},"13":{"type":"action","text":"drawWArrow(ctx, color, fillColor, width)","one":"4","id":"13"},"14":{"type":"action","id":"14","one":"4","text":"drawPaw(ctx, color, width)"}},"keywords":{"scenario":false,"async":false,"export":false,"function":true,"algoprop":false},"type":"drakon","updated_by":"stipan","created_by":"stipan","name":"drawCap","when_updated":1671544470.8809}