{"version":20180619,"tag":"238545412","params":"widget\nbox\nzoom\nctx\nwatermark","when_created":1697108316.8603,"parent_id":"40c06a64","props":[],"items":{"4":{"one":"21","id":"4","type":"action","text":"width = (box.right - box.left) * zoom\nheight = (box.bottom - box.top) * zoom","two":""},"1":{"type":"end","id":"1"},"21":{"one":"14","id":"21","type":"action","two":"","text":"visuals.ctx = ctx"},"24":{"type":"action","text":"tracing.trace(\n    \"DrakonCanvas.exportCore\",\n    zoom\n)","one":"9","id":"24"},"6":{"one":"4","id":"6","type":"action","two":"","text":"visuals = widget.visuals\nconfig = visuals.config"},"22":{"type":"action","text":"visuals.ctx = widget.canvas.getContext(\n    \"2d\"\n)","one":"1","id":"22"},"28":{"flag1":1,"id":"28","type":"question","text":"ctx.resetTransform","one":"27","two":"22"},"26":{"flag1":1,"id":"26","type":"question","text":"watermark","one":"28","two":"22"},"2":{"type":"branch","branchId":0,"one":"24","id":"2"},"9":{"one":"6","id":"9","type":"action","text":"factor = 1","two":""},"27":{"one":"22","id":"27","type":"action","text":"drawWatermark(\n    widget,\n    ctx,\n    watermark,\n    factor,\n    zoom,\n    width,\n    height\n)","two":""},"14":{"one":"26","id":"14","type":"action","two":"","text":"paintCore(\n    widget,\n    factor,\n    zoom,\n    -box.left,\n    -box.top,\n    width,\n    height\n)"}},"created_by":"stipan","keywords":{"scenario":false,"async":false,"export":false,"function":true,"algoprop":false},"type":"drakon","updated_by":"admin","name":"exportCore","when_updated":1751101854.6131}