{"version":20180619,"tag":"949062096","params":"widget\nevt","when_created":1665545246.1941,"parent_id":"ae9f4e53","props":[],"when_updated":1665545358.9705,"items":{"2":{"type":"branch","branchId":0,"one":"3","id":"2"},"1":{"type":"end","id":"1"},"3":{"type":"action","text":"return {\n    startX: evt.clientX,\n    startY: evt.clientY,\n    startScrollX: widget.visuals.scrollX,\n    startScrollY: widget.visuals.scrollY\n}","one":"1","id":"3"}},"type":"drakon","keywords":{"scenario":false,"async":false,"export":false,"function":true,"algoprop":false},"updated_by":"stipan","language":"LANG_S42","name":"createMouseScroll","created_by":"stipan"}