{"version":20180619,"tag":"434521887","params":"evt","when_created":1677571091.5608,"parent_id":"1297fde7","props":[],"created_by":"stipan","items":{"4":{"one":"1","id":"4","type":"action","text":"setScrollFromMouseEvent(self.widget, x, y)","two":""},"1":{"type":"end","id":"1"},"5":{"one":"4","id":"5","type":"action","two":"","text":"x = self.startScrollX - deltaX \/ zoom\ny = self.startScrollY - deltaY \/ zoom"},"2":{"type":"branch","branchId":0,"one":"6","id":"2"},"6":{"one":"7","id":"6","type":"action","text":"deltaX = (self.startX - evt.clientX) * self\n.barToBox\ndeltaY = 0","two":""},"7":{"one":"5","id":"7","type":"action","two":"","text":"zoom = self.widget.zoomFactor"}},"keywords":{"scenario":false,"async":false,"export":false,"function":true,"algoprop":false},"updated_by":"stipan","type":"drakon","when_updated":1677577045.3269,"name":"onDrag","language":"LANG_S42"}