{"version":20180619,"tag":"446183033","params":"visuals\nsrcLinks\ntargetId","when_created":1664377395.4949,"parent_id":"a07682cb","props":[],"created_by":"stipan","items":{"4":{"type":"loopend","id":"4","one":"9","text":""},"8":{"flag1":1,"id":"8","type":"question","text":"canComeBackTo(src, target.loops)","one":"4","two":"10"},"10":{"type":"action","id":"10","one":"1","text":"return false"},"5":{"type":"loopbegin","text":"link; srcLinks","one":"6","id":"5"},"9":{"type":"action","id":"9","one":"1","text":"return true"},"6":{"type":"action","text":"src = getNodeByItem(visuals, link.source)","one":"7","id":"6"},"3":{"type":"action","text":"target = getNodeByItem(visuals, targetId)","one":"5","id":"3"},"7":{"flag1":1,"id":"7","type":"question","text":"utils.isSubset(src.loops, target.loops)","one":"4","two":"8"},"2":{"type":"branch","branchId":0,"one":"3","id":"2"},"1":{"type":"end","id":"1"}},"updated_by":"stipan","keywords":{"scenario":false,"async":false,"export":false,"function":true,"algoprop":false},"type":"drakon","when_updated":1675146467.2768,"name":"sameLoop","language":"LANG_S42"}