{"keywords":{"scenario":false,"async":false,"export":false,"function":true,"algoprop":false},"tag":"233087917","params":"widget\nnode","when_created":1665133553.0835,"parent_id":"e674bf58","props":[],"language":"LANG_S42","items":{"4":{"type":"action","text":"scanBranchItems(node, branchNodes)","one":"5","id":"4"},"10":{"type":"action","text":"items = []\ntargets = {}","one":"12","id":"10"},"21":{"type":"action","text":"saveCopyInClipboard(\n    widget,\n    \"branch\",\n    block\n)","one":"20","id":"21"},"22":{"type":"action","id":"22","one":"3","text":"images = {}"},"11":{"type":"loopend","text":"","one":"8","id":"11"},"12":{"type":"loopbegin","text":"itemId, bnode; branchNodes","one":"14","id":"12"},"7":{"type":"action","text":"delete branchNodes[end.itemId]","one":"9","id":"7"},"18":{"type":"action","text":"block = {\n    start: node.itemId,\n    items: items,\n    targets: targets,\n    images: images\n}","one":"21","id":"18"},"13":{"type":"loopend","id":"13","one":"17","text":""},"14":{"type":"loopbegin","text":"next; bnode.next","one":"15","id":"14"},"8":{"branchId":3,"one":"18","id":"8","type":"branch","text":"Copy block"},"1":{"type":"end","id":"1"},"9":{"branchId":2,"one":"10","id":"9","type":"branch","text":"Replace targets"},"15":{"flag1":1,"id":"15","type":"question","two":"16","one":"13","text":"next.itemId in branchNodes"},"16":{"type":"action","text":"targets[next.itemId] = next.content","one":"13","id":"16"},"3":{"type":"action","text":"branchNodes = {}","one":"4","id":"3"},"17":{"type":"action","id":"17","one":"11","text":"items.push(\n    copyItem(widget, itemId, images)\n)"},"2":{"branchId":1,"one":"22","id":"2","type":"branch","text":"Prepare"},"6":{"flag1":0,"id":"6","type":"question","two":"7","one":"9","text":"end"},"5":{"type":"action","id":"5","one":"6","text":"end = widget.visuals.end"},"20":{"type":"action","id":"20","one":"1","text":"return \"branch\""}},"updated_by":"stipan","version":20180619,"type":"drakon","when_updated":1689882180.466,"name":"copyBranch","created_by":"stipan"}