{"version":20180619,"tag":"447108317","params":"visuals\nnode","when_created":1665041370.2142,"parent_id":"f474e5bd","props":[],"language":"LANG_S42","items":{"4":{"one":"14","id":"4","type":"case","text":"\"branch\"","two":"11"},"8":{"one":"3","id":"8","type":"case","two":"9","text":"\"arrow-loop\""},"1":{"type":"end","id":"1"},"5":{"one":"3","id":"5","type":"case","text":"\"header\"","two":"8"},"9":{"one":"3","id":"9","type":"case","text":"\"address\"","two":"10"},"15":{"type":"action","text":"return canDeleteCase(node)","one":"1","id":"15"},"6":{"one":"3","id":"6","type":"case","two":"5","text":"\"junction\""},"11":{"one":"15","id":"11","type":"case","two":"12","text":"\"case\""},"12":{"type":"case","two":null,"one":"13","id":"12"},"3":{"type":"action","id":"3","one":"1","text":"return false"},"7":{"type":"select","id":"7","one":"6","text":"node.type"},"2":{"type":"branch","branchId":0,"one":"7","id":"2"},"10":{"one":"3","id":"10","type":"case","two":"4","text":"\"end\""},"13":{"type":"action","id":"13","one":"1","text":"return true"},"14":{"type":"action","id":"14","one":"1","text":"return canDeleteBranch(visuals)"}},"updated_by":"stipan","keywords":{"scenario":false,"async":false,"export":false,"function":true,"algoprop":false},"type":"drakon","created_by":"stipan","name":"canDelete","when_updated":1665041583.9217}