{"version":20180619,"tag":"50950745","params":"config\nline","when_created":1672510723.8843,"parent_id":"683f5bbe","props":[],"language":"LANG_S42","items":{"11":{"type":"action","id":"11","one":"1","text":"return false"},"1":{"type":"end","id":"1"},"2":{"type":"branch","branchId":0,"one":"9","id":"2"},"9":{"flag1":1,"id":"9","type":"question","text":"config.zoom === 1","one":"4","two":"11"},"4":{"flag1":1,"id":"4","type":"question","text":"line % 2 === 1","one":"10","two":"11"},"10":{"type":"action","id":"10","one":"1","text":"return true"}},"keywords":{"scenario":false,"async":false,"export":false,"function":true,"algoprop":false},"type":"drakon","updated_by":"stipan","created_by":"stipan","name":"mustShift","when_updated":1672511019.7071}