{"version":20180619,"tag":"541633215","params":"textDiv\ntext","when_created":1666789551.319,"parent_id":"f67c537c","props":[],"language":"LANG_S42","items":{"8":{"one":"9","id":"8","type":"action","text":"p = createPar(line.trim())","two":""},"1":{"type":"end","id":"1"},"5":{"one":"1","id":"5","type":"loopend","two":"","text":""},"2":{"type":"branch","branchId":0,"one":"7","id":"2"},"6":{"one":"8","id":"6","type":"loopbegin","text":"line; lines","two":""},"9":{"one":"5","id":"9","type":"action","text":"html.add(textDiv, p)","two":""},"7":{"one":"6","id":"7","type":"action","text":"lines = text.split(\"\\n\")","two":""}},"updated_by":"stipan","keywords":{"scenario":false,"async":false,"export":false,"function":true,"algoprop":false},"type":"drakon","created_by":"stipan","name":"splitToParagraphs","when_updated":1666789627.5065}