{"version":20180619,"tag":"815585034","params":"selection\nbyId","when_created":1671126347.0628,"parent_id":"35f7b123","props":[],"language":"LANG_S42","items":{"4":{"type":"loopend","id":"4","one":"10","text":""},"8":{"flag1":0,"id":"8","type":"question","two":"9","one":"12","text":"item.count === 0"},"1":{"type":"end","id":"1"},"5":{"type":"loopbegin","text":"id, type; selection.prims","one":"6","id":"5"},"9":{"type":"action","id":"9","one":"1","text":"return id"},"6":{"flag1":1,"id":"6","type":"question","two":"7","one":"11","text":"type === \"node\""},"11":{"type":"action","id":"11","one":"8","text":"item = byId[id]"},"12":{"flag1":0,"id":"12","type":"question","text":"item.count === 1","one":"4","two":"13"},"7":{"type":"action","id":"7","one":"1","text":"return undefined"},"2":{"type":"branch","branchId":0,"one":"5","id":"2"},"13":{"flag1":0,"id":"13","type":"question","two":"9","one":"4","text":"item.type === \"arrow-loop\""},"10":{"type":"action","id":"10","one":"1","text":"return undefined"}},"keywords":{"scenario":false,"async":false,"export":false,"function":true,"algoprop":false},"type":"drakon","updated_by":"stipan","created_by":"stipan","name":"findHead","when_updated":1681395912.4564}