{"version":20180619,"tag":"998885942","params":"widget\nedits","when_created":1665855353.783,"parent_id":"f7515898","props":[],"language":"LANG_S42","items":{"8":{"one":"26","id":"8","type":"action","two":"","text":"changesToSave = widget.edit.updateDocument(\n    edits,\n    before,\n    after\n)"},"19":{"type":"action","id":"19","one":"1","text":"return fonts"},"21":{"type":"action","id":"21","one":"22","text":"deleteOrphanImages(widget, edits)"},"22":{"type":"action","text":"before = utils.deepClone(\n    widget.selection\n)","one":"23","id":"22"},"25":{"one":"20","id":"25","type":"action","text":"fonts = widget.redraw()","two":""},"23":{"type":"action","id":"23","one":"8","text":"after = buildSelectionFromEdits(\n    widget,\n    edits\n)"},"30":{"type":"action","id":"30","one":"21","text":"tracing.trace(\n    'DrakonCanvas.doEdit',\n    stripEdits(edits)\n)"},"26":{"type":"action","id":"26","one":"25","text":"widget.selection = utils.deepClone(after)"},"2":{"type":"branch","branchId":0,"one":"30","id":"2"},"29":{"one":"19","id":"29","type":"action","two":"","text":"reportSelection(widget)"},"1":{"type":"end","id":"1"},"20":{"type":"action","text":"widget.edit.save(changesToSave)","one":"29","id":"20"}},"updated_by":"admin","keywords":{"scenario":false,"async":false,"export":false,"function":true,"algoprop":false},"type":"drakon","when_updated":1751159110.7296,"name":"doEdit","created_by":"stipan"}