{"version":20180619,"tag":"513634264","params":"evt\nindex","when_created":1687200625.9051,"parent_id":"796aaa28","props":[],"language":"LANG_S42","items":{"4":{"one":"1","id":"4","type":"action","two":"","text":"return buildMouseEvent(\n    x,\n    y,\n    0,\n    evt.target\n)"},"1":{"type":"end","id":"1"},"5":{"one":"6","id":"5","type":"action","text":"x = evt.touches[index].clientX\ny = evt.touches[index].clientY","two":""},"2":{"type":"branch","branchId":0,"one":"5","id":"2"},"6":{"type":"action","id":"6","one":"4","text":"console.log(x, y)"}},"keywords":{"scenario":false,"async":false,"export":false,"function":true,"algoprop":false},"type":"drakon","updated_by":"stipan","created_by":"stipan","name":"makeMouseEventFromTouch","when_updated":1687201225.3692}