{"keywords":{"scenario":false,"async":false,"export":false,"function":true,"algoprop":false},"tag":"758014378","params":"visuals\nedits\nnode","when_created":1666722538.778,"parent_id":"f7515898","props":[],"created_by":"stipan","items":{"8":{"type":"action","id":"8","one":"1","text":"decrementImageRefCount(\n    visuals,\n    node.image\n)"},"1":{"type":"end","id":"1"},"5":{"flag1":0,"id":"5","type":"question","text":"node.side","one":"8","two":"6"},"2":{"type":"branch","branchId":0,"one":"7","id":"2"},"6":{"one":"8","id":"6","type":"action","two":"","text":"deleteItemCore(edits, node.side)"},"7":{"type":"action","id":"7","one":"5","text":"deleteItemCore(edits, node.id)"}},"updated_by":"stipan","version":20180619,"type":"drakon","when_updated":1675883291.6498,"name":"deleteItem","language":"LANG_S42"}