{"version":20180619,"tag":"237339558","params":"widget","when_created":1677499348.4223,"parent_id":"befd80d4","props":[],"language":"LANG_S42","items":{"11":{"one":"12","id":"11","type":"action","two":"","text":"visuals = widget.visuals"},"12":{"one":"3","id":"12","type":"action","text":"zoom = widget.zoomFactor","two":""},"1":{"type":"end","id":"1"},"2":{"type":"branch","branchId":0,"one":"11","id":"2"},"15":{"type":"action","text":"return Math.max(boxHeight, widget.height)","one":"1","id":"15"},"3":{"type":"action","text":"boxHeight = visuals.box.height * zoom","one":"15","id":"3"}},"keywords":{"scenario":false,"async":false,"export":false,"function":true,"algoprop":false},"type":"drakon","updated_by":"stipan","when_updated":1677499392.6246,"name":"calculateScrollableHeight","created_by":"stipan"}