{"version":20180619,"tag":"617731458","params":"node","when_created":1657705368.6774,"parent_id":"794efc2c","props":[],"created_by":"stipan","items":{"4":{"flag1":1,"id":"4","type":"question","two":"6","one":"5","text":"node.type === \"junction\""},"8":{"flag1":1,"id":"8","type":"question","two":"6","one":"3","text":"left.type === \"question\""},"1":{"type":"end","id":"1"},"5":{"flag1":1,"id":"5","type":"question","two":"6","one":"7","text":"node.left"},"2":{"type":"branch","branchId":0,"one":"4","id":"2"},"6":{"type":"action","id":"6","one":"1","text":"return 0"},"7":{"type":"action","text":"left = getLeft(node)","one":"8","id":"7"},"3":{"type":"action","id":"3","one":"1","text":"return left.h"}},"type":"drakon","keywords":{"scenario":false,"async":false,"export":false,"function":true,"algoprop":false},"updated_by":"stipan","language":"LANG_S42","name":"getLeftHeight","when_updated":1657705443.8238}