{"version":20180619,"tag":"727107274","params":"level\nnode","when_created":1657639359.7973,"parent_id":"794efc2c","props":[],"created_by":"stipan","items":{"2":{"type":"branch","branchId":0,"one":"3","id":"2"},"1":{"type":"end","id":"1"},"3":{"type":"action","id":"3","one":"1","text":"node.level = level\nlevel.nodes.push(node)"}},"type":"drakon","keywords":{"scenario":false,"async":false,"export":false,"function":true,"algoprop":false},"updated_by":"stipan","language":"LANG_S42","name":"linkNodeToLevel","when_updated":1657639383.5429}