{"version":20180619,"tag":"705323513","params":"visuals\nleft\nright\nfinalTarget","when_created":1657629704.5326,"parent_id":"82d2ccaf","props":[],"created_by":"stipan","items":{"4":{"type":"action","text":"edge.role = \"left\"\nedge.finalTarget = finalTarget\nedge.source = right\nedge.target = left","one":"5","id":"4"},"1":{"type":"end","id":"1"},"5":{"type":"action","text":"right.targets.push(edge)","one":"6","id":"5"},"2":{"type":"branch","branchId":0,"one":"3","id":"2"},"6":{"type":"action","text":"left.sources.push(edge)","one":"7","id":"6"},"7":{"type":"action","id":"7","one":"1","text":"return edge"},"3":{"type":"action","text":"edge = createEdge(\n    visuals,\n    left,\n    right,\n    false\n)","one":"4","id":"3"}},"type":"drakon","keywords":{"scenario":false,"async":false,"export":false,"function":true,"algoprop":false},"updated_by":"stipan","language":"LANG_S42","name":"makeLeftEdge","when_updated":1657629763.5292}