{"version":20180619,"tag":"263976030","params":"evt","when_created":1658088935.4627,"parent_id":"e0f4b57d","props":[],"language":"LANG_S42","items":{"4":{"flag1":1,"id":"4","type":"question","two":"1","one":"5","text":"self.mouseEvents"},"8":{"type":"action","text":"evt.target.setPointerCapture(\n    evt.pointerId\n)","one":"7","id":"8"},"1":{"type":"end","id":"1"},"5":{"type":"action","id":"5","one":"1","text":"self.mouseEvents.mouseDown(evt)"},"2":{"type":"branch","branchId":0,"one":"9","id":"2"},"6":{"type":"action","id":"6","one":"4","text":"evt.stopPropagation()"},"9":{"flag1":0,"id":"9","type":"question","text":"evt.pointerType === \"touch\"","one":"8","two":"1"},"7":{"type":"action","id":"7","one":"6","text":"evt.preventDefault()"}},"updated_by":"stipan","keywords":{"scenario":false,"async":false,"export":false,"function":true,"algoprop":false},"type":"drakon","created_by":"stipan","name":"onMouseDown","when_updated":1687180138.4917}