{"version":20180619,"tag":"891585191","params":"widget","when_created":1663765382.9359,"parent_id":"35f7b123","props":[],"created_by":"stipan","items":{"4":{"type":"action","id":"4","one":"1","text":"return result"},"8":{"flag1":1,"id":"8","type":"question","two":"5","one":"9","text":"elType === \"node\""},"1":{"type":"end","id":"1"},"5":{"type":"loopend","text":"","one":"4","id":"5"},"9":{"type":"action","text":"node = getNode(visuals, id)","one":"10","id":"9"},"6":{"type":"loopbegin","id":"6","one":"8","text":"id, elType; widget.selection.prims"},"11":{"type":"action","id":"11","one":"3","text":"visuals = widget.visuals"},"3":{"type":"action","text":"result = []","one":"6","id":"3"},"2":{"type":"branch","branchId":0,"one":"11","id":"2"},"10":{"type":"action","id":"10","one":"5","text":"result.push(node)"}},"type":"drakon","keywords":{"scenario":false,"async":false,"export":false,"function":true,"algoprop":false},"updated_by":"stipan","language":"LANG_S42","name":"getNodesFromSelection","when_updated":1665853802.8842}