{"version":20180619,"tag":"","params":"node","when_created":1658091340.4856,"parent_id":"84128d97","props":[],"created_by":"stipan","items":{"4":{"flag1":0,"id":"4","type":"question","two":"5","one":"3","text":"node.up"},"1":{"type":"end","id":"1"},"5":{"type":"action","id":"5","one":"6","text":"node = getUp(node)"},"2":{"type":"branch","branchId":0,"one":"6","id":"2"},"6":{"type":"arrow-loop","one":"4","id":"6"},"3":{"type":"action","text":"return node","one":"1","id":"3"}},"type":"drakon","keywords":{"scenario":false,"async":false,"export":false,"function":true,"algoprop":false},"updated_by":"stipan","language":"LANG_S42","name":"goUp","when_updated":1658091340.4856}