{"version":20180619,"tag":"617203896","params":"node\ntarget\ndepth","when_created":1664473452.905,"parent_id":"a07682cb","props":[],"when_updated":1664473546.512,"items":{"4":{"type":"case","one":"10","id":"4"},"8":{"type":"action","text":"depth--","one":"10","id":"8"},"1":{"type":"end","id":"1"},"5":{"one":"9","id":"5","type":"case","two":"4","text":"\"loopend\""},"9":{"type":"action","text":"depth++","one":"10","id":"9"},"15":{"flag1":1,"id":"15","type":"question","two":"11","one":"13","text":"withinSameLoopCore(prev, target, depth)"},"6":{"one":"8","id":"6","type":"case","two":"5","text":"\"loopbegin\""},"11":{"type":"action","id":"11","one":"1","text":"return false"},"12":{"flag1":1,"id":"12","type":"question","text":"node === target","one":"3","two":"14"},"3":{"type":"action","id":"3","one":"1","text":"return true"},"7":{"type":"select","id":"7","one":"6","text":"node.type"},"2":{"type":"branch","branchId":0,"one":"7","id":"2"},"10":{"flag1":0,"id":"10","type":"question","text":"depth < 0","one":"12","two":"11"},"13":{"type":"loopend","text":"","one":"3","id":"13"},"14":{"type":"loopbegin","text":"prev; node.prev","one":"15","id":"14"}},"type":"drakon","keywords":{"scenario":false,"async":false,"export":false,"function":true,"algoprop":false},"updated_by":"stipan","language":"LANG_S42","name":"withinSameLoopCore","created_by":"stipan"}