{"version":20180619,"tag":"421193154","params":"widget\nprim","when_created":1676127311.47,"parent_id":"b0881e64","props":[],"when_updated":1751102911.9371,"items":{"19":{"one":"1","id":"19","type":"action","text":"console.error(\n    \"startEditContent is missing in config\"\n)","two":""},"21":{"type":"action","text":"ro = isReadonly(widget)","one":"20","id":"21"},"16":{"flag1":1,"id":"16","type":"question","text":"canEditNodeText(widget, prim)","one":"18","two":"1"},"23":{"type":"action","id":"23","one":"22","text":"tracing.trace(\n    'DrakonCanvas.startEditContent, will edit',\n    prim\n)"},"22":{"type":"action","text":"setTimeout(delayed, 1)","one":"1","id":"22"},"17":{"flag1":1,"id":"17","type":"question","text":"callback","one":"21","two":"19"},"18":{"one":"17","id":"18","type":"action","two":"","text":"callback = widget.config.startEditContent"},"1":{"type":"end","id":"1"},"2":{"type":"branch","branchId":0,"one":"16","id":"2"},"20":{"one":"23","id":"20","type":"action","text":"delayed = function () {\n    callback(prim, ro)\n}","two":""}},"updated_by":"admin","keywords":{"scenario":false,"async":false,"export":false,"function":true,"algoprop":false},"type":"drakon","language":"LANG_S42","name":"startEditContent","created_by":"stipan"}