{"version":20180619,"tag":"392660146","params":"visuals\nbranchId","when_created":1665293338.547,"parent_id":"f7515898","props":[],"language":"LANG_S42","items":{"4":{"type":"loopend","text":"","one":"3","id":"4"},"8":{"type":"action","text":"newId = branch.branchId + 1","one":"9","id":"8"},"10":{"type":"action","id":"10","one":"5","text":"edits = []"},"5":{"type":"loopbegin","text":"itemId; visuals.branches","one":"6","id":"5"},"9":{"type":"action","id":"9","one":"4","text":"updateItem(\n    edits,\n    itemId,\n    {branchId: newId}\n)"},"6":{"type":"action","text":"branch = getNode(visuals, itemId)","one":"7","id":"6"},"3":{"type":"action","id":"3","one":"1","text":"return edits"},"7":{"flag1":0,"id":"7","type":"question","two":"8","one":"4","text":"branch.branchId >= branchId"},"2":{"type":"branch","branchId":0,"one":"10","id":"2"},"1":{"type":"end","id":"1"}},"updated_by":"stipan","keywords":{"scenario":false,"async":false,"export":false,"function":true,"algoprop":false},"type":"drakon","created_by":"stipan","name":"moveBranchIdsRight","when_updated":1665293539.4971}