{"version":20180619,"tag":"","params":"visuals\nelement\nctx","when_created":1673094952.3509,"parent_id":"76971d15","props":[],"language":"LANG_S42","items":{"11":{"one":"12","id":"11","type":"action","two":"","text":"top = Math.floor(\n    centerY - element.contentHeight \/ 2\n)"},"12":{"one":"1","id":"12","type":"action","text":"renderContentCore(\n    visuals,\n    element,\n    element.left,\n    top\n)","two":""},"1":{"type":"end","id":"1"},"10":{"type":"action","text":"renderFreeIconShapeComplex(\n    ctx,\n    visuals,\n    element,\n    databasePath,\n    element.aux\n)","one":"14","id":"10"},"2":{"branchId":0,"one":"10","id":"2","type":"branch","text":""},"15":{"type":"action","id":"15","one":"13","text":"ctx.stroke()"},"13":{"one":"11","id":"13","type":"action","text":"centerY = Math.round(\n    element.top + element.height \/ 2 + element\n    .height * 0.05\n)","two":""},"14":{"type":"action","text":"databaseLidPath(\n    ctx,\n    element.left,\n    element.top,\n    element.width,\n    element.height\n)","one":"15","id":"14"}},"updated_by":"stipan","keywords":{"scenario":false,"async":false,"export":false,"function":true,"algoprop":false},"type":"drakon","created_by":"stipan","name":"render","when_updated":1673094952.3509}