{"version":20180619,"tag":"","params":"node","when_created":1664373954.8727,"parent_id":"a07682cb","props":[],"when_updated":1664373954.8727,"items":{"4":{"flag1":1,"id":"4","type":"question","text":"node.down","one":"6","two":"7"},"1":{"type":"end","id":"1"},"5":{"flag1":1,"id":"5","type":"question","text":"below.type == \"case\"","one":"3","two":"7"},"2":{"type":"branch","branchId":0,"one":"4","id":"2"},"6":{"type":"action","id":"6","one":"5","text":"below = getDown(node)"},"7":{"type":"action","id":"7","one":"1","text":"return false"},"3":{"type":"action","id":"3","one":"1","text":"return true"}},"type":"drakon","keywords":{"scenario":false,"async":false,"export":false,"function":true,"algoprop":false},"updated_by":"stipan","language":"LANG_S42","name":"isCaseJun","created_by":"stipan"}