{"version":20180619,"tag":"","when_created":1660552489.2752,"parent_id":"34e4d875","props":[],"items":{"4":{"type":"action","text":"args = Array.prototype.slice.call(\n    arguments \n)","one":"5","id":"4"},"1":{"type":"end","id":"1"},"5":{"type":"action","id":"5","one":"3","text":"properties = {}"},"2":{"type":"branch","branchId":0,"one":"4","id":"2"},"3":{"type":"action","text":"return html.createElement(\n    \"div\",\n    properties,\n    args\n)","one":"1","id":"3"}},"created_by":"stipan","language":"LANG_S4","type":"drakon","updated_by":"stipan","name":"div","when_updated":1660552489.2752}