{"version":20180619,"tag":"869188075","params":"widget\nevt","when_created":1666978669.4504,"parent_id":"a52f66e7","props":[],"language":"LANG_S42","items":{"4":{"type":"action","text":"obj.widget = widget\nobj.startX = evt.clientX\nobj.startY = evt.clientY","one":"5","id":"4"},"1":{"type":"end","id":"1"},"5":{"type":"action","id":"5","one":"1","text":"return obj"},"2":{"type":"branch","branchId":0,"one":"3","id":"2"},"3":{"type":"action","text":"obj = FrameDrag()","one":"4","id":"3"}},"updated_by":"stipan","keywords":{"scenario":false,"async":false,"export":false,"function":true,"algoprop":false},"type":"drakon","created_by":"stipan","name":"createFrameDrag","when_updated":1666979066.7589}