{"version":20180619,"tag":"310720666","params":"pos","when_created":1672986217.4489,"parent_id":"2459b0c2","props":[],"created_by":"stipan","items":{"4":{"one":"5","id":"4","type":"action","two":"","text":"item = {\n    type: \"polyline\",\n    left: pos.x,\n    top: pos.y,\n    coords: JSON.stringify(coords)\n}"},"1":{"type":"end","id":"1"},"5":{"type":"action","text":"calculatePolygonRect(item)","one":"3","id":"5"},"2":{"type":"branch","branchId":0,"one":"7","id":"2"},"7":{"type":"action","id":"7","one":"4","text":"coords = [\n    {x: 0, y: 100, radius: 0},\n    {x: 0, y: 50, radius: 0},\n    {x: 50, y: 0, radius: 0},\n    {x: 200, y: 0, radius: 0}\n]"},"3":{"type":"action","text":"return item","one":"1","id":"3"}},"keywords":{"scenario":false,"async":false,"export":false,"function":true,"algoprop":false},"updated_by":"stipan","type":"drakon","when_updated":1672986339.8095,"name":"create","language":"LANG_S42"}