{"version":20180619,"tag":"109449836","params":"visuals","when_created":1657638758.8876,"parent_id":"794efc2c","props":[],"language":"LANG_S42","items":{"1":{"type":"end","id":"1"},"5":{"type":"action","id":"5","one":"6","text":"visuals.skewers[skewer.id] = skewer"},"2":{"type":"branch","branchId":0,"one":"7","id":"2"},"6":{"type":"action","id":"6","one":"1","text":"return skewer"},"7":{"type":"action","id":"7","one":"5","text":"skewer = createSkewerObj(visuals, true)"}},"updated_by":"stipan","keywords":{"scenario":false,"async":false,"export":false,"function":true,"algoprop":false},"type":"drakon","created_by":"stipan","name":"createSkewer","when_updated":1657716905.9824}