{"keywords":{"scenario":false,"async":false,"export":false,"function":true,"algoprop":false},"tag":"571737572","params":"visuals\nnode\nctx","when_created":1657733074.5546,"parent_id":"4ee6bb37","props":[],"language":"LANG_S42","items":{"22":{"one":"12","id":"22","type":"action","text":"centerContentTop(visuals, node)","two":""},"28":{"flag1":0,"id":"28","type":"question","text":"radius","one":"25","two":"29"},"1":{"type":"end","id":"1"},"21":{"type":"action","text":"tri = visuals.config.triangleHeight","one":"27","id":"21"},"27":{"one":"28","id":"27","type":"action","two":"","text":"radius = visuals.config.iconRadius || 0"},"15":{"type":"action","text":"ctx.fillStyle = visuals.config.theme.internalLine","one":"17","id":"15"},"16":{"one":"11","id":"16","type":"action","two":"","text":"ctx.fill()"},"26":{"type":"action","id":"26","one":"22","text":"renderDrakonIconShape(\n    ctx,\n    visuals,\n    node,\n    buildBranchCoords,\n    tri\n)"},"11":{"branchId":3,"one":"1","id":"11","type":"branch","text":"Exit"},"12":{"branchId":2,"one":"13","id":"12","type":"branch","text":"Mark"},"25":{"type":"action","id":"25","one":"26","text":"middle = node.y + node.h - tri"},"17":{"type":"action","id":"17","one":"16","text":"ctx.beginPath()\nctx.moveTo(tx0, ty)\nctx.lineTo(x, bottom)\nctx.lineTo(tx1, ty)\nctx.closePath()"},"2":{"branchId":1,"one":"21","id":"2","type":"branch","text":"The icon"},"29":{"type":"action","text":"tri -= radius","one":"25","id":"29"},"13":{"flag1":0,"id":"13","type":"question","text":"node.mark","one":"11","two":"14"},"14":{"type":"action","id":"14","one":"15","text":"x = node.x\ny = node.y\nw = node.w\nh = node.h\nbottom = y + h\ntx0 = x - w \/ 2;\ntx1 = x + w \/ 2;\nty = (bottom + middle) \/ 2;"}},"updated_by":"stipan","version":20180619,"type":"drakon","when_updated":1672560720.2189,"name":"renderBranch","created_by":"stipan"}