{"version":20180619,"tag":"967138349","params":"x\ny","when_created":1671273651.3701,"parent_id":"349b362f","props":[],"created_by":"stipan","items":{"4":{"type":"action","text":"self.element.width = self.right - x\nself.element.height = y - self.top","one":"5","id":"4"},"1":{"type":"end","id":"1"},"5":{"type":"action","text":"findHorizontalForHandle(\n    self,\n    self.element,\n    y\n)","one":"6","id":"5"},"2":{"type":"branch","branchId":0,"one":"3","id":"2"},"6":{"type":"action","text":"findVerticalForHandle(\n    self,\n    self.element,\n    x\n)","one":"1","id":"6"},"3":{"type":"action","id":"3","one":"4","text":"self.element.left = x\nself.element.top = self.top"}},"keywords":{"scenario":false,"async":false,"export":false,"function":true,"algoprop":false},"updated_by":"stipan","type":"drakon","when_updated":1671376430.7529,"name":"dragTo","language":"LANG_S42"}