{"version":20180619,"tag":"556254460","params":"widget","when_created":1665246763.8003,"parent_id":"2de5181c","props":[],"language":"LANG_S42","items":{"4":{"branchId":5,"one":"24","id":"4","type":"branch","text":"Exit"},"10":{"type":"action","id":"10","one":"6","text":"scanBranchItems(\n    getBranch(visuals, 0),\n    first\n)"},"21":{"type":"action","id":"21","one":"22","text":"ditch = function (itemId) {\n    deleteWithDur(widget, itemId, edits)\n}"},"22":{"type":"action","text":"Object.keys(rest).forEach(ditch)","one":"23","id":"22"},"11":{"type":"loopend","text":"","one":"7","id":"11"},"23":{"type":"action","id":"23","one":"4","text":"updateItem(\n    edits,\n    branches[0],\n    {content: \"\", branchId: 0}\n)"},"7":{"branchId":3,"one":"14","id":"7","type":"branch","text":"Fix end and self-reference"},"18":{"type":"action","id":"18","one":"5","text":"rest[firstId] = true"},"13":{"type":"action","text":"scanBranchItems(\n    getBranch(visuals, i),\n    rest\n)","one":"11","id":"13"},"14":{"flag1":1,"id":"14","type":"question","text":"visuals.end","one":"15","two":"17"},"8":{"type":"action","text":"visuals = widget.visuals\nbranches = visuals.branches\nfirst = {}\nrest = {}","one":"9","id":"8"},"1":{"type":"end","id":"1"},"24":{"type":"action","id":"24","one":"1","text":"return edits"},"15":{"type":"action","text":"endId = visuals.end.itemId","one":"16","id":"15"},"16":{"type":"action","text":"delete rest[endId]","one":"18","id":"16"},"9":{"type":"action","text":"firstId = branches[0]","one":"10","id":"9"},"6":{"branchId":2,"one":"12","id":"6","type":"branch","text":"Scan other branches"},"5":{"branchId":4,"one":"19","id":"5","type":"branch","text":"Delete and redirect to end"},"3":{"type":"action","text":"edits = []","one":"8","id":"3"},"17":{"type":"action","text":"endId = createItem(\n    widget.model,\n    edits,\n    {type: \"end\"}\n)","one":"18","id":"17"},"2":{"branchId":1,"one":"3","id":"2","type":"branch","text":"Scan first branch"},"19":{"type":"action","id":"19","one":"20","text":"redirectBranch(\n    visuals,\n    first,\n    rest,\n    endId,\n    edits\n)"},"12":{"type":"loopbegin","text":"i = 1; i < branches.length; i++","one":"13","id":"12"},"20":{"type":"action","text":"delete rest[firstId]","one":"21","id":"20"}},"updated_by":"stipan","keywords":{"scenario":false,"async":false,"export":false,"function":true,"algoprop":false},"type":"drakon","when_updated":1666722364.6485,"name":"toPrimitive","created_by":"stipan"}