{"keywords":{"scenario":false,"async":false,"export":false,"function":true,"algoprop":false},"tag":"272174018","params":"node","when_created":1657706193.9242,"parent_id":"794efc2c","props":[],"language":"LANG_S42","items":{"4":{"type":"action","text":"return node.skewer.coord","one":"1","id":"4"},"1":{"type":"end","id":"1"},"5":{"flag1":0,"id":"5","type":"question","text":"\"x\" in node","one":"4","two":"6"},"2":{"type":"branch","branchId":0,"one":"5","id":"2"},"6":{"type":"action","text":"return node.x","one":"1","id":"6"}},"updated_by":"stipan","version":20180619,"type":"drakon","created_by":"stipan","name":"getX","when_updated":1673291250.7603}