{"keywords":{"scenario":false,"async":false,"export":false,"function":true,"algoprop":false},"tag":"743261911","params":"token\nfontObj","when_created":1667493790.5735,"parent_id":"36bf5937","props":[],"language":"LANG_S42","items":{"4":{"type":"case","one":"11","id":"4"},"10":{"type":"action","text":"font2.style = \"italic\"","one":"12","id":"10"},"5":{"one":"8","id":"5","type":"case","two":"13","text":"\"em\""},"11":{"type":"action","id":"11","one":"1","text":"token.font = font"},"12":{"type":"action","text":"token.font = cssFontToString(font2)","one":"1","id":"12"},"7":{"type":"select","id":"7","one":"6","text":"token.type"},"13":{"one":"14","id":"13","type":"case","text":"\"sem\"","two":"4"},"14":{"type":"action","id":"14","one":"15","text":"font2 = {}\nObject.assign(font2, fontObj)"},"8":{"type":"action","text":"font2 = {}\nObject.assign(font2, fontObj)","one":"10","id":"8"},"1":{"type":"end","id":"1"},"9":{"type":"action","text":"font2.weight = \"bold\"","one":"12","id":"9"},"15":{"type":"action","id":"15","one":"16","text":"font2.style = \"italic\""},"16":{"type":"action","id":"16","one":"12","text":"font2.weight = \"bold\""},"3":{"type":"action","id":"3","one":"9","text":"font2 = {}\nObject.assign(font2, fontObj)"},"17":{"type":"action","id":"17","one":"7","text":"font = fontObj.font"},"2":{"type":"branch","branchId":0,"one":"17","id":"2"},"6":{"one":"3","id":"6","type":"case","two":"5","text":"\"strong\""}},"type":"drakon","version":20180619,"updated_by":"stipan","when_updated":1697118204.128,"name":"setFontToToken","created_by":"stipan"}