{"version":20180619,"tag":"287987745","params":"widget\nnode","when_created":1673602766.4218,"parent_id":"b3d6c272","props":[],"language":"LANG_S42","items":{"10":{"type":"action","text":"toSelect = [node]","one":"17","id":"10"},"21":{"type":"action","text":"finalNodes = []","one":"20","id":"21"},"22":{"branchId":3,"one":"25","id":"22","type":"branch","text":"Add subtrees to selecton"},"11":{"type":"action","id":"11","one":"12","text":"sibling = getWithCommonParent(\n    visuals,\n    node,\n    selected\n)"},"23":{"type":"action","text":"getMindSubtree(subroot, finalNodes)","one":"19","id":"23"},"18":{"type":"action","id":"18","one":"16","text":"return false"},"13":{"type":"action","id":"13","one":"17","text":"toSelect = getSiblingsBetween(\n    visuals,\n    node,\n    sibling\n)"},"14":{"flag1":1,"id":"14","type":"question","text":"isUpperInTree(visuals, node, selected)","one":"15","two":"18"},"8":{"flag1":1,"id":"8","type":"question","two":"11","one":"10","text":"selected.length === 0"},"1":{"type":"end","id":"1"},"9":{"type":"action","text":"selected = Object.keys(selection.prims)","one":"8","id":"9"},"24":{"type":"loopend","id":"24","one":"27","text":""},"15":{"type":"action","id":"15","one":"17","text":"toSelect = [node]"},"16":{"branchId":4,"one":"1","id":"16","type":"branch","text":"Exit"},"5":{"type":"action","id":"5","one":"9","text":"selection = widget.selection\nvisuals = widget.visuals"},"25":{"type":"loopbegin","text":"node2; finalNodes","one":"26","id":"25"},"12":{"flag1":1,"id":"12","type":"question","text":"sibling","one":"13","two":"14"},"26":{"one":"24","id":"26","type":"action","two":"","text":"selection.prims[node2.id] = \"node\""},"17":{"branchId":2,"one":"21","id":"17","type":"branch","text":"Expand subtrees"},"2":{"branchId":1,"one":"5","id":"2","type":"branch","text":"Find the nodes to select"},"19":{"type":"loopend","id":"19","one":"22","text":""},"27":{"type":"action","id":"27","one":"16","text":"return true"},"20":{"type":"loopbegin","text":"subroot; toSelect","one":"23","id":"20"}},"keywords":{"scenario":false,"async":false,"export":false,"function":true,"algoprop":false},"type":"drakon","updated_by":"stipan","created_by":"stipan","name":"addToMindSelection","when_updated":1673606110.1562}