{"version":20180619,"tag":"809035806","params":"node1\nnode2","when_created":1666530051.4803,"parent_id":"82d2ccaf","props":[],"language":"LANG_S42","items":{"4":{"flag1":1,"id":"4","type":"question","text":"length1 === length2","one":"6","two":"10"},"8":{"type":"action","text":"return par1 === par2","one":"1","id":"8"},"1":{"type":"end","id":"1"},"9":{"type":"action","text":"return true","one":"1","id":"9"},"6":{"flag1":1,"id":"6","type":"question","two":"9","one":"11","text":"length1"},"11":{"type":"action","text":"par1 = node1.parallelStack[length1 - 1]\npar2 = node2.parallelStack[length1 - 1]","one":"8","id":"11"},"7":{"type":"action","text":"length1 = node1.parallelStack.length\nlength2 = node2.parallelStack.length","one":"4","id":"7"},"2":{"type":"branch","branchId":0,"one":"7","id":"2"},"10":{"type":"action","text":"return false","one":"1","id":"10"}},"updated_by":"stipan","keywords":{"scenario":false,"async":false,"export":false,"function":true,"algoprop":false},"type":"drakon","created_by":"stipan","name":"parallelCompatible","when_updated":1666530218.0781}