{"version":20180619,"tag":"566714752","params":"ctx\nleft\ntop\nwidth\nheight","when_created":1672853692.425,"parent_id":"a95f8752","props":[],"when_updated":1672853755.1892,"items":{"2":{"type":"branch","branchId":0,"one":"4","id":"2"},"4":{"type":"action","id":"4","one":"3","text":"cx = Math.round(left + width \/ 2)\ncy = Math.round(top + height \/ 2)\nrx = Math.round(width \/ 2)\nry = Math.round(height \/ 2)"},"1":{"type":"end","id":"1"},"3":{"type":"action","id":"3","one":"1","text":"ctx.beginPath();\nctx.ellipse(\n    cx,\n    cy,\n    rx,\n    ry,\n    0,\n    0,\n    2 * Math.PI\n);"}},"keywords":{"scenario":false,"async":false,"export":false,"function":true,"algoprop":false},"updated_by":"stipan","type":"drakon","created_by":"stipan","name":"ellipseShape","language":"LANG_S42"}