{"keywords":{"scenario":false,"async":false,"export":false,"function":true,"algoprop":false},"tag":"884788152","params":"visuals\nelement\nctx","when_created":1672851120.006,"parent_id":"3915d73e","props":[],"language":"LANG_S42","items":{"2":{"branchId":0,"one":"10","id":"2","type":"branch","text":""},"10":{"type":"action","text":"renderFreeIconShape(\n    ctx,\n    visuals,\n    element,\n    buildPtrRightCoords,\n    element.aux\n)","one":"5","id":"10"},"1":{"type":"end","id":"1"},"5":{"one":"1","id":"5","type":"action","two":"","text":"centerContentFree(visuals, element, ctx)"}},"updated_by":"stipan","version":20180619,"type":"drakon","when_updated":1672851333.1663,"name":"render","created_by":"stipan"}