{"version":20180619,"tag":"453191280","params":"widget","when_created":1671303063.6459,"parent_id":"35f7b123","props":[],"when_updated":1672909503.4191,"items":{"4":{"one":"3","id":"4","type":"loopend","text":"","two":""},"5":{"one":"15","id":"5","type":"loopbegin","two":"","text":"element; visuals.free"},"1":{"type":"end","id":"1"},"21":{"flag1":1,"id":"21","type":"question","text":"intersectBoxes(\n    element,\n    visuals.selectionFrame\n)","one":"16","two":"4"},"19":{"flag1":0,"id":"19","type":"question","text":"element.boxes","one":"16","two":"21"},"15":{"flag1":0,"id":"15","type":"question","text":"isSelected(widget, element.id)","one":"12","two":"4"},"16":{"one":"17","id":"16","type":"action","text":"selection.prims[element.id] = \"free\"","two":""},"22":{"flag1":1,"id":"22","type":"question","two":"4","one":"19","text":"boxesIntersect(\n    visuals.selectionFrame,\n    box\n)"},"11":{"type":"action","text":"visuals = widget.visuals\nselection = widget.selection","one":"10","id":"11"},"12":{"flag1":1,"id":"12","type":"question","text":"element.innerBox","one":"13","two":"14"},"3":{"type":"action","id":"3","one":"1","text":"return added"},"17":{"type":"action","text":"added = true","one":"4","id":"17"},"2":{"type":"branch","branchId":0,"one":"11","id":"2"},"10":{"type":"action","id":"10","one":"5","text":"added = false"},"13":{"type":"action","text":"box = element.innerBox","one":"22","id":"13"},"14":{"type":"action","id":"14","one":"22","text":"box = element.box"}},"keywords":{"scenario":false,"async":false,"export":false,"function":true,"algoprop":false},"updated_by":"stipan","type":"drakon","created_by":"stipan","name":"tryAddFreeToBlock","language":"LANG_S42"}