{"version":20180619,"tag":"892533719","params":"widget\nitems","when_created":1665136566.7267,"parent_id":"e674bf58","props":[],"created_by":"stipan","items":{"4":{"type":"loopend","id":"4","one":"8","text":""},"8":{"type":"action","id":"8","one":"1","text":"return oldToNew"},"1":{"type":"end","id":"1"},"5":{"type":"loopbegin","text":"item; items","one":"6","id":"5"},"2":{"type":"branch","branchId":0,"one":"3","id":"2"},"6":{"type":"action","text":"id = getNextId(widget.model)","one":"7","id":"6"},"7":{"type":"action","id":"7","one":"4","text":"oldToNew[item.id] = id\nitem.id = id"},"3":{"type":"action","text":"oldToNew = {}","one":"5","id":"3"}},"type":"drakon","keywords":{"scenario":false,"async":false,"export":false,"function":true,"algoprop":false},"updated_by":"stipan","language":"LANG_S42","name":"generateNewIds","when_updated":1665136632.1438}