{"version":20180619,"tag":"15909477","params":"visuals\nordinal","when_created":1665247987.334,"parent_id":"2de5181c","props":[],"when_updated":1665248024.9963,"items":{"2":{"type":"branch","branchId":0,"one":"3","id":"2"},"4":{"type":"action","id":"4","one":"1","text":"return getNode(visuals, nodeId)"},"1":{"type":"end","id":"1"},"3":{"type":"action","text":"nodeId = visuals.branches[ordinal]","one":"4","id":"3"}},"type":"drakon","keywords":{"scenario":false,"async":false,"export":false,"function":true,"algoprop":false},"updated_by":"stipan","language":"LANG_S42","name":"getBranch","created_by":"stipan"}