{"keywords":{"scenario":false,"async":false,"export":false,"function":true,"algoprop":false},"tag":"246140205","params":"visuals\nnode","when_created":1657962366.5939,"parent_id":"148e1f9c","props":[],"language":"LANG_S42","items":{"12":{"type":"action","id":"12","one":"1","text":"renderContentCore(\n    visuals,\n    node,\n    left,\n    top\n)"},"1":{"type":"end","id":"1"},"7":{"type":"action","text":"top = Math.ceil(\n    node.y + node.h - node.contentHeight\n)","one":"12","id":"7"},"2":{"type":"branch","branchId":0,"one":"8","id":"2"},"8":{"one":"7","id":"8","type":"action","two":"","text":"left = Math.floor(node.x - node.w) + 1"}},"updated_by":"stipan","version":20180619,"type":"drakon","created_by":"stipan","name":"centerContentBottom","when_updated":1672854530.6731}