{"version":20180619,"tag":"235102385","when_created":1658141079.227,"parent_id":"e0f4b57d","props":[],"items":{"4":{"type":"action","text":"initInsertFunctions(self)","one":"8","id":"4"},"8":{"type":"action","text":"initFreeFunctions(self)","one":"1","id":"8"},"1":{"type":"end","id":"1"},"9":{"type":"action","id":"9","one":"10","text":"tracing.trace(\"DrakonCanvas.init\")"},"6":{"type":"action","id":"6","one":"12","text":"self.styleTag = html.createStyle()\nself.myStyleId = Math.floor(\n    Math.random() * 100000\n)"},"11":{"type":"action","id":"11","one":"6","text":"self.mindIcons = {\n    idea: true,\n    ridea: true,\n    conclusion: true,\n    header: true,\n    \"graf-image\": true\n}"},"12":{"type":"action","text":"self.userMemory = {headStyle: \"arrow\"}","one":"7","id":"12"},"3":{"type":"action","id":"3","one":"11","text":"self.origins = {}"},"7":{"type":"action","id":"7","one":"4","text":"self.zoom = 10000\nself.zoomFactor = 1"},"2":{"type":"branch","branchId":0,"one":"9","id":"2"},"10":{"type":"action","id":"10","one":"3","text":"unit.noSmooth = {\n    floor: true,\n    parceiling: true,\n    ceil: true,\n    \"case\": true,\n    parent: true\n}"}},"when_updated":1677669793.7226,"created_by":"stipan","updated_by":"stipan","type":"drakon","name":"init","language":"LANG_S42"}