{"version":20180619,"tag":"","params":"ctx\ncolor\nwidth","when_created":1671543546.555,"parent_id":"d2a6f051","props":[],"when_updated":1671543546.555,"items":{"2":{"type":"branch","branchId":0,"one":"4","id":"2"},"4":{"type":"action","id":"4","one":"3","text":"ARROW_WIDTH = 20\nARROW_HEIGHT = 5"},"1":{"type":"end","id":"1"},"3":{"type":"action","text":"ctx.setLineDash([])\nctx.strokeStyle = color\nctx.lineWidth = width\nctx.lineCap = \"round\"\nctx.lineJoin = \"round\"\nctx.fillStyle = color\nctx.beginPath();\nctx.moveTo(\n    -ARROW_WIDTH,\n    -ARROW_HEIGHT - width\n)\nctx.lineTo(0, 0);\nctx.lineTo(\n    -ARROW_WIDTH,\n    ARROW_HEIGHT + width\n)\nctx.closePath()\nctx.fill()\nctx.stroke();","one":"1","id":"3"}},"keywords":{"scenario":false,"async":false,"export":false,"function":true,"algoprop":false},"updated_by":"stipan","type":"drakon","created_by":"stipan","name":"drawArrowCap","language":"LANG_S42"}