{"keywords":{"scenario":false,"async":false,"export":false,"function":true,"algoprop":false},"tag":"38215237","params":"visuals\nnode\nleft\ntop","when_created":1667396650.0842,"parent_id":"e9a4dcbc","props":[],"language":"LANG_S42","items":{"4":{"flag1":1,"id":"4","type":"question","two":"1","one":"3","text":"node.contentDiv"},"1":{"type":"end","id":"1"},"5":{"flag1":0,"id":"5","type":"question","two":"6","one":"4","text":"visuals.config.canvasIcons"},"9":{"flag1":1,"id":"9","type":"question","text":"node.topFlowBlock","one":"10","two":"1"},"6":{"flag1":1,"id":"6","type":"question","two":"9","one":"7","text":"node.flowBlock"},"11":{"type":"action","id":"11","one":"12","text":"lowerTop = top + node.topFlowBlock.height"},"12":{"type":"action","text":"renderFlowBlock(\n    visuals,\n    node.bottomFlowBlock,\n    left,\n    lowerTop\n)","one":"1","id":"12"},"3":{"type":"action","text":"node.contentDiv.style.left = left + \"px\"\nnode.contentDiv.style.top = top + \"px\"","one":"1","id":"3"},"7":{"type":"action","text":"renderFlowBlock(\n    visuals,\n    node.flowBlock,\n    left,\n    top\n)","one":"1","id":"7"},"2":{"type":"branch","branchId":0,"one":"5","id":"2"},"10":{"type":"action","id":"10","one":"11","text":"renderFlowBlock(\n    visuals,\n    node.topFlowBlock,\n    left,\n    top\n)"}},"type":"drakon","version":20180619,"updated_by":"stipan","when_updated":1668852227.4854,"name":"renderDefault","created_by":"stipan"}