{"version":20180619,"tag":"1703070","params":"widget\ncontext\nnodeInfo","when_created":1658479943.364,"parent_id":"35f7b123","props":[],"language":"LANG_S42","items":{"4":{"flag1":1,"id":"4","type":"question","text":"nodeInfo.include","one":"3","two":"5"},"8":{"type":"action","text":"selectClusterStep(\n    widget,\n    context,\n    node,\n    node.next[0]\n)","one":"1","id":"8"},"1":{"type":"end","id":"1"},"5":{"type":"action","text":"context.arrows++","one":"6","id":"5"},"2":{"type":"branch","branchId":0,"one":"4","id":"2"},"6":{"type":"action","text":"nodeInfo.include = true\nnode = nodeInfo.node","one":"7","id":"6"},"7":{"flag1":0,"id":"7","type":"question","text":"clusterComplete(context)","one":"8","two":"1"},"3":{"type":"action","id":"3","one":"1","text":"context.arrows--"}},"updated_by":"stipan","keywords":{"scenario":false,"async":false,"export":false,"function":true,"algoprop":false},"type":"drakon","when_updated":1665853561.4765,"name":"selectClusterStepBack","created_by":"stipan"}