{"keywords":{"scenario":false,"async":false,"export":true,"function":true,"algoprop":false},"tag":"766921943","params":"visuals\nflowBlock\nleft\ntop","when_created":1667561677.0136,"parent_id":"99e62b4e","props":[],"when_updated":1668852181.0088,"items":{"4":{"type":"loopend","text":"","one":"9","id":"4"},"8":{"type":"action","id":"8","one":"5","text":"ctx.textBaseline = \"bottom\""},"1":{"type":"end","id":"1"},"5":{"type":"loopbegin","text":"line; flowBlock.lines","one":"6","id":"5"},"9":{"branchId":3,"one":"1","id":"9","type":"branch","text":"Exit"},"15":{"flag1":1,"id":"15","type":"question","two":"2","one":"14","text":"flowBlock.options.link"},"16":{"type":"action","id":"16","one":"2","text":"drawLinkIcon(ctx, x, y)"},"11":{"branchId":1,"one":"17","id":"11","type":"branch","text":"Draw icon"},"12":{"type":"action","text":"y = top + flowBlock.height \/ 2","one":"13","id":"12"},"7":{"type":"action","text":"ctx.fillStyle = flowBlock.options.color","one":"8","id":"7"},"17":{"type":"action","id":"17","one":"15","text":"ctx = visuals.ctx"},"2":{"branchId":2,"one":"7","id":"2","type":"branch","text":"Draw text"},"6":{"type":"action","id":"6","one":"4","text":"renderFlowBlockLine(ctx, line, left, top)"},"13":{"type":"action","id":"13","one":"16","text":"x = left + flowBlock.options.paddingLeft\n+ iconSize \/ 2"},"14":{"type":"action","id":"14","one":"12","text":"iconSize = 24"}},"updated_by":"stipan","version":20180619,"type":"drakon","created_by":"stipan","name":"renderFlowBlock","language":"LANG_S42"}