{"keywords":{"scenario":false,"async":false,"export":false,"function":true,"algoprop":false},"tag":"182598264","params":"widget\nnode\nctx","when_created":1673445499.7988,"parent_id":"b3d6c272","props":[],"created_by":"stipan","items":{"4":{"type":"action","id":"4","one":"10","text":"fill = config.theme.candyFill\nborder = config.theme.candyBorder\nsize = 10\nlineWidth = 2"},"10":{"branchId":2,"one":"23","id":"10","type":"branch","text":"Top"},"22":{"type":"action","text":"config = visuals.config","one":"3","id":"22"},"23":{"type":"action","text":"createLeftMindResizeHandle(\n    widget,\n    node,\n    top,\n    ctx\n)","one":"12","id":"23"},"29":{"type":"action","text":"createRightMindResizeHandle(\n    widget,\n    node,\n    node.y,\n    ctx\n)","one":"15","id":"29"},"14":{"branchId":3,"one":"28","id":"14","type":"branch","text":"Middle"},"1":{"type":"end","id":"1"},"24":{"type":"action","text":"visuals = widget.visuals","one":"22","id":"24"},"15":{"branchId":4,"one":"26","id":"15","type":"branch","text":"Bottom"},"9":{"branchId":5,"one":"1","id":"9","type":"branch","text":"Exit"},"25":{"type":"action","id":"25","one":"14","text":"createRightMindResizeHandle(\n    widget,\n    node,\n    top,\n    ctx\n)"},"28":{"type":"action","id":"28","one":"29","text":"createLeftMindResizeHandle(\n    widget,\n    node,\n    node.y,\n    ctx\n)"},"3":{"type":"action","id":"3","one":"4","text":"left = node.x - node.w\ntop = node.y - node.h\nright = node.x + node.w\nbottom = node.y + node.h"},"26":{"type":"action","id":"26","one":"20","text":"createLeftMindResizeHandle(\n    widget,\n    node,\n    bottom,\n    ctx\n)"},"2":{"branchId":1,"one":"24","id":"2","type":"branch","text":"Branch1"},"12":{"one":"25","id":"12","type":"action","two":"","text":"centerSquare(\n    ctx,\n    node.x,\n    top,\n    size,\n    fill,\n    border,\n    lineWidth\n)"},"27":{"type":"action","text":"createRightMindResizeHandle(\n    widget,\n    node,\n    bottom,\n    ctx\n)","one":"9","id":"27"},"20":{"one":"27","id":"20","type":"action","two":"","text":"centerSquare(\n    ctx,\n    node.x,\n    bottom,\n    size,\n    fill,\n    border,\n    lineWidth\n)"}},"type":"drakon","version":20180619,"updated_by":"stipan","when_updated":1673445559.8435,"name":"mindCandy","language":"LANG_S42"}