{"version":20180619,"tag":"878385739","params":"visuals\nskewer","when_created":1657702263.3156,"parent_id":"794efc2c","props":[],"created_by":"stipan","items":{"4":{"flag1":0,"id":"4","type":"question","two":"5","one":"6","text":"skewer.main"},"1":{"type":"end","id":"1"},"5":{"type":"action","id":"5","one":"6","text":"boundary += metre"},"2":{"type":"branch","branchId":0,"one":"7","id":"2"},"6":{"type":"action","text":"return skewer.leftWidth + metre","one":"1","id":"6"},"7":{"type":"action","id":"7","one":"3","text":"metre = visuals.config.metre"},"3":{"type":"action","id":"3","one":"4","text":"boundary = skewer.leftWidth + metre"}},"type":"drakon","keywords":{"scenario":false,"async":false,"export":false,"function":true,"algoprop":false},"updated_by":"stipan","language":"LANG_S42","name":"getBoundary","when_updated":1666934237.1314}