{"version":20180619,"tag":"969743314","params":"visuals","when_created":1664280240.4014,"parent_id":"befd80d4","props":[],"language":"LANG_S42","items":{"4":{"type":"action","id":"4","one":"3","text":"forType(visuals, \"loopend\", trace)"},"1":{"type":"end","id":"1"},"5":{"type":"action","text":"trace = function (vis, node) {\n    traceLoop({}, node, node)\n}","one":"4","id":"5"},"2":{"type":"branch","branchId":0,"one":"5","id":"2"},"3":{"type":"action","id":"3","one":"1","text":"forType(\n    visuals,\n    \"select\",\n    putLoopsOnCases\n)"}},"updated_by":"stipan","keywords":{"scenario":false,"async":false,"export":false,"function":true,"algoprop":false},"type":"drakon","created_by":"stipan","name":"traceLoops","when_updated":1664280628.4303}