{"version":20180619,"tag":"833038192","params":"visuals\nnode\nop","when_created":1665290777.9438,"parent_id":"41f1c7b9","props":[],"when_updated":1665291056.6059,"items":{"4":{"flag1":0,"id":"4","type":"question","two":"1","one":"6","text":"lowest.type === \"end\""},"8":{"type":"action","text":"socket2 = createSocket(\n    visuals,\n    node.x + node.w,\n    node.y,\n    op,\n    \"branch\",\n    radius\n)","one":"9","id":"8"},"1":{"type":"end","id":"1"},"5":{"type":"action","text":"socket = createSocket(\n    visuals,\n    node.x - node.w,\n    node.y,\n    op,\n    \"branch\",\n    radius\n)","one":"7","id":"5"},"9":{"type":"action","id":"9","one":"1","text":"socket2.node = node"},"6":{"type":"action","id":"6","one":"5","text":"radius = visuals.config.socketTouchRadius"},"3":{"type":"action","text":"lowest = goDown(node)","one":"4","id":"3"},"7":{"type":"action","text":"socket.node = node\nsocket.left = true","one":"8","id":"7"},"2":{"type":"branch","branchId":0,"one":"3","id":"2"}},"type":"drakon","keywords":{"scenario":false,"async":false,"export":false,"function":true,"algoprop":false},"updated_by":"stipan","language":"LANG_S42","name":"showBranchSockets","created_by":"stipan"}