{"version":20180619,"tag":"618062319","params":"parent","when_created":1673291152.3683,"parent_id":"b3d6c272","props":[],"language":"LANG_S42","items":{"4":{"branchId":3,"one":"1","id":"4","type":"branch","text":"Exit"},"8":{"type":"loopend","id":"8","one":"11","text":""},"1":{"type":"end","id":"1"},"9":{"type":"loopbegin","id":"9","one":"10","text":"node; parent.children"},"6":{"branchId":1,"one":"7","id":"6","type":"branch","text":"Find max width"},"11":{"branchId":2,"one":"14","id":"11","type":"branch","text":"Set width"},"7":{"type":"action","text":"width = 0","one":"9","id":"7"},"10":{"type":"action","id":"10","one":"8","text":"width = Math.max(width, node.w)"},"15":{"type":"action","id":"15","one":"13","text":"node.w = width"},"13":{"type":"loopend","text":"","one":"4","id":"13"},"14":{"type":"loopbegin","text":"node; parent.children","one":"15","id":"14"}},"keywords":{"scenario":false,"async":false,"export":false,"function":true,"algoprop":false},"type":"drakon","updated_by":"stipan","created_by":"stipan","name":"setSameWidthForMindChildren","when_updated":1673339933.0614}