{"version":20180619,"tag":"967417678","params":"records\nedge","when_created":1664013305.7728,"parent_id":"8e739cfd","props":[],"language":"LANG_S42","items":{"4":{"type":"action","text":"record = {\n    type: \"edge\",\n    element: edge,\n    targetId: targetId,\n    id: edge.id\n}","one":"5","id":"4"},"1":{"type":"end","id":"1"},"5":{"type":"action","id":"5","one":"1","text":"records[targetId] = record"},"2":{"type":"branch","branchId":0,"one":"3","id":"2"},"3":{"type":"action","text":"targetId = edge.finalTarget.itemId","one":"4","id":"3"}},"updated_by":"stipan","keywords":{"scenario":false,"async":false,"export":false,"function":true,"algoprop":false},"type":"drakon","when_updated":1664013356.628,"name":"addEdgeSubRecord","created_by":"stipan"}