{"keywords":{"scenario":false,"async":true,"export":false,"function":true,"algoprop":false},"tag":"814870093","params":"visuals\nsub","when_created":1663865653.791,"parent_id":"8e739cfd","props":[],"when_updated":1712836918.5632,"items":{"4":{"branchId":8,"one":"1","id":"4","type":"branch","text":"Exit"},"40":{"type":"sinput","text":"onEdge(edge, output)","one":"41","id":"40"},"10":{"type":"sinput","id":"10","one":"11","text":"onEdge(edge, output)"},"21":{"type":"action","text":"addEdgeToSub(sub, edge)","one":"22","id":"21"},"41":{"type":"action","id":"41","one":"7","text":"output.next = edge.tail.down"},"22":{"flag1":1,"id":"22","type":"question","two":"25","one":"23","text":"hasLeft(tail)"},"32":{"type":"action","id":"32","one":"6","text":"output.next = tail.right"},"11":{"type":"action","text":"addArrowPad(sub, edge)","one":"12","id":"11"},"23":{"type":"action","id":"23","one":"73","text":"addLowerCorner(sub, tail)"},"62":{"type":"action","id":"62","one":"63","text":"head = edge.head"},"7":{"branchId":4,"one":"42","id":"7","type":"branch","text":"downLoop"},"33":{"type":"action","id":"33","one":"34","text":"addEdgeToSub(sub, edge)"},"52":{"type":"action","id":"52","one":"53","text":"head.zoned = true\nedge.inner = sub"},"13":{"flag1":0,"id":"13","type":"question","text":"tail.type === \"select\"","one":"14","two":"37"},"14":{"flag1":0,"id":"14","type":"question","two":"29","one":"15","text":"tail.right"},"64":{"type":"action","text":"output.next = head.down","one":"2","id":"64"},"34":{"type":"action","text":"planSpace(me, tail)","one":"35","id":"34"},"45":{"type":"action","text":"output.next = tail.down","one":"7","id":"45"},"75":{"type":"action","id":"75","one":"76","text":"leftMost = goLeft(tail)"},"65":{"type":"action","text":"output.next = head.left","one":"9","id":"65"},"15":{"flag1":1,"id":"15","type":"question","text":"tail.down","one":"16","two":"21"},"16":{"type":"action","text":"addEdgeToSub(sub, edge)","one":"17","id":"16"},"66":{"branchId":1,"one":"67","id":"66","type":"branch","text":"Init"},"25":{"type":"action","text":"output.next = undefined","one":"4","id":"25"},"46":{"type":"action","id":"46","one":"5","text":"output.next = tail.left"},"67":{"type":"action","text":"me.sub = sub\nme.visuals = visuals","one":"68","id":"67"},"26":{"type":"case","one":"75","id":"26"},"36":{"type":"action","text":"output.next = undefined","one":"4","id":"36"},"77":{"type":"action","id":"77","one":"36","text":"markParFloor(me, tail)"},"27":{"one":"33","id":"27","type":"case","text":"\"question\"","two":"26"},"58":{"type":"action","text":"addUpperCorner(sub, tail)","one":"59","id":"58"},"37":{"type":"action","id":"37","one":"38","text":"addEdgeToSub(sub, edge)"},"56":{"type":"action","text":"tail = edge.tail","one":"57","id":"56"},"59":{"type":"action","text":"output.next = tail.down","one":"2","id":"59"},"57":{"flag1":0,"id":"57","type":"question","text":"tail.up","one":"58","two":"60"},"28":{"one":"30","id":"28","type":"case","text":"\"arrow-loop\"","two":"27"},"48":{"type":"action","text":"head = edge.head","one":"49","id":"48"},"39":{"type":"action","id":"39","one":"2","text":"output.next = next.down"},"68":{"type":"action","id":"68","one":"2","text":"me.side = \"outer\"\nme.plan = []"},"49":{"flag1":1,"id":"49","type":"question","two":"51","one":"50","text":"hasLeft(head)"},"69":{"flag1":0,"id":"69","type":"question","two":"70","one":"13","text":"tail.subtype === \"parbegin\""},"19":{"type":"action","id":"19","one":"20","text":"markFloor(me, tail)"},"9":{"branchId":7,"one":"61","id":"9","type":"branch","text":"left"},"8":{"branchId":6,"one":"55","id":"8","type":"branch","text":"right"},"76":{"flag1":0,"id":"76","type":"question","two":"77","one":"36","text":"leftMost.subtype === \"parend\""},"74":{"flag1":0,"id":"74","type":"question","two":"25","one":"24","text":"leftMost.subtype === \"parend\""},"73":{"type":"action","text":"leftMost = goLeft(tail)","one":"74","id":"73"},"72":{"type":"action","text":"output.next = next.down","one":"2","id":"72"},"71":{"type":"action","id":"71","one":"72","text":"next = crawlParallel(visuals, tail)"},"70":{"type":"action","text":"addEdgeToSub(sub, edge)","one":"71","id":"70"},"24":{"type":"action","id":"24","one":"9","text":"output.next = tail.left"},"18":{"type":"action","id":"18","one":"2","text":"output.next = tail.down"},"12":{"type":"action","id":"12","one":"69","text":"tail = edge.tail"},"30":{"type":"action","id":"30","one":"31","text":"addEdgeToSub(sub, edge)"},"17":{"flag1":0,"id":"17","type":"question","two":"19","one":"18","text":"tail.type === \"address\""},"61":{"type":"sinput","text":"onEdge(edge, output)","one":"62","id":"61"},"31":{"type":"action","id":"31","one":"32","text":"planSpace(me, tail)"},"42":{"type":"sinput","text":"onEdge(edge, output)","one":"43","id":"42"},"43":{"type":"action","text":"tail = edge.tail","one":"44","id":"43"},"44":{"flag1":1,"id":"44","type":"question","text":"tail.down","one":"45","two":"46"},"47":{"type":"sinput","text":"onEdge(edge, output)","one":"48","id":"47"},"5":{"branchId":5,"one":"47","id":"5","type":"branch","text":"leftLoop"},"1":{"type":"end","id":"1"},"50":{"type":"action","text":"output.next = head.left","one":"5","id":"50"},"51":{"flag1":1,"id":"51","type":"question","text":"head.down","one":"52","two":"54"},"53":{"type":"action","id":"53","one":"2","text":"output.next = head.down"},"29":{"type":"select","id":"29","one":"28","text":"tail.type"},"54":{"type":"action","text":"output.next = markInnerSide(me, head)","one":"2","id":"54"},"55":{"type":"sinput","text":"onEdge(edge, output)","one":"56","id":"55"},"38":{"type":"action","id":"38","one":"39","text":"next = crawlSelect(visuals, tail)"},"6":{"branchId":3,"one":"40","id":"6","type":"branch","text":"rightLoop"},"60":{"type":"action","id":"60","one":"4","text":"output.next = undefined"},"2":{"branchId":2,"one":"10","id":"2","type":"branch","text":"down"},"63":{"flag1":1,"id":"63","type":"question","text":"head.down","one":"64","two":"65"},"35":{"type":"action","text":"output.next = tail.right","one":"8","id":"35"},"20":{"type":"action","text":"output.next = undefined","one":"4","id":"20"}},"type":"drakon","version":20180619,"updated_by":"stipan","created_by":"stipan","name":"OuterCrawler","language":"LANG_S42"}