{"version":20180619,"tag":"549764261","params":"skewers\nlinks\nskewer\npos","when_created":1657702605.4808,"parent_id":"794efc2c","props":[],"language":"LANG_S42","items":{"4":{"flag1":0,"id":"4","type":"question","text":"skewer.coord < pos","one":"1","two":"5"},"8":{"type":"loopend","text":"","one":"1","id":"8"},"1":{"type":"end","id":"1"},"5":{"type":"action","text":"skewer.coord = pos","one":"6","id":"5"},"9":{"type":"loopbegin","id":"9","one":"12","text":"_, link; closest"},"6":{"type":"action","text":"closest = getLinksWithLow(\n    links,\n    skewer.id\n)","one":"7","id":"6"},"11":{"type":"action","id":"11","one":"8","text":"calculateSkewerPos(\n    skewers,\n    links,\n    next,\n    nextPos\n)"},"12":{"type":"action","id":"12","one":"10","text":"nextPos = pos + link.distance"},"7":{"flag1":1,"id":"7","type":"question","two":"1","one":"9","text":"closest"},"2":{"type":"branch","branchId":0,"one":"4","id":"2"},"10":{"type":"action","text":"next = skewers[link.high]","one":"11","id":"10"}},"updated_by":"stipan","keywords":{"scenario":false,"async":false,"export":false,"function":true,"algoprop":false},"type":"drakon","when_updated":1657788638.4717,"name":"calculateSkewerPos","created_by":"stipan"}