{"version":20180619,"tag":"","params":"visuals\nelement","when_created":1676216098.1487,"parent_id":"f85b1648","props":[],"when_updated":1676216098.1487,"items":{"2":{"type":"branch","branchId":0,"one":"9","id":"2"},"8":{"one":"1","id":"8","type":"action","two":"","text":"return buildTextContent(\n    visuals,\n    element,\n    options,\n    element.width\n)"},"1":{"type":"end","id":"1"},"9":{"one":"8","id":"9","type":"action","two":"","text":"options = {}"}},"keywords":{"scenario":false,"async":false,"export":false,"function":true,"algoprop":false},"type":"drakon","updated_by":"stipan","language":"LANG_S42","name":"flow","created_by":"stipan"}