{"version":20180619,"tag":"422611463","params":"visuals\nedge\nop\ntype\nimageData","when_created":1662484760.1856,"parent_id":"41f1c7b9","props":[],"when_updated":1676111231.3077,"items":{"4":{"type":"action","text":"Min = 10","one":"5","id":"4"},"37":{"type":"action","text":"socket.imageData = imageData","one":"32","id":"37"},"10":{"type":"action","text":"socket = createSocket(\n    visuals,\n    x,\n    y,\n    op,\n    type,\n    radius\n)","one":"11","id":"10"},"21":{"type":"action","id":"21","one":"9","text":"box = createBox(\n    x1 - radius,\n    startPos,\n    radius * 2,\n    length\n)"},"22":{"type":"action","text":"box = createBox(\n    startPos,\n    y1 - radius,\n    length,\n    radius * 2\n)","one":"9","id":"22"},"32":{"type":"select","id":"32","one":"31","text":"edge.role"},"11":{"type":"action","id":"11","one":"37","text":"socket.edge = edge"},"23":{"type":"action","text":"radius = visuals.config.socketRadius","one":"3","id":"23"},"7":{"type":"action","id":"7","one":"16","text":"x1 = getX(head) + hw\ny1 = getY(head)\nx2 = getX(tail) - tw\ny2 = y1"},"33":{"type":"action","id":"33","one":"19","text":"socket.target = edge.finalTarget.itemId"},"29":{"type":"case","one":"33","id":"29"},"13":{"type":"action","id":"13","one":"1","text":"return socket"},"14":{"type":"action","id":"14","one":"10","text":"radius = visuals.config.socketTouchRadius"},"9":{"type":"action","id":"9","one":"14","text":"x = (x1 + x2) \/ 2\ny = (y1 + y2) \/ 2"},"8":{"type":"action","id":"8","one":"15","text":"x1 = getX(head)\ny1 = getY(head) + hh\nx2 = x1\ny2 = getY(tail) - th"},"19":{"flag1":0,"id":"19","type":"question","two":"24","one":"13","text":"length > radius * 2"},"6":{"flag1":0,"id":"6","type":"question","two":"8","one":"7","text":"edge.vertical"},"24":{"type":"action","id":"24","one":"25","text":"socket.box = box"},"15":{"type":"action","text":"startPos = getVerticalStartPos(edge)\nendPos = getVerticalEndPos(edge)\nlength = endPos - startPos","one":"21","id":"15"},"16":{"type":"action","id":"16","one":"22","text":"startPos = edge.head.x + edge.head.w\nendPos = edge.tail.x - edge.tail.w\nlength = endPos - startPos"},"35":{"type":"action","text":"socket.target = getParTarget(edge.head)","one":"19","id":"35"},"25":{"type":"action","text":"socket.startPos = startPos\nsocket.endPos = endPos","one":"13","id":"25"},"5":{"type":"action","text":"hw = Math.max(Min, head.w)\nhh = Math.max(Min, head.h)\ntw = Math.max(Min, tail.w)\nth = Math.max(Min, tail.h)","one":"6","id":"5"},"3":{"type":"action","id":"3","one":"4","text":"head = edge.head\ntail = edge.tail"},"36":{"type":"action","text":"socket.target = getFloorTarget(\n    visuals,\n    edge\n)","one":"19","id":"36"},"2":{"type":"branch","branchId":0,"one":"23","id":"2"},"31":{"one":"36","id":"31","type":"case","two":"30","text":"\"floor\""},"30":{"one":"35","id":"30","type":"case","text":"\"parceiling\"","two":"29"},"1":{"type":"end","id":"1"}},"updated_by":"stipan","keywords":{"scenario":false,"async":false,"export":false,"function":true,"algoprop":false},"type":"drakon","created_by":"stipan","name":"createSocketFromEdge","language":"LANG_S42"}