{"version":20180619,"tag":"463946572","params":"widget\nid","when_created":1658298686.6828,"parent_id":"35f7b123","props":[],"language":"LANG_S42","items":{"2":{"type":"branch","branchId":0,"one":"3","id":"2"},"1":{"type":"end","id":"1"},"3":{"type":"action","id":"3","one":"1","text":"return id in widget.selection.prims"}},"updated_by":"stipan","keywords":{"scenario":false,"async":false,"export":false,"function":true,"algoprop":false},"type":"drakon","when_updated":1665853466.0485,"name":"isSelected","created_by":"stipan"}