{"keywords":{"scenario":false,"async":false,"export":false,"function":true,"algoprop":false},"tag":"197758502","params":"widget\nctx","when_created":1690026038.564,"parent_id":"befd80d4","props":[],"created_by":"stipan","items":{"4":{"one":"9","id":"4","type":"action","text":"visuals = widget.visuals","two":""},"8":{"one":"10","id":"8","type":"action","text":"ctx.setLineDash([])","two":""},"1":{"type":"end","id":"1"},"5":{"one":"8","id":"5","type":"loopend","two":"","text":""},"9":{"one":"6","id":"9","type":"action","text":"visited = {}","two":""},"6":{"one":"11","id":"6","type":"loopbegin","two":"","text":"element; visuals.free"},"11":{"flag1":0,"id":"11","type":"question","two":"8","one":"7","text":"element.zIndex >= 0"},"7":{"one":"5","id":"7","type":"action","two":"","text":"drawFreeIcon(\n    widget,\n    element,\n    ctx,\n    visited\n)"},"2":{"type":"branch","branchId":0,"one":"4","id":"2"},"10":{"one":"1","id":"10","type":"action","two":"","text":"clearShadow(ctx)"}},"updated_by":"stipan","version":20180619,"type":"drakon","language":"LANG_S42","name":"drawBackPlane","when_updated":1690027647.2098}