{"version":20180619,"tag":"518422053","params":"ctx\nleft\ntop\nwidth\nheight\npx\npy","when_created":1672896132.0693,"parent_id":"a95f8752","props":[],"items":{"4":{"type":"action","text":"dpx = px + left\ndpy = py + top","one":"5","id":"4"},"10":{"type":"action","id":"10","one":"1","text":"ctx.closePath()"},"21":{"flag1":1,"id":"21","type":"question","two":"22","one":"7","text":"ne"},"22":{"flag1":1,"id":"22","type":"question","two":"14","one":"13","text":"se"},"11":{"flag1":1,"id":"11","type":"question","two":"18","one":"7","text":"nw"},"23":{"flag1":1,"id":"23","type":"question","two":"7","one":"14","text":"dpy > bottom"},"62":{"one":"64","id":"62","type":"action","text":"rightTopCorner(ctx, right, top, radius)","two":""},"7":{"branchId":2,"one":"69","id":"7","type":"branch","text":"Up"},"63":{"one":"65","id":"63","type":"action","text":"rightTopCorner(ctx, right, top, radius)","two":""},"13":{"branchId":3,"one":"70","id":"13","type":"branch","text":"Right"},"14":{"branchId":4,"one":"72","id":"14","type":"branch","text":"Down"},"64":{"one":"55","id":"64","type":"action","text":"rightBottomCorner(\n    ctx,\n    right,\n    bottom,\n    radius\n)","two":""},"8":{"type":"action","text":"ne = isAboveNESW(right, top, dpx, dpy)\nsw = isAboveNESW(left, bottom, dpx, dpy)","one":"9","id":"8"},"53":{"one":"6","id":"53","type":"action","text":"ctx.lineTo(left, beginY)\nctx.lineTo(dpx, dpy)\nctx.lineTo(left, endY)","two":""},"24":{"type":"action","id":"24","one":"3","text":"radius = 10"},"15":{"branchId":5,"one":"71","id":"15","type":"branch","text":"Left"},"35":{"one":"36","id":"35","type":"action","two":"","text":"beginY = findCalloutRoot(\n    top,\n    bottom,\n    dpy,\n    pwidth\n) - pwidth \/ 2\nendY = beginY + pwidth"},"25":{"type":"action","text":"leftTopCorner(ctx, left, top, radius)","one":"29","id":"25"},"46":{"one":"63","id":"46","type":"action","two":"","text":"leftTopCorner(ctx, left, top, radius)"},"67":{"one":"6","id":"67","type":"action","two":"","text":"leftBottomCorner(\n    ctx,\n    left,\n    bottom,\n    radius\n)"},"26":{"type":"action","id":"26","one":"27","text":"rightTopCorner(ctx, right, top, radius)"},"36":{"one":"60","id":"36","type":"action","two":"","text":"ctx.lineTo(right, beginY)\nctx.lineTo(dpx, dpy)\nctx.lineTo(right, endY)"},"27":{"type":"action","id":"27","one":"28","text":"rightBottomCorner(\n    ctx,\n    right,\n    bottom,\n    radius\n)"},"55":{"type":"action","id":"55","one":"45","text":"beginX = findCalloutRoot(\n    left,\n    right,\n    dpx,\n    pwidth\n) + pwidth \/ 2\nendX = beginX - pwidth"},"56":{"one":"53","id":"56","type":"action","two":"","text":"beginY = findCalloutRoot(\n    top,\n    bottom,\n    dpy,\n    pwidth\n) + pwidth \/ 2\nendY = beginY - pwidth"},"38":{"one":"62","id":"38","type":"action","text":"leftTopCorner(ctx, left, top, radius)","two":""},"57":{"one":"35","id":"57","type":"action","two":"","text":"rightTopCorner(ctx, right, top, radius)"},"28":{"type":"action","text":"leftBottomCorner(\n    ctx,\n    left,\n    bottom,\n    radius\n)","one":"6","id":"28"},"9":{"type":"action","id":"9","one":"17","text":"ctx.beginPath()"},"18":{"flag1":1,"id":"18","type":"question","two":"14","one":"15","text":"sw"},"29":{"type":"action","id":"29","one":"30","text":"beginX = findCalloutRoot(\n    left,\n    right,\n    dpx,\n    pwidth\n) - pwidth \/ 2\nendX = beginX + pwidth"},"72":{"type":"action","text":"pwidth = 40","one":"38","id":"72"},"71":{"type":"action","text":"pwidth = 20","one":"46","id":"71"},"70":{"type":"action","text":"pwidth = 20","one":"31","id":"70"},"69":{"type":"action","id":"69","one":"25","text":"pwidth = 40"},"1":{"type":"end","id":"1"},"68":{"one":"56","id":"68","type":"action","two":"","text":"leftBottomCorner(\n    ctx,\n    left,\n    bottom,\n    radius\n)"},"66":{"type":"action","text":"leftBottomCorner(\n    ctx,\n    left,\n    bottom,\n    radius\n)","one":"6","id":"66"},"65":{"one":"68","id":"65","type":"action","text":"rightBottomCorner(\n    ctx,\n    right,\n    bottom,\n    radius\n)","two":""},"60":{"one":"66","id":"60","type":"action","two":"","text":"rightBottomCorner(\n    ctx,\n    right,\n    bottom,\n    radius\n)"},"6":{"branchId":6,"one":"10","id":"6","type":"branch","text":"Close path"},"5":{"type":"action","text":"nw = isAboveNWSE(left, top, dpx, dpy)\nse = isAboveNWSE(right, bottom, dpx, dpy)","one":"8","id":"5"},"17":{"flag1":1,"id":"17","type":"question","text":"dpx < left","one":"11","two":"20"},"3":{"type":"action","id":"3","one":"4","text":"right = left + width\nbottom = top + height"},"2":{"branchId":1,"one":"24","id":"2","type":"branch","text":"Decide on side"},"30":{"type":"action","text":"ctx.lineTo(beginX, top)\nctx.lineTo(dpx, dpy)\nctx.lineTo(endX, top)","one":"26","id":"30"},"31":{"one":"57","id":"31","type":"action","text":"leftTopCorner(ctx, left, top, radius)","two":""},"45":{"one":"67","id":"45","type":"action","two":"","text":"ctx.lineTo(beginX, bottom)\nctx.lineTo(dpx, dpy)\nctx.lineTo(endX, bottom)"},"20":{"flag1":1,"id":"20","type":"question","two":"23","one":"21","text":"dpx > right"}},"created_by":"stipan","keywords":{"scenario":false,"async":false,"export":false,"function":true,"algoprop":false},"type":"drakon","updated_by":"stipan","name":"calloutPath","when_updated":1672913035.4651}