{"keywords":{"scenario":false,"async":false,"export":false,"function":true,"algoprop":false},"tag":"188271383","params":"type\nimageData","when_created":1665135109.7042,"parent_id":"e0f4b57d","props":[],"when_updated":1676111051.4087,"items":{"4":{"type":"action","id":"4","one":"21","text":"clearSockets(self.visuals)"},"5":{"type":"case","one":"9","id":"5"},"22":{"type":"action","text":"showMindInsertSockets(\n    self,\n    \"insert\",\n    type,\n    imageData\n)","one":"11","id":"22"},"11":{"type":"action","text":"paint(self)","one":"1","id":"11"},"12":{"type":"action","text":"showAllBranchSockets(\n    self.visuals,\n    \"insert\"\n)","one":"11","id":"12"},"7":{"one":"13","id":"7","type":"case","text":"\"case\"","two":"6"},"18":{"one":"19","id":"18","type":"case","text":"\"duration\"","two":"5"},"13":{"type":"action","text":"showInsert = function (visuals, node) {\n    showCaseSockets(\n        visuals,\n        node,\n        \"insert\"\n    )\n}","one":"14","id":"13"},"14":{"type":"action","id":"14","one":"11","text":"forType(self.visuals, \"case\", showInsert)"},"8":{"type":"select","text":"type","one":"7","id":"8"},"1":{"type":"end","id":"1"},"9":{"type":"action","text":"showBlockInsertSockets(\n    self.visuals,\n    \"insert\",\n    type,\n    imageData\n)","one":"11","id":"9"},"15":{"flag1":0,"id":"15","type":"question","text":"isReadonly(self)","one":"4","two":"1"},"16":{"one":"17","id":"16","type":"case","two":"18","text":"\"par\""},"6":{"one":"12","id":"6","type":"case","two":"16","text":"\"branch\""},"17":{"type":"action","text":"showAllParSockets(self.visuals, \"insert\")","one":"11","id":"17"},"2":{"type":"branch","branchId":0,"one":"20","id":"2"},"19":{"type":"action","text":"showDurationSockets(\n    self.visuals,\n    \"insert\"\n)","one":"11","id":"19"},"21":{"flag1":0,"id":"21","type":"question","two":"22","one":"8","text":"type in self.mindIcons"},"20":{"type":"action","id":"20","one":"15","text":"tracing.trace(\n    \"DrakonCanvas.showInsertionSockets\",\n    type\n)"}},"type":"drakon","version":20180619,"updated_by":"stipan","created_by":"stipan","name":"showInsertionSockets","language":"LANG_S42"}