{"version":20180619,"tag":"308820652","params":"ctx\ncoords\ncolor\nwidth\nradius","when_created":1672812569.9838,"parent_id":"befd80d4","props":[],"created_by":"stipan","items":{"4":{"type":"action","id":"4","one":"3","text":"ctx.strokeStyle = color\nctx.lineWidth = width"},"1":{"type":"end","id":"1"},"5":{"type":"action","id":"5","one":"1","text":"ctx.stroke()"},"2":{"type":"branch","branchId":0,"one":"4","id":"2"},"3":{"type":"action","text":"roundedLine(ctx, coords, radius)","one":"5","id":"3"}},"keywords":{"scenario":false,"async":false,"export":false,"function":true,"algoprop":false},"updated_by":"stipan","type":"drakon","when_updated":1672812635.5927,"name":"multilineRounded","language":"LANG_S42"}