{"version":20180619,"tag":"113900759","params":"node\nnodeProp\nedgeProp","when_created":1665902694.1825,"parent_id":"35f7b123","props":[],"created_by":"stipan","items":{"4":{"flag1":0,"id":"4","type":"question","text":"edge","one":"8","two":"6"},"8":{"type":"action","id":"8","one":"1","text":"return undefined"},"10":{"type":"arrow-loop","one":"3","id":"10"},"5":{"flag1":0,"id":"5","type":"question","two":"10","one":"7","text":"node.type === \"junction\""},"9":{"type":"action","id":"9","one":"1","text":"return node"},"6":{"type":"action","id":"6","one":"5","text":"node = edge[edgeProp]"},"3":{"type":"action","id":"3","one":"4","text":"edge = node[nodeProp]"},"7":{"flag1":0,"id":"7","type":"question","text":"node.type === \"arrow-loop\"","one":"9","two":"10"},"2":{"type":"branch","branchId":0,"one":"10","id":"2"},"1":{"type":"end","id":"1"}},"type":"drakon","keywords":{"scenario":false,"async":false,"export":false,"function":true,"algoprop":false},"updated_by":"stipan","language":"LANG_S42","name":"findNeighbour","when_updated":1665902809.2902}