{"version":20180619,"tag":"481626376","params":"widget\nnode","when_created":1665046629.8559,"parent_id":"f474e5bd","props":[],"created_by":"stipan","items":{"4":{"branchId":4,"one":"7","id":"4","type":"branch","text":"Exit"},"8":{"type":"action","text":"popFromSkewer(widget, node, edits)","one":"5","id":"8"},"1":{"type":"end","id":"1"},"5":{"branchId":2,"one":"9","id":"5","type":"branch","text":"Mark the nodes that stay"},"9":{"type":"action","text":"toKeep = {}\ntoKeep[node.itemId] = true","one":"10","id":"9"},"6":{"branchId":3,"one":"12","id":"6","type":"branch","text":"Gather the nodes to delete"},"11":{"type":"action","id":"11","one":"6","text":"markToStay(\n    widget,\n    node,\n    one.itemId,\n    toKeep\n)"},"12":{"type":"action","text":"two = node.next[1]","one":"13","id":"12"},"3":{"type":"action","text":"edits = []","one":"8","id":"3"},"7":{"type":"action","id":"7","one":"1","text":"return edits"},"2":{"branchId":1,"one":"14","id":"2","type":"branch","text":"Delete question itself"},"10":{"type":"action","text":"one = node.next[0]","one":"11","id":"10"},"13":{"type":"action","text":"markToDelete(\n    widget,\n    toKeep,\n    node,\n    two.itemId,\n    edits\n)","one":"4","id":"13"},"14":{"type":"action","id":"14","one":"3","text":"model = widget.model"}},"updated_by":"stipan","keywords":{"scenario":false,"async":false,"export":false,"function":true,"algoprop":false},"type":"drakon","when_updated":1675884006.9125,"name":"deleteQuestion","language":"LANG_S42"}