{"version":20180619,"tag":"156557319","params":"element\npos","when_created":1671084903.2266,"parent_id":"4dc44fb7","props":[],"language":"LANG_S42","items":{"4":{"type":"loopend","text":"","one":"3","id":"4"},"8":{"type":"action","text":"return true","one":"1","id":"8"},"1":{"type":"end","id":"1"},"5":{"type":"loopbegin","text":"box; element.subboxes","one":"7","id":"5"},"2":{"type":"branch","branchId":0,"one":"9","id":"2"},"9":{"flag1":0,"id":"9","type":"question","text":"hitBox(element.innerBox, pos.x, pos.y)","one":"5","two":"8"},"7":{"flag1":0,"id":"7","type":"question","text":"hitBox(box, pos.x, pos.y)","one":"4","two":"8"},"3":{"type":"action","id":"3","one":"1","text":"return false"}},"keywords":{"scenario":false,"async":false,"export":false,"function":true,"algoprop":false},"type":"drakon","updated_by":"stipan","when_updated":1671085324.554,"name":"hit","created_by":"stipan"}