{"version":20180619,"tag":"11213544","params":"config\nsize","when_created":1677139537.5156,"parent_id":"794efc2c","props":[],"when_updated":1677139546.9199,"items":{"2":{"type":"branch","branchId":0,"one":"5","id":"2"},"3":{"type":"action","id":"3","one":"1","text":"return Math.floor(snappedUp \/ 2)"},"1":{"type":"end","id":"1"},"5":{"type":"action","text":"snappedUp = Math.ceil(\n    size \/ config.metre\n) * config.metre","one":"3","id":"5"}},"type":"drakon","keywords":{"scenario":false,"async":false,"export":false,"function":true,"algoprop":false},"updated_by":"stipan","language":"LANG_S42","name":"makeHalfSize","created_by":"stipan"}