{"version":20180619,"tag":"472404345","params":"node","when_created":1664374174.2961,"parent_id":"a07682cb","props":[],"created_by":"stipan","items":{"4":{"one":"3","id":"4","type":"case","two":"8","text":"\"junction\""},"8":{"one":"3","id":"8","type":"case","two":"9","text":"\"select\""},"1":{"type":"end","id":"1"},"5":{"one":"3","id":"5","type":"case","two":"4","text":"\"end\""},"9":{"one":"3","id":"9","type":"case","two":"10","text":"\"question\""},"6":{"one":"3","id":"6","type":"case","two":"5","text":"\"header\""},"11":{"type":"case","two":null,"one":"12","id":"11"},"12":{"type":"action","id":"12","one":"1","text":"return true"},"3":{"type":"action","id":"3","one":"1","text":"return false"},"7":{"type":"select","id":"7","one":"6","text":"node.type"},"2":{"type":"branch","branchId":0,"one":"7","id":"2"},"10":{"one":"3","id":"10","type":"case","text":"\"address\"","two":"13"},"13":{"one":"14","id":"13","type":"case","text":"\"case\"","two":"11"},"14":{"flag1":1,"id":"14","type":"question","two":"12","one":"3","text":"firstCase(node.select) === node"}},"type":"drakon","keywords":{"scenario":false,"async":false,"export":false,"function":true,"algoprop":false},"updated_by":"stipan","language":"LANG_S42","name":"isSimpleItem","when_updated":1664375029.3187}