{"version":20180619,"tag":"829934922","params":"visuals\nnode\nop","when_created":1666707692.0006,"parent_id":"41f1c7b9","props":[],"when_updated":1666707767.9087,"items":{"4":{"one":"6","id":"4","type":"action","two":"","text":"socket = createSocket(\n    visuals,\n    node.x - node.w,\n    node.y,\n    op,\n    \"duration\",\n    radius\n)"},"1":{"type":"end","id":"1"},"5":{"one":"4","id":"5","type":"action","text":"radius = visuals.config.socketTouchRadius","two":""},"2":{"type":"branch","branchId":0,"one":"5","id":"2"},"6":{"one":"1","id":"6","type":"action","two":"","text":"socket.node = node"}},"type":"drakon","keywords":{"scenario":false,"async":false,"export":false,"function":true,"algoprop":false},"updated_by":"stipan","language":"LANG_S42","name":"createDurationSocket","created_by":"stipan"}