{"version":20180619,"tag":"811512855","params":"current\nline\ntype","when_created":1667488407.3128,"parent_id":"36bf5937","props":[],"language":"LANG_S42","items":{"4":{"flag1":1,"id":"4","type":"question","two":"5","one":"3","text":"current.text"},"1":{"type":"end","id":"1"},"5":{"type":"action","id":"5","one":"1","text":"return {\n    text: \"\",\n    type: type\n}"},"2":{"type":"branch","branchId":0,"one":"4","id":"2"},"3":{"type":"action","id":"3","one":"5","text":"line.tokens.push(current)"}},"updated_by":"stipan","keywords":{"scenario":false,"async":false,"export":false,"function":true,"algoprop":false},"type":"drakon","when_updated":1668154247.6487,"name":"endToken","created_by":"stipan"}