{"keywords":{"scenario":false,"async":false,"export":true,"function":true,"algoprop":false},"tag":"820277911","params":"font\nfontCache\nfixFamily","when_created":1667475216.9886,"parent_id":"f2ec426b","props":[],"language":"LANG_S42","items":{"70":{"type":"action","text":"size = parsePxSize(part)","one":"71","id":"70"},"40":{"one":"35","id":"40","type":"case","text":"\"normal\"","two":"48"},"10":{"branchId":7,"one":"83","id":"10","type":"branch","text":"Build font object"},"80":{"flag1":0,"id":"80","type":"question","text":"current < tokens.length","one":"89","two":"84"},"50":{"type":"action","id":"50","one":"51","text":"size = parsePxSize(part)"},"32":{"one":"29","id":"32","type":"action","two":"","text":"part = tokens[current++]"},"11":{"type":"action","id":"11","one":"23","text":"style = \"\"\nweight = \"\"\nsize = \"\"\nfamily = \"\""},"23":{"type":"action","text":"current = 0","one":"8","id":"23"},"7":{"branchId":8,"one":"1","id":"7","type":"branch","text":"Exit"},"51":{"flag1":0,"id":"51","type":"question","text":"size === undefined","one":"36","two":"52"},"52":{"one":"7","id":"52","type":"action","two":"","text":"throw Error(\n    \"Expected px size in \\\"font\\\" property\"\n)"},"43":{"one":"42","id":"43","type":"select","two":"","text":"part"},"64":{"one":"65","id":"64","type":"action","two":"","text":"size = parsePxSize(part)"},"34":{"branchId":4,"one":"38","id":"34","type":"branch","text":"Weight"},"53":{"flag1":1,"id":"53","type":"question","text":"current < tokens.length","one":"58","two":"54"},"83":{"type":"arrow-loop","one":"80","id":"83"},"24":{"flag1":1,"id":"24","type":"question","text":"current < tokens.length","one":"32","two":"25"},"84":{"type":"action","text":"next = tokens[current++]","one":"85","id":"84"},"35":{"branchId":5,"one":"53","id":"35","type":"branch","text":"Size"},"25":{"one":"7","id":"25","type":"action","two":"","text":"throw Error(\"Empty \\\"font\\\" property\")"},"46":{"one":"43","id":"46","type":"action","two":"","text":"part = tokens[current++]"},"67":{"flag1":1,"id":"67","type":"question","text":"current < tokens.length","one":"69","two":"68"},"26":{"one":"34","id":"26","type":"case","two":"37","text":"\"normal\""},"36":{"branchId":6,"one":"67","id":"36","type":"branch","text":"Family"},"77":{"type":"action","text":"return fontObj","one":"7","id":"77"},"27":{"one":"33","id":"27","type":"case","text":"\"oblique\"","two":"30"},"88":{"type":"action","text":"fontObj.font = cssFontToString(fontObj)","one":"78","id":"88"},"58":{"one":"64","id":"58","type":"action","text":"part = tokens[current++]","two":""},"37":{"type":"case","two":null,"one":"70","id":"37"},"8":{"branchId":3,"one":"24","id":"8","type":"branch","text":"Style"},"89":{"flag1":1,"id":"89","type":"question","two":"79","one":"87","text":"fixFamily"},"85":{"flag1":1,"id":"85","type":"question","two":"86","one":"82","text":"next[0] === \",\""},"86":{"one":"82","id":"86","type":"action","text":"family += \" \"","two":""},"38":{"flag1":1,"id":"38","type":"question","text":"current < tokens.length","one":"46","two":"39"},"82":{"one":"83","id":"82","type":"action","text":"family += next","two":""},"87":{"type":"action","id":"87","one":"79","text":"family = enrichFamily(family)"},"28":{"one":"33","id":"28","type":"case","text":"\"italic\"","two":"27"},"78":{"one":"77","id":"78","type":"action","two":"","text":"fontCache[font] = fontObj"},"48":{"type":"case","two":"","one":"50","id":"48"},"39":{"one":"7","id":"39","type":"action","text":"throw Error(\n    \"Unexpected end of \\\"font\\\" property\"\n)","two":""},"29":{"one":"28","id":"29","type":"select","two":"","text":"part"},"74":{"flag1":1,"id":"74","type":"question","two":"2","one":"73","text":"font in fontCache"},"49":{"one":"35","id":"49","type":"action","text":"weight = part","two":""},"79":{"type":"action","id":"79","one":"88","text":"fontObj = {\n    style: style,\n    weight: weight,\n    size: size,\n    family: family,\n    font: \"\"\n}"},"69":{"one":"10","id":"69","type":"action","two":"","text":"family = tokens[current++]"},"1":{"type":"end","id":"1"},"73":{"one":"7","id":"73","type":"action","text":"return fontCache[font]","two":""},"72":{"branchId":1,"one":"74","id":"72","type":"branch","text":"Find in cache"},"71":{"flag1":0,"id":"71","type":"question","text":"size === undefined","one":"36","two":"35"},"68":{"one":"7","id":"68","type":"action","two":"","text":"throw Error(\n    \"Unexpected end of \\\"font\\\" property\"\n)"},"66":{"one":"7","id":"66","type":"action","text":"throw Error(\n    \"Expected px size in \\\"font\\\" property\"\n)","two":""},"65":{"flag1":0,"id":"65","type":"question","text":"size === undefined","one":"36","two":"66"},"54":{"one":"7","id":"54","type":"action","text":"throw Error(\n    \"Unexpected end of \\\"font\\\" property\"\n)","two":""},"3":{"type":"action","id":"3","one":"11","text":"tokens = stringToTokensQuoted(font)"},"31":{"one":"35","id":"31","type":"action","two":"","text":"weight = part"},"30":{"one":"31","id":"30","type":"case","text":"\"bold\"","two":"26"},"2":{"branchId":2,"one":"3","id":"2","type":"branch","text":"Lex"},"42":{"one":"49","id":"42","type":"case","text":"\"bold\"","two":"40"},"33":{"one":"34","id":"33","type":"action","text":"style = part","two":""}},"type":"drakon","version":20180619,"updated_by":"stipan","when_updated":1697120929.8132,"name":"parseCssFont","created_by":"stipan"}