{"version":20180619,"tag":"502411688","params":"visuals\nsrc\ntarget","when_created":1664473354.7479,"parent_id":"a07682cb","props":[],"created_by":"stipan","items":{"4":{"type":"loopend","text":"","one":"3","id":"4"},"1":{"type":"end","id":"1"},"5":{"type":"loopbegin","text":"link; src.links","one":"9","id":"5"},"9":{"type":"action","text":"node = getNodeByItem(\n    visuals,\n    link.source\n)","one":"10","id":"9"},"11":{"type":"action","text":"return false","one":"1","id":"11"},"3":{"type":"action","id":"3","one":"1","text":"return true"},"7":{"type":"action","id":"7","one":"5","text":"targetNode = target.finalTarget"},"2":{"type":"branch","branchId":0,"one":"7","id":"2"},"10":{"flag1":1,"id":"10","type":"question","two":"11","one":"4","text":"withinSameLoopCore(node, targetNode, 0)"}},"updated_by":"stipan","keywords":{"scenario":false,"async":false,"export":false,"function":true,"algoprop":false},"type":"drakon","language":"LANG_S42","name":"withinSameLoop","when_updated":1664473447.0254}