{"version":20180619,"tag":"354670819","params":"visuals\nnode","when_created":1657639171.9592,"parent_id":"794efc2c","props":[],"created_by":"stipan","items":{"4":{"type":"action","text":"linkNodeToLevel(level, node)","one":"5","id":"4"},"1":{"type":"end","id":"1"},"5":{"flag1":0,"id":"5","type":"question","text":"node.right","one":"1","two":"6"},"2":{"type":"branch","branchId":0,"one":"3","id":"2"},"6":{"type":"action","text":"node = getRight(node)","one":"7","id":"6"},"7":{"type":"arrow-loop","one":"4","id":"7"},"3":{"type":"action","id":"3","one":"7","text":"level = createLevel(visuals)"}},"type":"drakon","keywords":{"scenario":false,"async":false,"export":false,"function":true,"algoprop":false},"updated_by":"stipan","language":"LANG_S42","name":"traceLevel","when_updated":1657639340.8688}