{"version":20180619,"tag":"322730499","params":"visuals","when_created":1658298303.5071,"parent_id":"41f1c7b9","props":[],"when_updated":1663075629.4525,"items":{"2":{"type":"branch","branchId":0,"one":"3","id":"2"},"1":{"type":"end","id":"1"},"3":{"type":"action","id":"3","one":"1","text":"visuals.sockets = []\nvisuals.currentSocket = undefined\nvisuals.onSocket = false"}},"type":"drakon","keywords":{"scenario":false,"async":false,"export":false,"function":true,"algoprop":false},"updated_by":"stipan","language":"LANG_S42","name":"clearSockets","created_by":"stipan"}