{"version":20180619,"tag":"","params":"x\ny","when_created":1672852770.1047,"parent_id":"224ea0c9","props":[],"language":"LANG_S42","items":{"2":{"type":"branch","branchId":0,"one":"6","id":"2"},"6":{"type":"action","text":"self.element.aux = self.right - x - self.touch\n* 2","one":"1","id":"6"},"1":{"type":"end","id":"1"}},"keywords":{"scenario":false,"async":false,"export":false,"function":true,"algoprop":false},"type":"drakon","updated_by":"stipan","when_updated":1672852770.1047,"name":"dragTo","created_by":"stipan"}