{"version":20180619,"tag":"691672651","params":"visuals\nbranchId","when_created":1665291972.4041,"parent_id":"f7515898","props":[],"language":"LANG_S42","items":{"4":{"flag1":1,"id":"4","type":"question","two":"5","one":"3","text":"rightBranch"},"1":{"type":"end","id":"1"},"5":{"type":"action","text":"return visuals.branches[0]","one":"1","id":"5"},"2":{"type":"branch","branchId":0,"one":"6","id":"2"},"6":{"type":"action","id":"6","one":"4","text":"rightBranch = getBranchById(\n    visuals,\n    branchId\n)"},"3":{"type":"action","id":"3","one":"1","text":"return rightBranch.itemId"}},"updated_by":"stipan","keywords":{"scenario":false,"async":false,"export":false,"function":true,"algoprop":false},"type":"drakon","created_by":"stipan","name":"getBranchItemId","when_updated":1665295583.3657}