{"version":20180619,"tag":"","params":"element\nconfig","when_created":1672895681.7179,"parent_id":"5ed6e498","props":[],"when_updated":1672895681.7179,"items":{"2":{"branchId":0,"one":"35","id":"2","type":"branch","text":""},"1":{"type":"end","id":"1"},"35":{"type":"action","text":"calculateRectBox(element)","one":"1","id":"35"}},"keywords":{"scenario":false,"async":false,"export":false,"function":true,"algoprop":false},"updated_by":"stipan","type":"drakon","created_by":"stipan","name":"calculateBox","language":"LANG_S42"}