{"version":20180619,"tag":"692798993","params":"icons\nnames\nprops","when_created":1667020008.0813,"parent_id":"befd80d4","props":[],"language":"LANG_S42","items":{"4":{"type":"loopend","id":"4","one":"1","text":""},"8":{"type":"action","text":"icon = {}\nicons[name] = icon","one":"11","id":"8"},"1":{"type":"end","id":"1"},"5":{"type":"loopbegin","text":"name; names","one":"6","id":"5"},"6":{"flag1":1,"id":"6","type":"question","text":"name in icons","one":"7","two":"8"},"11":{"type":"loopbegin","text":"key, value; props","one":"12","id":"11"},"12":{"flag1":1,"id":"12","type":"question","two":"13","one":"10","text":"key in icon"},"7":{"type":"action","text":"icon = icons[name]","one":"11","id":"7"},"2":{"type":"branch","branchId":0,"one":"5","id":"2"},"13":{"type":"action","id":"13","one":"10","text":"icon[key] = value"},"10":{"type":"loopend","text":"","one":"4","id":"10"}},"updated_by":"stipan","keywords":{"scenario":false,"async":false,"export":false,"function":true,"algoprop":false},"type":"drakon","when_updated":1667020251.7952,"name":"setIconDefaultProps","created_by":"stipan"}