{"version":20180619,"tag":"783874207","params":"visuals\nbranchNodes\noldTargets\nnewTarget\nedits","when_created":1665247135.2206,"parent_id":"2de5181c","props":[],"language":"LANG_S42","items":{"4":{"type":"loopend","text":"","one":"1","id":"4"},"8":{"type":"action","text":"updateItem(\n    edits,\n    itemId,\n    {one: newTarget}\n)","one":"9","id":"8"},"1":{"type":"end","id":"1"},"5":{"type":"loopbegin","id":"5","one":"13","text":"itemId, _; branchNodes"},"9":{"flag1":0,"id":"9","type":"question","two":"11","one":"4","text":"node.two in oldTargets"},"11":{"type":"action","text":"updateItem(\n    edits,\n    itemId,\n    {two: newTarget}\n)","one":"4","id":"11"},"12":{"type":"action","id":"12","one":"7","text":"node = getNode(visuals, itemId)"},"7":{"flag1":0,"id":"7","type":"question","two":"8","one":"9","text":"node.one in oldTargets"},"2":{"type":"branch","branchId":0,"one":"5","id":"2"},"13":{"flag1":1,"id":"13","type":"question","two":"4","one":"12","text":"itemId in visuals.nodes"}},"updated_by":"stipan","keywords":{"scenario":false,"async":false,"export":false,"function":true,"algoprop":false},"type":"drakon","created_by":"stipan","name":"redirectBranch","when_updated":1667028904.993}