{"version":20180619,"tag":"365214208","params":"visuals\nnode\nctx","when_created":1666197044.8271,"parent_id":"4ee6bb37","props":[],"when_updated":1672562141.5714,"items":{"18":{"type":"action","id":"18","one":"15","text":"renderDrakonIconShape(\n    ctx,\n    visuals,\n    node,\n    buildLoopBeginCoords,\n    visuals.config.metre\n)"},"15":{"one":"1","id":"15","type":"action","two":"","text":"centerContent(visuals, node, ctx)"},"1":{"type":"end","id":"1"},"2":{"type":"branch","branchId":0,"one":"18","id":"2"}},"type":"drakon","keywords":{"scenario":false,"async":false,"export":false,"function":true,"algoprop":false},"updated_by":"stipan","language":"LANG_S42","name":"renderLoopBegin","created_by":"stipan"}