{"version":20180619,"tag":"66863848","when_created":1676110660.6641,"parent_id":"e0f4b57d","props":[],"items":{"4":{"type":"action","id":"4","one":"1","text":"return result"},"1":{"type":"end","id":"1"},"5":{"type":"loopend","text":"","one":"4","id":"5"},"2":{"type":"branch","branchId":0,"one":"3","id":"2"},"6":{"type":"loopbegin","text":"id, image; self.images","one":"7","id":"6"},"7":{"type":"action","id":"7","one":"5","text":"result[id] = {content: image.content}"},"3":{"type":"action","id":"3","one":"6","text":"result = {}"}},"language":"LANG_S42","when_updated":1676111681.7084,"updated_by":"stipan","type":"drakon","name":"getLoadedImages","created_by":"stipan"}