{"version":20180619,"tag":"910022018","params":"width\nheight\nconfig","when_created":1657203059.1356,"parent_id":"e0f4b57d","props":[],"when_updated":1751101551.6471,"items":{"4":{"one":"61","id":"4","type":"action","text":"canvas = html.createElement(\"canvas\")","two":""},"40":{"one":"41","id":"40","type":"action","two":"","text":"self.contentContainer = div(\n    {\n        display: \"inline-block\",\n        position: \"absolute\",\n        left: \"0px\",\n        top: \"0px\",\n        width: \"100vw\",\n        height: \"100vh\",\n        \"pointer-events\": \"none\"\n    }\n)"},"60":{"type":"action","text":"createStyles(self)","one":"39","id":"60"},"41":{"one":"29","id":"41","type":"action","text":"html.add(\n    container,\n    self.contentContainer\n)","two":""},"71":{"flag1":0,"id":"71","type":"question","two":"75","one":"17","text":"self.config.showLog"},"61":{"type":"action","id":"61","one":"6","text":"factor = html.getRetinaFactor()"},"62":{"flag1":0,"id":"62","type":"question","text":"config.canvasIcons","one":"40","two":"29"},"51":{"branchId":5,"one":"52","id":"51","type":"branch","text":"Canvas events"},"52":{"one":"53","id":"52","type":"action","text":"registerEvent(\n    self.scrollableContainer,\n    \"pointerdown\",\n    self.onMouseDown\n)","two":""},"44":{"one":"51","id":"44","type":"action","text":"self.scrollableContainer = div(\n    scrollable\n)\nhtml.add(\n    container,\n    self.scrollableContainer\n)","two":""},"14":{"one":"15","id":"14","type":"action","text":"canvas.width = width * factor\ncanvas.height = height * factor\nself.width = width\nself.height = height","two":""},"64":{"one":"65","id":"64","type":"action","two":"","text":"registerEvent(\n    self.scrollableContainer,\n    \"wheel\",\n    function (evt) {\n        onMouseWheel(self, evt)\n    }\n)"},"53":{"one":"54","id":"53","type":"action","text":"registerEvent(\n    self.scrollableContainer,\n    \"pointermove\",\n    self.onMouseMove\n)","two":""},"75":{"one":"77","id":"75","type":"action","text":"unit.logDiv = div(\n    \"full-screen\",\n    {\n        \"position\": \"fixed\",\n        \"width\": \"100vw\",\n        \"heigh\": \"100vh\",\n        \"left\": \"0px\",\n        \"top\": \"0px\",\n        background: \"rgba(255, 200, 0, 0.5)\",\n        \"pointer-events\": \"none\",\n        \"z-index\": 5000\n    }\n)","two":""},"65":{"branchId":6,"one":"66","id":"65","type":"branch","text":"Touch events"},"6":{"one":"14","id":"6","type":"action","two":"","text":"canvas.style.position = \"absolute\"\ncanvas.style.display = \"inline-block\"\ncanvas.style.left = \"0px\"\ncanvas.style.top = \"0px\"\ncanvas.style.width = width + \"px\"\ncanvas.style.height = height + \"px\""},"66":{"one":"67","id":"66","type":"action","text":"registerEvent(\n    self.scrollableContainer,\n    \"touchstart\",\n    self.onTouchStart\n)","two":""},"25":{"type":"action","text":"container = div(\n    {\n        display: \"inline-block\",\n        position: \"relative\",\n        left: \"0px\",\n        top: \"0px\",\n        width: \"100%\",\n        height: \"100%\",\n        overflow: \"hidden\"\n    }\n)","one":"4","id":"25"},"67":{"one":"68","id":"67","type":"action","text":"registerEvent(\n    self.scrollableContainer,\n    \"touchmove\",\n    self.onTouchMove\n)","two":""},"54":{"one":"55","id":"54","type":"action","text":"registerEvent(\n    self.scrollableContainer,\n    \"pointerup\",\n    self.onMouseUp\n)","two":""},"77":{"one":"76","id":"77","type":"action","text":"unit.debugLog = []","two":""},"55":{"one":"57","id":"55","type":"action","text":"registerEvent(\n    self.scrollableContainer,\n    \"pointerleave\",\n    self.onMouseLeave\n)","two":""},"59":{"type":"action","text":"scrollable = \"drakon-scrollable-container\"\n+ self.myStyleId","one":"44","id":"59"},"57":{"one":"64","id":"57","type":"action","text":"registerEvent(\n    self.scrollableContainer,\n    \"contextmenu\",\n    self.onContextMenu\n)","two":""},"18":{"branchId":2,"one":"20","id":"18","type":"branch","text":"Copy config"},"68":{"one":"69","id":"68","type":"action","text":"registerEvent(\n    self.scrollableContainer,\n    \"touchcancel\",\n    self.onTouchEnd\n)","two":""},"69":{"one":"70","id":"69","type":"action","two":"","text":"registerEvent(\n    self.scrollableContainer,\n    \"touchend\",\n    self.onTouchEnd\n)"},"1":{"type":"end","id":"1"},"76":{"one":"17","id":"76","type":"action","text":"html.add(container, unit.logDiv)","two":""},"70":{"branchId":7,"one":"71","id":"70","type":"branch","text":"Debug log"},"29":{"branchId":4,"one":"59","id":"29","type":"branch","text":"Scroll bars"},"39":{"branchId":3,"one":"62","id":"39","type":"branch","text":"Content container"},"19":{"type":"action","id":"19","one":"1","text":"return container"},"2":{"branchId":1,"one":"25","id":"2","type":"branch","text":"Create canvas"},"17":{"branchId":8,"one":"19","id":"17","type":"branch","text":"Exit"},"15":{"type":"action","id":"15","one":"18","text":"self.canvas = canvas\nself.container = container\nhtml.add(container, canvas)"},"20":{"type":"action","id":"20","one":"60","text":"self.config = buildConfig(config)"}},"type":"drakon","keywords":{"scenario":false,"async":false,"export":false,"function":true,"algoprop":false},"updated_by":"admin","created_by":"stipan","name":"render","language":"LANG_S42"}