{"version":20180619,"tag":"643507170","params":"widget\ntype\nrender","when_created":1673158104.6147,"parent_id":"c7c5feee","props":[],"language":"LANG_S42","items":{"4":{"type":"action","id":"4","one":"5","text":"obj.type = type\nobj.width = 20\nobj.height = 20\nobj.render = render"},"1":{"type":"end","id":"1"},"5":{"type":"action","id":"5","one":"1","text":"widget.freeIcons[type] = obj"},"2":{"type":"branch","branchId":0,"one":"3","id":"2"},"3":{"type":"action","text":"obj = GlyphIcon()","one":"4","id":"3"}},"keywords":{"scenario":false,"async":false,"export":false,"function":true,"algoprop":false},"type":"drakon","updated_by":"stipan","created_by":"stipan","name":"createGlyphIcon","when_updated":1673158505.3093}