{"version":20180619,"tag":"140377479","params":"visuals\nprims","when_created":1667134876.9567,"parent_id":"b01ba575","props":[],"language":"LANG_S42","items":{"4":{"type":"action","id":"4","one":"1","text":"return style"},"8":{"type":"action","id":"8","one":"14","text":"style.iconBack = style.iconBack || \"\"\nstyle.color = style.color || \"\"\nstyle.iconBorder = style.iconBorder || \"\"\nstyle.padding = style.padding || \"\"\nstyle.internalLine = style.internalLine ||\n\"\"\nstyle.lineHeight = style.lineHeight || \"\"\nstyle.textAlign = style.textAlign || \"\"\nstyle.borderStyle = style.borderStyle ||\n\"\""},"1":{"type":"end","id":"1"},"5":{"type":"loopend","id":"5","one":"8","text":""},"9":{"type":"action","text":"style = {font: \"\"}","one":"6","id":"9"},"6":{"type":"loopbegin","text":"prim; prims","one":"7","id":"6"},"11":{"type":"action","id":"11","one":"4","text":"style.borderWidth = \"\""},"7":{"type":"action","text":"copyStyleFromPrim(prim, style)","one":"13","id":"7"},"2":{"type":"branch","branchId":0,"one":"9","id":"2"},"10":{"flag1":1,"id":"10","type":"question","two":"11","one":"4","text":"\"borderWidth\" in style"},"13":{"one":"5","id":"13","type":"action","text":"style.font = getThemeValueCore(\n    visuals.config,\n    prim.type,\n    prim.style,\n    \"font\",\n    style.font\n)","two":""},"14":{"type":"action","id":"14","one":"10","text":"style.shadowOffsetX = style.shadowOffsetX\n|| 0\nstyle.shadowOffsetY = style.shadowOffsetY\n|| 0\nstyle.shadowColor = style.shadowColor ||\n\"\"\nstyle.shadowBlur = style.shadowBlur || 0"}},"updated_by":"stipan","keywords":{"scenario":false,"async":false,"export":false,"function":true,"algoprop":false},"type":"drakon","created_by":"stipan","name":"buildStyleFromPrims","when_updated":1668625061.2331}