{"version":20180619,"tag":"472220008","params":"startX1\nstartY1\nstartX2\nstartY2\nevt","when_created":1687363973.2626,"parent_id":"f4e542f6","props":[],"language":"LANG_S42","items":{"4":{"type":"action","id":"4","one":"5","text":"delta = 0"},"37":{"one":"10","id":"37","type":"action","text":"return undefined","two":""},"10":{"branchId":4,"one":"1","id":"10","type":"branch","text":"Exit"},"5":{"type":"action","id":"5","one":"6","text":"delta = Math.max(\n    delta,\n    Math.abs(startX1 - x1)\n)"},"41":{"one":"10","id":"41","type":"action","text":"return undefined","two":""},"38":{"flag1":1,"id":"38","type":"question","text":"delta > minDelta","one":"35","two":"36"},"32":{"branchId":3,"one":"33","id":"32","type":"branch","text":"Compare"},"11":{"branchId":2,"one":"16","id":"11","type":"branch","text":"Find distance delta"},"23":{"type":"action","id":"23","one":"4","text":"dx1 = x1 - startX1\ndx2 = x2 - startX2\ndy1 = y1 - startY1\ndy2 = y2 - startY2"},"7":{"type":"action","id":"7","one":"8","text":"delta = Math.max(\n    delta,\n    Math.abs(startY1 - y1)\n)"},"33":{"flag1":1,"id":"33","type":"question","text":"delta > dDist","one":"38","two":"36"},"14":{"type":"action","text":"dist1 = Math.sqrt(cx1 * cx1 + cy1 * cy1)","one":"15","id":"14"},"34":{"one":"10","id":"34","type":"action","text":"return \"zoom\"","two":""},"1":{"type":"end","id":"1"},"8":{"type":"action","id":"8","one":"11","text":"delta = Math.max(\n    delta,\n    Math.abs(startY2 - y2)\n)"},"9":{"type":"action","id":"9","one":"23","text":"x1 = evt.touches[0].clientX\ny1 = evt.touches[0].clientY\nx2 = evt.touches[1].clientX\ny2 = evt.touches[1].clientY"},"15":{"type":"action","id":"15","one":"18","text":"dist2 = Math.sqrt(cx2 * cx2 + cy2 * cy2)"},"16":{"type":"action","id":"16","one":"17","text":"cx1 = startX2 - startX1\ncy1 = startY2 - startY1"},"35":{"one":"10","id":"35","type":"action","text":"return \"scroll\"","two":""},"6":{"type":"action","id":"6","one":"7","text":"delta = Math.max(\n    delta,\n    Math.abs(startX2 - x2)\n)"},"40":{"flag1":0,"id":"40","type":"question","text":"evt.touches.length < 2","one":"9","two":"41"},"39":{"flag1":1,"id":"39","type":"question","two":"37","one":"34","text":"dDist > minDelta"},"17":{"type":"action","text":"cx2 = x2 - x1\ncy2 = y2 - y1","one":"14","id":"17"},"36":{"flag1":1,"id":"36","type":"question","two":"37","one":"39","text":"dDist > delta"},"2":{"branchId":1,"one":"30","id":"2","type":"branch","text":"Find max coord delta"},"18":{"type":"action","id":"18","one":"32","text":"dDist = Math.abs(dist2 - dist1)"},"30":{"type":"action","text":"minDelta = 3","one":"40","id":"30"}},"keywords":{"scenario":false,"async":false,"export":false,"function":true,"algoprop":false},"type":"drakon","updated_by":"stipan","created_by":"stipan","name":"isZoom","when_updated":1704301198.489}