{"keywords":{"scenario":false,"async":false,"export":false,"function":true,"algoprop":false},"tag":"114735781","params":"fontFamily","when_created":1697115242.601,"parent_id":"99e62b4e","props":[],"when_updated":1697115317.1905,"items":{"4":{"type":"case","one":"8","id":"4"},"8":{"type":"action","text":"return fontFamily","one":"1","id":"8"},"1":{"type":"end","id":"1"},"5":{"one":"9","id":"5","type":"case","text":"\"Tinos\"","two":"4"},"9":{"type":"action","text":"return \"Tinos, Times New Roman, Times\"","one":"1","id":"9"},"6":{"one":"10","id":"6","type":"case","text":"\"Arimo\"","two":"5"},"7":{"type":"select","id":"7","one":"6","text":"fontFamily"},"2":{"type":"branch","branchId":0,"one":"7","id":"2"},"10":{"type":"action","text":"return \"Arimo, Arial\"","one":"1","id":"10"}},"version":20180619,"type":"drakon","updated_by":"stipan","created_by":"stipan","name":"enrichFamily","language":"LANG_S42"}