{"version":20180619,"tag":"735909519","params":"widget\nbranchNode\nleft","when_created":1673421531.5226,"parent_id":"b0881e64","props":[],"language":"LANG_S42","items":{"4":{"type":"action","text":"tracing.trace(\n    \"insertBranch\",\n    branchNode.id + \"-\" + left\n)","one":"3","id":"4"},"1":{"type":"end","id":"1"},"5":{"type":"action","text":"runInsertAction(widget, socket)","one":"1","id":"5"},"2":{"type":"branch","branchId":0,"one":"4","id":"2"},"3":{"type":"action","id":"3","one":"5","text":"socket = {\n    op: \"insert\",\n    type: \"branch\",\n    node: branchNode,\n    left: left\n}"}},"keywords":{"scenario":false,"async":false,"export":false,"function":true,"algoprop":false},"type":"drakon","updated_by":"stipan","created_by":"stipan","name":"insertBranch","when_updated":1673421830.2769}