{"keywords":{"scenario":false,"async":false,"export":false,"function":true,"algoprop":false},"tag":"42005441","params":"widget","when_created":1688972137.6313,"parent_id":"befd80d4","props":[],"language":"LANG_S42","items":{"4":{"flag1":1,"id":"4","type":"question","text":"widget.model","one":"3","two":"5"},"1":{"type":"end","id":"1"},"5":{"type":"action","id":"5","one":"1","text":"return undefined"},"2":{"type":"branch","branchId":0,"one":"4","id":"2"},"3":{"type":"action","id":"3","one":"1","text":"return widget.model.type"}},"type":"drakon","version":20180619,"updated_by":"stipan","when_updated":1688972160.5859,"name":"getDiagramType","created_by":"stipan"}