{"keywords":{"scenario":false,"async":false,"export":false,"function":true,"algoprop":false},"tag":"396484108","params":"widget\nvisuals","when_created":1657715570.4355,"parent_id":"794efc2c","props":[],"items":{"4":{"branchId":4,"one":"1","id":"4","type":"branch","text":"Exit"},"10":{"flag1":0,"id":"10","type":"question","text":"node.type === \"junction\"","one":"11","two":"22"},"21":{"type":"action","id":"21","one":"15","text":"edge.box = createBox(\n    left,\n    top,\n    width,\n    height\n)"},"22":{"type":"action","text":"node.box = boxFromPoint(\n    node.x,\n    node.y,\n    tr,\n    tr\n)","one":"7","id":"22"},"11":{"flag1":0,"id":"11","type":"question","text":"node.type === \"arrow-loop\"","one":"12","two":"22"},"23":{"branchId":3,"one":"25","id":"23","type":"branch","text":"Free"},"7":{"type":"loopend","text":"","one":"5","id":"7"},"18":{"flag1":0,"id":"18","type":"question","two":"20","one":"19","text":"edge.vertical"},"29":{"type":"action","id":"29","one":"24","text":"calculateFreeBox(\n    widget,\n    element,\n    visuals.config\n)"},"13":{"flag1":1,"id":"13","type":"question","two":"7","one":"9","text":"isDrawableNode(node)"},"9":{"type":"action","text":"node.x = getX(node)\nnode.y = getY(node)","one":"10","id":"9"},"8":{"type":"loopbegin","id":"8","one":"13","text":"id, node; nodes"},"1":{"type":"end","id":"1"},"6":{"type":"action","text":"nodes = visuals.nodes","one":"8","id":"6"},"24":{"type":"loopend","text":"","one":"4","id":"24"},"15":{"type":"loopend","id":"15","one":"23","text":""},"16":{"type":"loopbegin","text":"id, edge; edges","one":"18","id":"16"},"5":{"branchId":2,"one":"17","id":"5","type":"branch","text":"Edges"},"25":{"type":"loopbegin","id":"25","one":"29","text":"element; visuals.free"},"28":{"type":"action","id":"28","one":"7","text":"node.leftX = node.x - node.w\nnode.rightX = node.x + node.w\nnode.topY = node.y - node.h\nnode.middleY = node.y\nnode.bottomY = node.y + node.h"},"3":{"type":"action","id":"3","one":"6","text":"tr = visuals.config.socketTouchRadius"},"17":{"type":"action","id":"17","one":"16","text":"edges = visuals.edges"},"2":{"branchId":1,"one":"3","id":"2","type":"branch","text":"Nodes"},"12":{"type":"action","text":"node.box = boxFromPoint(\n    node.x,\n    node.y,\n    node.w,\n    node.h\n)","one":"28","id":"12"},"19":{"type":"action","text":"left = edge.head.x\ntop = edge.head.y - tr\nright = edge.tail.x\nwidth = right - left\nheight = tr * 2","one":"21","id":"19"},"20":{"type":"action","text":"left = edge.head.x - tr\ntop = edge.head.y\nbottom = edge.tail.y\nwidth = tr * 2\nheight = bottom - top","one":"21","id":"20"}},"when_updated":1673162627.9298,"type":"drakon","updated_by":"stipan","version":20180619,"name":"buildBoxes","created_by":"stipan"}