{"version":20180619,"tag":"570538999","params":"widget\ncontext","when_created":1677561710.2176,"parent_id":"6e1195bb","props":[],"when_updated":1677577117.2253,"items":{"4":{"type":"action","text":"visuals = widget.visuals\nctx = visuals.ctx\nconfig = visuals.config","one":"9","id":"4"},"8":{"type":"action","id":"8","one":"10","text":"cleft = (\n    widget.width - (\n        context.barWidth + context.margin\n    )\n) \/ zoom + visuals.scrollX\nctop = context.scrollTop + visuals.scrollY"},"10":{"type":"action","id":"10","one":"14","text":"cwidth = context.barWidth \/ zoom\ncradius = cwidth \/ 2"},"5":{"type":"action","id":"5","one":"3","text":"ctx.fillStyle = config.theme.scrollBar"},"9":{"one":"6","id":"9","type":"action","text":"zoom = widget.zoomFactor","two":""},"15":{"type":"action","text":"ctx.fillStyle = config.theme.scrollBarHover","one":"3","id":"15"},"16":{"type":"action","id":"16","one":"4","text":"id = \"vscroll\""},"12":{"type":"action","id":"12","one":"13","text":"ctx.fill()"},"3":{"type":"action","text":"roundedRect(\n    ctx,\n    cleft,\n    ctop,\n    cwidth,\n    context.scrollHeight,\n    cradius\n)","one":"12","id":"3"},"6":{"type":"action","text":"clearShadow(ctx)","one":"8","id":"6"},"2":{"type":"branch","branchId":0,"one":"16","id":"2"},"1":{"type":"end","id":"1"},"13":{"type":"action","text":"visuals.verticalScrollBar = {\n    elType: id,\n    primId: id,\n    barToBox: context.barToBox,\n    box: createBox(\n        cleft - context.margin,\n        ctop,\n        cwidth + context.margin * 2,\n        context.scrollHeight\n    )\n}","one":"1","id":"13"},"14":{"flag1":0,"id":"14","type":"question","two":"15","one":"5","text":"visuals.highlight === id"}},"keywords":{"scenario":false,"async":false,"export":false,"function":true,"algoprop":false},"updated_by":"stipan","type":"drakon","created_by":"stipan","name":"drawVerticalScrollbar","language":"LANG_S42"}