{"version":20180619,"tag":"418651856","params":"min\nmax\npos\nwidth","when_created":1672899341.9686,"parent_id":"a95f8752","props":[],"created_by":"stipan","items":{"8":{"type":"action","text":"result = min + size \/ 4","one":"12","id":"8"},"1":{"type":"end","id":"1"},"5":{"flag1":0,"id":"5","type":"question","text":"width * 4 >= size","one":"7","two":"11"},"9":{"flag1":1,"id":"9","type":"question","text":"pos > max - size \/ 3","one":"10","two":"11"},"11":{"type":"action","id":"11","one":"12","text":"result = min + size \/ 2"},"12":{"type":"action","id":"12","one":"1","text":"return Math.round(result)"},"3":{"type":"action","text":"size = max - min","one":"5","id":"3"},"7":{"flag1":1,"id":"7","type":"question","two":"9","one":"8","text":"pos < min + size \/ 3"},"2":{"type":"branch","branchId":0,"one":"3","id":"2"},"10":{"type":"action","text":"result = max - size \/ 4","one":"12","id":"10"}},"keywords":{"scenario":false,"async":false,"export":false,"function":true,"algoprop":false},"updated_by":"stipan","type":"drakon","when_updated":1672899604.3946,"name":"findCalloutRoot","language":"LANG_S42"}