{"version":20180619,"tag":"643956379","params":"widget\nsocket\ntype","when_created":1663149388.8793,"parent_id":"f7515898","props":[],"language":"LANG_S42","items":{"4":{"type":"action","id":"4","one":"1","text":"return edits"},"9":{"type":"action","id":"9","one":"3","text":"model = widget.model"},"1":{"type":"end","id":"1"},"5":{"type":"action","id":"5","one":"6","text":"item = {\n    type: type,\n    content: \"\",\n    one: socket.target\n}"},"2":{"type":"branch","branchId":0,"one":"9","id":"2"},"6":{"type":"action","id":"6","one":"7","text":"newId = createItem(model, edits, item)"},"7":{"type":"action","text":"redirectUpperItems(\n    edits,\n    socket.links,\n    newId\n)","one":"4","id":"7"},"3":{"type":"action","id":"3","one":"5","text":"edits = []"}},"updated_by":"stipan","keywords":{"scenario":false,"async":false,"export":false,"function":true,"algoprop":false},"type":"drakon","created_by":"stipan","name":"simpleInsert","when_updated":1676124565.5061}