{"version":20180619,"tag":"204922461","params":"output\ninput","when_created":1657731908.9781,"parent_id":"58603641","props":[],"when_updated":1675798093.2733,"items":{"2":{"type":"branch","branchId":0,"one":"3","id":"2"},"3":{"type":"action","text":"defaultValues = {\n    action: true,\n    question: true,\n    \"case\": true,\n    select: true,\n    branch: true,\n    address: true,\n    loopbegin: true,\n    loopend: true,\n    insertion: true,\n    comment: true,\n    simpleinput: true,\n    simpleoutput: true,\n    shelf: true,\n    input: true,\n    output: true,\n    process: true,\n    \"drakon-image\": true\n}","one":"7","id":"3"},"1":{"type":"end","id":"1"},"7":{"type":"action","id":"7","one":"1","text":"mergeConfigs(\n    output,\n    input,\n    \"alignedNodes\",\n    defaultValues\n)"}},"updated_by":"stipan","keywords":{"scenario":false,"async":false,"export":false,"function":true,"algoprop":false},"type":"drakon","language":"LANG_S42","name":"initAlignedNodes","created_by":"stipan"}