{"keywords":{"scenario":false,"async":true,"export":false,"function":true,"algoprop":false},"tag":"191477291","params":"widget","when_created":1658089242.4835,"parent_id":"a52f66e7","props":[],"created_by":"stipan","items":{"37":{"type":"action","id":"37","one":"36","text":"tracing.trace(\"drag complete\")"},"31":{"one":"32","id":"31","type":"select","text":"receive","two":""},"22":{"type":"action","text":"onMouseScroll(scroller, widget, evt)","one":"6","id":"22"},"32":{"one":"35","id":"32","type":"case","two":"33","text":"mouseMove(evt)"},"11":{"type":"select","id":"11","one":"12","text":"receive"},"23":{"one":"25","id":"23","type":"action","text":"scroll = hitScrollBar(\n    widget.visuals,\n    pos\n)","two":""},"33":{"one":"37","id":"33","type":"case","text":"mouseUp(evt)","two":"34"},"29":{"type":"action","id":"29","one":"6","text":"scroller = createMouseScroll(widget, evt)"},"14":{"one":"2","id":"14","type":"case","two":"15","text":"mouseUp(evt)"},"34":{"one":"37","id":"34","type":"case","text":"mouseLeave(evt)","two":""},"6":{"branchId":2,"one":"11","id":"6","type":"branch","text":"Scroll"},"24":{"one":"23","id":"24","type":"action","text":"pos = toDiagram(widget, evt)","two":""},"15":{"one":"2","id":"15","type":"case","two":null,"text":"mouseLeave(evt)"},"16":{"type":"sinput","text":"mouseDown(evt)","one":"24","id":"16"},"35":{"type":"action","text":"dragTarget.onDrag(evt)","one":"30","id":"35"},"25":{"flag1":1,"id":"25","type":"question","two":"29","one":"26","text":"scroll"},"36":{"type":"action","text":"dragTarget.complete()","one":"2","id":"36"},"12":{"one":"22","id":"12","type":"case","two":"14","text":"mouseMove(evt)"},"26":{"flag1":1,"id":"26","type":"question","text":"scroll.elType === \"hscroll\"","one":"27","two":"28"},"30":{"branchId":3,"one":"31","id":"30","type":"branch","text":"Drag"},"2":{"branchId":1,"one":"16","id":"2","type":"branch","text":"Idle"},"27":{"one":"30","id":"27","type":"action","text":"dragTarget = createHScrollDrag(\n    widget,\n    evt,\n    scroll\n)","two":""},"28":{"one":"30","id":"28","type":"action","text":"dragTarget = createVScrollDrag(\n    widget,\n    evt,\n    scroll\n)","two":""}},"updated_by":"stipan","version":20180619,"type":"drakon","language":"LANG_S42","name":"NoSelectBehavior","when_updated":1702923965.1526}