{"version":20180619,"tag":"16306178","params":"widget","when_created":1677528766.7515,"parent_id":"6e1195bb","props":[],"when_updated":1751104413.013,"items":{"40":{"one":"8","id":"40","type":"action","two":"","text":"drawHorizontalScrollbar(widget, context)"},"41":{"one":"42","id":"41","type":"action","two":"","text":"context = {\n    boxTop: box.left,\n    boxHeight: box.width,\n    boxBottom: box.right,\n    zoom: zoom,\n    widgetSizeD: wwidth,\n    widgetSize: widget.width,\n    margin: margin,\n    barWidth: width,\n    scroll: visuals.scrollX\n}"},"38":{"type":"action","id":"38","one":"39","text":"context = {\n    boxTop: box.top,\n    boxHeight: box.height,\n    boxBottom: box.bottom,\n    zoom: zoom,\n    widgetSizeD: wheight,\n    widgetSize: widget.height,\n    margin: margin,\n    barWidth: width,\n    scroll: visuals.scrollY\n}"},"12":{"flag1":1,"id":"12","type":"question","text":"wwidth >= box.width","one":"8","two":"41"},"42":{"one":"40","id":"42","type":"action","text":"calculateScrollPos(context)","two":""},"29":{"flag1":1,"id":"29","type":"question","text":"widget.width > 30","one":"45","two":"8"},"13":{"flag1":1,"id":"13","type":"question","text":"wheight >= box.height","one":"9","two":"38"},"14":{"branchId":1,"one":"15","id":"14","type":"branch","text":"Init"},"8":{"branchId":5,"one":"1","id":"8","type":"branch","text":"Exit"},"1":{"type":"end","id":"1"},"51":{"type":"action","text":"box = visuals.box","one":"2","id":"51"},"9":{"branchId":4,"one":"12","id":"9","type":"branch","text":"Horizontal"},"15":{"one":"16","id":"15","type":"action","text":"visuals = widget.visuals","two":""},"16":{"one":"17","id":"16","type":"action","text":"zoom = widget.zoomFactor","two":""},"50":{"type":"action","id":"50","one":"51","text":"wwidth = widget.width \/ zoom"},"49":{"type":"action","id":"49","one":"50","text":"wheight = widget.height \/ zoom"},"45":{"branchId":2,"one":"49","id":"45","type":"branch","text":"Init2"},"43":{"type":"action","id":"43","one":"28","text":"visuals.verticalScrollBar = undefined\nvisuals.horizontalScrollBar = undefined"},"17":{"type":"action","id":"17","one":"43","text":"margin = 5\nwidth = 10"},"2":{"branchId":3,"one":"13","id":"2","type":"branch","text":"Vertical"},"28":{"flag1":1,"id":"28","type":"question","two":"8","one":"29","text":"widget.height > 30"},"27":{"type":"action","text":"drawVerticalScrollbar(widget, context)","one":"9","id":"27"},"39":{"type":"action","id":"39","one":"27","text":"calculateScrollPos(context)"}},"keywords":{"scenario":false,"async":false,"export":false,"function":true,"algoprop":false},"updated_by":"admin","type":"drakon","created_by":"stipan","name":"drawScrollbars","language":"LANG_S42"}