{"version":20180619,"tag":"427422983","params":"edits\nid\nfields","when_created":1664968685.9527,"parent_id":"f7515898","props":[],"when_updated":1664968740.6987,"items":{"2":{"type":"branch","branchId":0,"one":"3","id":"2"},"4":{"type":"action","id":"4","one":"1","text":"edits.push(update)"},"1":{"type":"end","id":"1"},"3":{"type":"action","text":"update = createUpdate(id, fields)","one":"4","id":"3"}},"type":"drakon","keywords":{"scenario":false,"async":false,"export":false,"function":true,"algoprop":false},"updated_by":"stipan","language":"LANG_S42","name":"updateItem","created_by":"stipan"}