{"version":20180619,"tag":"980952675","params":"ctx\nleft\ntop\nwidth\nheight","when_created":1673075938.1696,"parent_id":"a95f8752","props":[],"created_by":"stipan","items":{"4":{"one":"5","id":"4","type":"action","text":"h = height \/ 2\nw = width \/ 2","two":""},"1":{"type":"end","id":"1"},"5":{"one":"3","id":"5","type":"action","text":"x = left + w\ny = top + h","two":""},"2":{"type":"branch","branchId":0,"one":"4","id":"2"},"6":{"type":"action","id":"6","one":"1","text":"ctx.save()\nctx.translate(x, y)\nctx.scale(1, scale)\nctx.translate(-x, -y)\nctx.beginPath();\nctx.arc(x, ctop, w, 0, Math.PI)\nctx.restore()"},"3":{"type":"action","id":"3","one":"6","text":"h2 = makeCylinderHeight(w)\nscale = h \/ h2\nctop = y - h2 + w"}},"keywords":{"scenario":false,"async":false,"export":false,"function":true,"algoprop":false},"updated_by":"stipan","type":"drakon","when_updated":1673075986.307,"name":"databaseLidPath","language":"LANG_S42"}