{"version":20180619,"tag":"546289689","params":"visuals\nhandle\nctx","when_created":1667045878.4822,"parent_id":"45b959db","props":[],"created_by":"stipan","items":{"4":{"type":"action","text":"touch = config.socketTouchRadius","one":"3","id":"4"},"8":{"type":"action","id":"8","one":"4","text":"config = visuals.config"},"1":{"type":"end","id":"1"},"5":{"type":"action","id":"5","one":"12","text":"fill = config.theme.handleFill\nborder = config.theme.candyBorder\nsize = 10\nlineWidth = 2"},"9":{"type":"action","id":"9","one":"5","text":"handle.elType = \"handle\""},"6":{"one":"7","id":"6","type":"action","text":"centerSquare(\n    ctx,\n    handle.x,\n    handle.y,\n    size,\n    fill,\n    border,\n    lineWidth\n)","two":""},"11":{"type":"action","id":"11","one":"6","text":"fill = handle.color"},"12":{"flag1":0,"id":"12","type":"question","two":"13","one":"10","text":"visuals.highlight"},"3":{"type":"action","id":"3","one":"9","text":"handle.box = boxFromPoint(\n    handle.x,\n    handle.y,\n    touch,\n    touch\n)"},"7":{"type":"action","id":"7","one":"1","text":"visuals.handles.push(handle)"},"2":{"type":"branch","branchId":0,"one":"8","id":"2"},"10":{"flag1":0,"id":"10","type":"question","text":"handle.color","one":"6","two":"11"},"13":{"flag1":0,"id":"13","type":"question","text":"visuals.highlight === handle.primId","one":"10","two":"14"},"14":{"type":"action","text":"border = config.theme.highlight","one":"10","id":"14"}},"type":"drakon","keywords":{"scenario":false,"async":false,"export":false,"function":true,"algoprop":false},"updated_by":"stipan","language":"LANG_S42","name":"createHandle","when_updated":1673008312.2271}