{"version":20180619,"tag":"61831650","params":"dst\nsrc\nfields\ndefaultValue","when_created":1667727202.3272,"parent_id":"34e4d875","props":[],"language":"LANG_S42","items":{"4":{"type":"loopend","id":"4","one":"1","text":""},"8":{"flag1":1,"id":"8","type":"question","text":"utils.hasValue(value)","one":"6","two":"9"},"1":{"type":"end","id":"1"},"5":{"type":"loopbegin","id":"5","one":"7","text":"field; fields"},"2":{"type":"branch","branchId":0,"one":"5","id":"2"},"6":{"type":"action","id":"6","one":"4","text":"dst[field] = value"},"9":{"type":"action","text":"value = defaultValue","one":"6","id":"9"},"7":{"type":"action","id":"7","one":"8","text":"value = src[field]"}},"updated_by":"stipan","keywords":{"scenario":false,"async":false,"export":false,"function":true,"algoprop":false},"type":"drakon","when_updated":1688973071.1685,"name":"copyFieldsOrDefault","created_by":"stipan"}