{"version":20180619,"tag":"","params":"array\nproperty\nvalue","when_created":1675161223.3208,"parent_id":"73128943","props":[],"items":{"4":{"type":"action","id":"4","one":"6","text":"array = array || []"},"8":{"type":"action","text":"return item","one":"1","id":"8"},"1":{"type":"end","id":"1"},"5":{"type":"loopend","text":"","one":"3","id":"5"},"2":{"type":"branch","branchId":0,"one":"4","id":"2"},"6":{"type":"loopbegin","text":"item; array","one":"7","id":"6"},"7":{"flag1":0,"id":"7","type":"question","two":"8","one":"5","text":"item[property] === value"},"3":{"type":"action","id":"3","one":"1","text":"return undefined"}},"created_by":"stipan","keywords":{"scenario":false,"function":true,"async":false,"export":true},"type":"drakon","updated_by":"stipan","name":"findBy","when_updated":1675161223.3208}