{"version":20180619,"tag":"954052566","params":"widget\nedge\ntype","when_created":1673687702.1077,"parent_id":"b3d6c272","props":[],"created_by":"stipan","items":{"10":{"type":"action","id":"10","one":"7","text":"edits = mindBeforeInsert(\n    widget,\n    socket,\n    undefined\n)"},"5":{"type":"action","id":"5","one":"10","text":"socket = {\n    iconType: type,\n    node: edge.target\n}"},"2":{"type":"branch","branchId":0,"one":"5","id":"2"},"7":{"one":"1","id":"7","type":"action","text":"return doEdit(widget, edits)","two":""},"1":{"type":"end","id":"1"}},"keywords":{"scenario":false,"async":false,"export":false,"function":true,"algoprop":false},"updated_by":"stipan","type":"drakon","when_updated":1673690045.6346,"name":"insertIntoMindEdge","language":"LANG_S42"}