{"version":20180619,"tag":"624714927","params":"widget\nedge\npayload","when_created":1673024137.891,"parent_id":"e674bf58","props":[],"language":"LANG_S42","items":{"4":{"type":"action","id":"4","one":"8","text":"edits = pasteBlock(\n    widget,\n    socket,\n    payload\n)"},"8":{"type":"action","id":"8","one":"7","text":"await loadCreatedImages(\n    widget,\n    edits,\n    payload.images\n)"},"1":{"type":"end","id":"1"},"5":{"type":"action","id":"5","one":"6","text":"socket = {edge: edge, links: []}"},"2":{"type":"branch","branchId":0,"one":"5","id":"2"},"6":{"type":"action","id":"6","one":"4","text":"copyEdgeLinks(socket)"},"7":{"one":"1","id":"7","type":"action","text":"return doEdit(widget, edits)","two":""}},"keywords":{"scenario":false,"async":true,"export":false,"function":true,"algoprop":false},"type":"drakon","updated_by":"stipan","when_updated":1676020084.4525,"name":"pasteIntoEdge","created_by":"stipan"}