{"version":20180619,"tag":"16675401697047","params":"text","when_created":1667484852.3347,"parent_id":"f2ec426b","props":[],"when_updated":1667540169.7047,"items":{"4":{"type":"action","id":"4","one":"19","text":"state = \"idle\"\nbuffer = \"\"\nlines = []\nlength = text.length"},"10":{"flag1":1,"id":"10","type":"question","text":"ch === \"_\"","one":"15","two":"12"},"5":{"type":"loopend","text":"","one":"20","id":"5"},"12":{"flag1":1,"id":"12","type":"question","text":"ch === \"\\n\"","one":"16","two":"13"},"7":{"type":"action","id":"7","one":"10","text":"ch = text[i]"},"18":{"type":"action","id":"18","one":"5","text":"md.next(ch)"},"13":{"flag1":1,"id":"13","type":"question","text":"whitespace[ch]","one":"17","two":"18"},"14":{"type":"action","text":"return sb.lines","one":"1","id":"14"},"8":{"type":"action","id":"8","one":"4","text":"whitespace = {}\nwhitespace[\" \"] = true\nwhitespace[\"\\t\"] = true\nwhitespace[\"\\r\"] = true"},"1":{"type":"end","id":"1"},"9":{"type":"action","text":"md = MarkDown_create(sb)","one":"21","id":"9"},"15":{"type":"action","id":"15","one":"5","text":"md.under()"},"16":{"type":"action","id":"16","one":"5","text":"md.line()"},"6":{"type":"loopbegin","text":"i = 0; i < length; i++","one":"7","id":"6"},"3":{"type":"action","id":"3","one":"8","text":"text = text || \"\""},"17":{"type":"action","id":"17","one":"5","text":"md.white()"},"2":{"type":"branch","branchId":0,"one":"3","id":"2"},"21":{"type":"action","id":"21","one":"6","text":"sb.run()\nmd.run()"},"19":{"type":"action","id":"19","one":"9","text":"sb = SpanBuilder_create()"},"20":{"type":"action","id":"20","one":"14","text":"md.line()"}},"type":"drakon","keywords":{"scenario":false,"async":false,"export":false,"function":true,"algoprop":false},"updated_by":"stipan","language":"LANG_S42","name":"splitToTokensMarkdown","created_by":"stipan"}