{"version":20180619,"tag":"","params":"code","when_created":1681122528.2065,"parent_id":"73128943","props":[],"language":"LANG_S42","items":{"4":{"flag1":0,"id":"4","type":"question","text":"code === 9","one":"5","two":"15"},"8":{"flag1":0,"id":"8","type":"question","text":"code === 133","one":"10","two":"15"},"1":{"type":"end","id":"1"},"5":{"flag1":0,"id":"5","type":"question","text":"code === 10","one":"6","two":"15"},"6":{"flag1":0,"id":"6","type":"question","text":"code === 32","one":"7","two":"15"},"16":{"one":"1","id":"16","type":"action","two":"","text":"return false"},"7":{"flag1":0,"id":"7","type":"question","text":"code === 160","one":"8","two":"15"},"2":{"type":"branch","branchId":0,"one":"4","id":"2"},"10":{"flag1":0,"id":"10","type":"question","two":"15","one":"16","text":"code === 32"},"15":{"one":"1","id":"15","type":"action","text":"return true","two":""}},"keywords":{"scenario":false,"async":false,"export":true,"function":true,"algoprop":false},"type":"drakon","updated_by":"stipan","when_updated":1681122528.2065,"name":"isSpace","created_by":"stipan"}