{"version":20180619,"tag":"173539964","params":"visuals\nnode2\nfinalTarget","when_created":1657629623.5654,"parent_id":"82d2ccaf","props":[],"when_updated":1666548064.6002,"items":{"4":{"type":"action","text":"node2.mountRight = result","one":"6","id":"4"},"9":{"type":"action","text":"result.parallelStack = node2.parallelStack\n.slice()\nresult.parallelStack.pop()","one":"5","id":"9"},"1":{"type":"end","id":"1"},"5":{"type":"action","id":"5","one":"1","text":"return result"},"2":{"type":"branch","branchId":0,"one":"3","id":"2"},"6":{"flag1":0,"id":"6","type":"question","text":"node2.subtype === \"parend\"","one":"9","two":"7"},"7":{"type":"action","id":"7","one":"5","text":"result.parallelStack = node2.parallelStack"},"3":{"type":"action","text":"result = createJunction(\n    visuals,\n    finalTarget\n)","one":"4","id":"3"}},"type":"drakon","keywords":{"scenario":false,"async":false,"export":false,"function":true,"algoprop":false},"updated_by":"stipan","language":"LANG_S42","name":"createLeftUp","created_by":"stipan"}