{"version":20180619,"tag":"772876908","params":"refObject","when_created":1667329901.5092,"parent_id":"553696f8","props":[],"created_by":"stipan","items":{"2":{"type":"branch","branchId":0,"one":"3","id":"2"},"1":{"type":"end","id":"1"},"3":{"type":"action","id":"3","one":"1","text":"return undefined"}},"type":"drakon","keywords":{"scenario":false,"async":false,"export":false,"function":true,"algoprop":false},"updated_by":"stipan","when_updated":1667331692.8732,"name":"measure","language":"LANG_S42"}