{"version":20180619,"tag":"71914464","params":"ids\nstyle","when_created":1667115328.9668,"parent_id":"e0f4b57d","props":[],"language":"LANG_S42","items":{"4":{"flag1":1,"id":"4","type":"question","two":"5","one":"33","text":"style"},"31":{"one":"7","id":"31","type":"action","two":"","text":"edits.push(edit)"},"5":{"type":"action","text":"styleStr = \"\"","one":"6","id":"5"},"32":{"type":"action","id":"32","one":"30","text":"item = {\n    style: styleStr,\n    type: type,\n    id: id\n}"},"28":{"type":"action","id":"28","one":"32","text":"type = \"header\""},"7":{"type":"loopend","text":"","one":"17","id":"7"},"33":{"flag1":1,"id":"33","type":"question","two":"3","one":"34","text":"\"headStyle\" in style"},"29":{"type":"action","id":"29","one":"32","text":"type = \"params\""},"34":{"type":"action","id":"34","one":"3","text":"self.userMemory.headStyle = style.headStyle"},"1":{"type":"end","id":"1"},"9":{"type":"action","id":"9","one":"7","text":"updateItem(edits, id, {style: styleStr})"},"24":{"type":"case","text":"\"params\"","one":"29","id":"24"},"6":{"type":"action","text":"edits = []","one":"8","id":"6"},"16":{"type":"action","text":"tracing.trace(\n    \"DrakonCanvas.setStyle\",\n    [ids, style]\n)","one":"4","id":"16"},"8":{"type":"loopbegin","id":"8","one":"18","text":"id; ids"},"25":{"one":"28","id":"25","type":"case","text":"\"root\"","two":"24"},"17":{"type":"action","text":"return updateAndKeepSelection(\n    self,\n    edits\n)","one":"1","id":"17"},"3":{"type":"action","text":"styleStr = JSON.stringify(style)","one":"6","id":"3"},"26":{"one":"28","id":"26","type":"case","text":"\"header\"","two":"25"},"2":{"type":"branch","branchId":0,"one":"16","id":"2"},"18":{"flag1":1,"id":"18","type":"question","text":"id in self.model.items","one":"9","two":"27"},"27":{"type":"select","id":"27","one":"26","text":"id"},"30":{"one":"31","id":"30","type":"action","text":"edit = createInsert(item)","two":""}},"updated_by":"admin","keywords":{"scenario":false,"async":false,"export":false,"function":true,"algoprop":false},"type":"drakon","when_updated":1751101726.6082,"name":"setStyle","created_by":"stipan"}