{"version":20180619,"tag":"20941678","params":"sub\nedge","when_created":1664012838.4417,"parent_id":"8e739cfd","props":[],"when_updated":1664013708.1625,"items":{"4":{"type":"action","text":"existing = sub.outer[targetId]","one":"5","id":"4"},"8":{"type":"action","id":"8","one":"1","text":"addEdgeSubRecord(sub.outer, edge)"},"1":{"type":"end","id":"1"},"5":{"flag1":0,"id":"5","type":"question","text":"existing","one":"8","two":"7"},"2":{"type":"branch","branchId":0,"one":"3","id":"2"},"7":{"flag1":1,"id":"7","type":"question","two":"1","one":"8","text":"existing.type == \"edge\""},"3":{"type":"action","id":"3","one":"4","text":"targetId = edge.finalTarget.itemId"}},"type":"drakon","keywords":{"scenario":false,"async":false,"export":false,"function":true,"algoprop":false},"updated_by":"stipan","language":"LANG_S42","name":"addEdgeToSub","created_by":"stipan"}