{"version":20180619,"tag":"704132059","when_created":1672908274.5537,"parent_id":"1a7fbd25","props":[],"items":{"8":{"one":"1","id":"8","type":"action","two":"","text":"return accepted"},"1":{"type":"end","id":"1"},"7":{"one":"6","id":"7","type":"action","text":"accepted = []","two":""},"2":{"type":"branch","branchId":0,"one":"7","id":"2"},"6":{"one":"8","id":"6","type":"action","two":"","text":"accepted.push(\"lines\")\naccepted.push(\"lineWidth\")\naccepted.push(\"lineStyle\")"}},"language":"LANG_S42","when_updated":1672908561.0417,"type":"drakon","updated_by":"stipan","name":"getAccepted","created_by":"stipan"}