{"version":20180619,"tag":"600609548","when_created":1672942171.1336,"parent_id":"82ac4bf4","props":[],"items":{"2":{"type":"branch","branchId":0,"one":"3","id":"2"},"4":{"type":"action","id":"4","one":"1","text":"return JSON.stringify(coords)"},"1":{"type":"end","id":"1"},"3":{"type":"action","text":"coords = [\n    {x: 0, y: 100, radius: 0},\n    {x: 100, y: 0, radius: 0},\n    {x: 200, y: 100, radius: 0}\n]","one":"4","id":"3"}},"created_by":"stipan","language":"LANG_S42","type":"drakon","updated_by":"stipan","name":"buildCoordsTri","when_updated":1672942427.1304}