{"version":20180619,"tag":"601897180","params":"ctx\nvisuals\nnode\nbuildPath\nleft\ntop\nwidth\nheight\naux\nkeepPos","when_created":1672559738.7045,"parent_id":"2bccae93","props":[],"language":"LANG_S42","items":{"4":{"one":"10","id":"4","type":"action","text":"ctx.fill()","two":""},"8":{"one":"7","id":"8","type":"action","two":"","text":"line = setFillStroke(visuals, node, ctx)"},"10":{"one":"19","id":"10","type":"action","two":"","text":"clearShadow(ctx)"},"21":{"flag1":1,"id":"21","type":"question","text":"line","one":"26","two":"18"},"24":{"one":"22","id":"24","type":"action","two":"","text":"x = left\ny = top"},"22":{"one":"20","id":"22","type":"action","text":"buildPath(ctx, x, y, width, height, aux)","two":""},"7":{"one":"4","id":"7","type":"action","two":"","text":"buildPath(\n    ctx,\n    left,\n    top,\n    width,\n    height,\n    aux\n)"},"19":{"branchId":2,"one":"21","id":"19","type":"branch","text":"Border"},"23":{"one":"22","id":"23","type":"action","two":"","text":"x = left + 0.5\ny = top + 0.5"},"1":{"type":"end","id":"1"},"26":{"flag1":1,"id":"26","type":"question","text":"keepPos","one":"24","two":"27"},"18":{"branchId":3,"one":"1","id":"18","type":"branch","text":"Exit"},"2":{"branchId":1,"one":"8","id":"2","type":"branch","text":"Fill"},"27":{"flag1":0,"id":"27","type":"question","text":"mustShift(visuals.config, line)","one":"24","two":"23"},"20":{"one":"18","id":"20","type":"action","text":"ctx.stroke()","two":""}},"keywords":{"scenario":false,"async":false,"export":false,"function":true,"algoprop":false},"type":"drakon","updated_by":"stipan","when_updated":1673013112.2078,"name":"renderIconShapeComplex","created_by":"stipan"}