{"version":20180619,"tag":"625174351","params":"visuals\npos","when_created":1671427226.4325,"parent_id":"befd80d4","props":[],"language":"LANG_S42","items":{"4":{"flag1":1,"id":"4","type":"question","text":"visuals.nugget","one":"3","two":"5"},"1":{"type":"end","id":"1"},"5":{"type":"action","id":"5","one":"1","text":"return false"},"2":{"type":"branch","branchId":0,"one":"4","id":"2"},"3":{"type":"action","id":"3","one":"1","text":"return hitBox(\n    visuals.nugget,\n    pos.x,\n    pos.y\n)"}},"keywords":{"scenario":false,"async":false,"export":false,"function":true,"algoprop":false},"type":"drakon","updated_by":"stipan","created_by":"stipan","name":"hitNugget","when_updated":1671427254.6085}