{"version":20180619,"tag":"951547418","params":"widget","when_created":1667722400.4445,"parent_id":"b0881e64","props":[],"language":"LANG_S42","items":{"8":{"one":"10","id":"8","type":"action","text":"delayed = function () {\n    callback(\n        ids,\n        oldStyle,\n        x,\n        y,\n        accepted\n    )\n}","two":""},"1":{"type":"end","id":"1"},"5":{"flag1":1,"id":"5","type":"question","two":"7","one":"8","text":"callback"},"15":{"type":"action","text":"oldStyle = buildStyleFromPrims(\n    widget.visuals,\n    prims\n)","one":"17","id":"15"},"16":{"type":"action","text":"x = prims[0].left + prims[0].width\ny = prims[0].top","one":"14","id":"16"},"7":{"one":"1","id":"7","type":"action","two":"","text":"console.error(\n    \"startEditStyle is missing in config\"\n)"},"12":{"type":"action","id":"12","one":"13","text":"prims = getSelectedPrims(widget)"},"6":{"one":"5","id":"6","type":"action","text":"callback = widget.config.startEditStyle","two":""},"17":{"type":"action","id":"17","one":"6","text":"accepted = getAcceptedStyleProps(\n    widget,\n    prims\n)"},"2":{"type":"branch","branchId":0,"one":"12","id":"2"},"10":{"one":"1","id":"10","type":"action","two":"","text":"setTimeout(delayed, 1)"},"13":{"flag1":1,"id":"13","type":"question","text":"prims.length","one":"16","two":"1"},"14":{"type":"action","id":"14","one":"15","text":"ids = prims.map(\n    function (prim) {\n        return prim.id\n    }\n)"}},"updated_by":"stipan","keywords":{"scenario":false,"async":false,"export":false,"function":true,"algoprop":false},"type":"drakon","when_updated":1671483526.9946,"name":"startEditStyle","created_by":"stipan"}