{"version":20180619,"tag":"29209699","when_created":1672901058.8107,"parent_id":"574977f4","props":[],"items":{"2":{"type":"branch","branchId":0,"one":"7","id":"2"},"8":{"one":"1","id":"8","type":"action","text":"updateAndKeepSelection(\n    self.widget,\n    [change]\n)","two":""},"1":{"type":"end","id":"1"},"7":{"one":"8","id":"7","type":"action","text":"change = {\n    id: self.element.id,\n    fields: {\n        px: self.element.px,\n        py: self.element.py\n    },\n    op: \"update\"\n}","two":""}},"when_updated":1672901170.928,"created_by":"stipan","updated_by":"stipan","type":"drakon","name":"complete","language":"LANG_S42"}