{"version":20180619,"tag":"165595255","params":"height\nnode","when_created":1657696073.5246,"parent_id":"794efc2c","props":[],"created_by":"stipan","items":{"2":{"type":"branch","branchId":0,"one":"3","id":"2"},"1":{"type":"end","id":"1"},"3":{"type":"action","id":"3","one":"1","text":"return Math.max(height, node.h)"}},"type":"drakon","keywords":{"scenario":false,"async":false,"export":false,"function":true,"algoprop":false},"updated_by":"stipan","language":"LANG_S42","name":"maxHeight","when_updated":1657696087.1498}