{"version":20180619,"tag":"738554682","params":"visuals","when_created":1657706403.4289,"parent_id":"794efc2c","props":[],"when_updated":1675146801.8761,"items":{"4":{"branchId":3,"one":"1","id":"4","type":"branch","text":"Exit"},"10":{"type":"action","id":"10","one":"9","text":"removeEdge(visuals, edgeUp.id)"},"21":{"type":"action","id":"21","one":"4","text":"moveEndUp(visuals)"},"22":{"type":"action","id":"22","one":"6","text":"makeDownEdge(\n    visuals,\n    upper,\n    lower,\n    finalTarget\n)"},"11":{"type":"action","id":"11","one":"10","text":"edgeUp = tmpJun.up\nupper = edgeUp.head\nedgeDown = tmpJun.down\nlower = edgeDown.tail\nfinalTarget = edgeUp.finalTarget"},"12":{"type":"action","id":"12","one":"11","text":"removeEdge(visuals, tmpEdge.id)"},"7":{"type":"loopbegin","id":"7","one":"13","text":"tmpEdge; visuals.tempEdges"},"18":{"type":"action","text":"newLevel = createLevel(visuals)","one":"19","id":"18"},"13":{"type":"action","id":"13","one":"12","text":"tmpJun = tmpEdge.head"},"14":{"flag1":0,"id":"14","type":"question","text":"visuals.branches.length === 1","one":"15","two":"4"},"8":{"type":"action","text":"removeNode(visuals, tmpJun.id)","one":"22","id":"8"},"19":{"type":"action","text":"newLevel.coord = oldLevel.coord\nnewLevel.nodes.push(visuals.end)\nvisuals.end.level = newLevel","one":"20","id":"19"},"9":{"type":"action","id":"9","one":"8","text":"removeEdge(visuals, edgeDown.id)"},"15":{"flag1":1,"id":"15","type":"question","two":"4","one":"16","text":"visuals.end"},"16":{"type":"action","text":"oldLevel = visuals.end.level","one":"17","id":"16"},"6":{"type":"loopend","text":"","one":"3","id":"6"},"3":{"type":"action","id":"3","one":"5","text":"visuals.tempEdges = []"},"17":{"type":"action","id":"17","one":"18","text":"utils.remove(oldLevel.nodes, visuals.end)"},"2":{"branchId":1,"one":"7","id":"2","type":"branch","text":"Tmp edges"},"5":{"branchId":2,"one":"14","id":"5","type":"branch","text":"Branch temp edge"},"1":{"type":"end","id":"1"},"20":{"type":"action","text":"removeEdge(visuals, visuals.end.left.id)","one":"21","id":"20"}},"type":"drakon","keywords":{"scenario":false,"async":false,"export":false,"function":true,"algoprop":false},"updated_by":"stipan","language":"LANG_S42","name":"removeTempEdges","created_by":"stipan"}