{"version":20180619,"tag":"820789768","params":"visuals","when_created":1657705588.0587,"parent_id":"794efc2c","props":[],"language":"LANG_S42","items":{"4":{"flag1":1,"id":"4","type":"question","two":"6","one":"3","text":"visuals.end"},"1":{"type":"end","id":"1"},"5":{"type":"action","id":"5","one":"1","text":"return bottom.level"},"2":{"type":"branch","branchId":0,"one":"4","id":"2"},"6":{"type":"action","id":"6","one":"5","text":"bottom = goDown(visuals.header)"},"3":{"type":"action","id":"3","one":"1","text":"return visuals.end.level"}},"updated_by":"stipan","keywords":{"scenario":false,"async":false,"export":false,"function":true,"algoprop":false},"type":"drakon","created_by":"stipan","name":"getLowestLevel","when_updated":1657705626.7506}