{"version":20180619,"tag":"890186770","params":"visuals\nid","when_created":1667021957.1537,"parent_id":"c7c5feee","props":[],"created_by":"stipan","items":{"4":{"type":"loopend","text":"","one":"3","id":"4"},"1":{"type":"end","id":"1"},"5":{"type":"loopbegin","text":"element; visuals.free","one":"6","id":"5"},"2":{"type":"branch","branchId":0,"one":"5","id":"2"},"6":{"flag1":0,"id":"6","type":"question","text":"element.id === id","one":"4","two":"7"},"7":{"type":"action","text":"return element","one":"1","id":"7"},"3":{"type":"action","id":"3","one":"1","text":"return undefined"}},"type":"drakon","keywords":{"scenario":false,"async":false,"export":false,"function":true,"algoprop":false},"updated_by":"stipan","language":"LANG_S42","name":"getFree","when_updated":1667021989.3762}