{"version":20180619,"tag":"417962486","params":"ctx\nx1\ny1\nx2\ny2\ncolor\nwidth","when_created":1668942889.7894,"parent_id":"befd80d4","props":[],"language":"LANG_S42","items":{"4":{"type":"action","text":"ctx.moveTo(x1, y1)\nctx.lineTo(x2, y2)","one":"5","id":"4"},"8":{"type":"action","id":"8","one":"6","text":"x1 += 0.5\nx2 += 0.5\ny1 += 0.5\ny2 += 0.5"},"1":{"type":"end","id":"1"},"5":{"type":"action","id":"5","one":"1","text":"ctx.stroke()"},"9":{"type":"action","id":"9","one":"3","text":"ctx.lineCap = \"round\""},"6":{"type":"action","id":"6","one":"4","text":"ctx.beginPath()"},"3":{"type":"action","text":"ctx.strokeStyle = color\nctx.lineWidth = width","one":"7","id":"3"},"7":{"flag1":1,"id":"7","type":"question","text":"width % 2 === 0","one":"6","two":"8"},"2":{"type":"branch","branchId":0,"one":"9","id":"2"}},"keywords":{"scenario":false,"async":false,"export":false,"function":true,"algoprop":false},"type":"drakon","updated_by":"stipan","created_by":"stipan","name":"line","when_updated":1684809903.5129}