{"version":20180619,"tag":"847652490","params":"widget\nelement\nctx","when_created":1672849968.2268,"parent_id":"f298c153","props":[],"language":"LANG_S42","items":{"2":{"type":"branch","branchId":0,"one":"4","id":"2"},"4":{"type":"action","id":"4","one":"13","text":"drawRectCandies(widget, element, ctx)"},"1":{"type":"end","id":"1"},"13":{"type":"action","text":"createRadiusHandle(widget, element, ctx)","one":"1","id":"13"}},"keywords":{"scenario":false,"async":false,"export":false,"function":true,"algoprop":false},"type":"drakon","updated_by":"stipan","created_by":"stipan","name":"drawRoundedCandies","when_updated":1672851901.7713}