{"version":20180619,"tag":"516978232","params":"visuals\nnode\nids","when_created":1673605739.735,"parent_id":"b3d6c272","props":[],"language":"LANG_S42","items":{"4":{"type":"loopend","text":"","one":"3","id":"4"},"8":{"type":"action","text":"return other","one":"1","id":"8"},"1":{"type":"end","id":"1"},"5":{"type":"loopbegin","text":"id; ids","one":"6","id":"5"},"2":{"type":"branch","branchId":0,"one":"5","id":"2"},"6":{"type":"action","text":"other = getNode(visuals, id)","one":"7","id":"6"},"7":{"flag1":0,"id":"7","type":"question","two":"8","one":"4","text":"other.parent === node.parent"},"3":{"type":"action","id":"3","one":"1","text":"return undefined"}},"keywords":{"scenario":false,"async":false,"export":false,"function":true,"algoprop":false},"type":"drakon","updated_by":"stipan","created_by":"stipan","name":"getWithCommonParent","when_updated":1673605890.8533}