{"keywords":{"scenario":false,"async":false,"export":false,"function":true,"algoprop":false},"tag":"207207917","params":"visuals","when_created":1657962802.4591,"parent_id":"befd80d4","props":[],"language":"LANG_S42","items":{"4":{"branchId":4,"one":"20","id":"4","type":"branch","text":"Exit"},"10":{"type":"action","text":"leftUp.right.role = \"rarrow\"","one":"11","id":"10"},"5":{"branchId":2,"one":"14","id":"5","type":"branch","text":"Branches"},"11":{"type":"action","id":"11","one":"19","text":"firstId = visuals.branches[0]"},"12":{"type":"action","id":"12","one":"4","text":"createEdge(\n    visuals,\n    visuals.header,\n    first.topNode,\n    true\n)"},"7":{"type":"action","text":"leftDown = createJunction(\n    visuals,\n    undefined\n)","one":"8","id":"7"},"18":{"type":"action","id":"18","one":"15","text":"branch = visuals.nodes[branchId]"},"13":{"type":"loopend","text":"","one":"6","id":"13"},"14":{"type":"loopbegin","id":"14","one":"18","text":"branchId; visuals.branches"},"8":{"type":"action","text":"createEdge(\n    visuals,\n    leftUp,\n    leftDown,\n    true\n)","one":"9","id":"8"},"19":{"type":"action","id":"19","one":"12","text":"first = visuals.nodes[firstId]"},"9":{"type":"action","id":"9","one":"5","text":"upper = leftUp\nlower = leftDown"},"15":{"type":"action","text":"buildManhattan(visuals, branch)","one":"16","id":"15"},"16":{"type":"action","text":"connectBranch(\n    visuals,\n    branch,\n    upper,\n    lower\n)","one":"17","id":"16"},"3":{"type":"action","id":"3","one":"7","text":"leftUp = createJunction(\n    visuals,\n    undefined\n)"},"17":{"type":"action","id":"17","one":"13","text":"upper = branch.topNode\nlower = branch.bottomNode"},"2":{"branchId":1,"one":"3","id":"2","type":"branch","text":"Left part"},"6":{"branchId":3,"one":"10","id":"6","type":"branch","text":"Header"},"1":{"type":"end","id":"1"},"20":{"type":"action","id":"20","one":"1","text":"delete leftDown.right.role"}},"updated_by":"stipan","version":20180619,"type":"drakon","created_by":"stipan","name":"layoutSilhouette","when_updated":1672503814.3879}