{"version":20180619,"tag":"16762165293647","params":"visuals\nelement\nctx","when_created":1676216418.5013,"parent_id":"f85b1648","props":[],"language":"LANG_S42","items":{"11":{"type":"action","id":"11","one":"12","text":"renderCallback = function (\n    ctx,\n    left,\n    top\n) {\n    calloutPath(\n        ctx,\n        left,\n        top,\n        element.width,\n        element.height,\n        element.px,\n        element.py\n    )\n}"},"12":{"type":"action","text":"renderIconShapeComplex(\n    ctx,\n    visuals,\n    element,\n    renderCallback,\n    element.left,\n    element.top\n)","one":"5","id":"12"},"1":{"type":"end","id":"1"},"5":{"one":"1","id":"5","type":"action","two":"","text":"centerContentFree(visuals, element, ctx)"},"2":{"branchId":0,"one":"11","id":"2","type":"branch","text":""}},"updated_by":"stipan","keywords":{"scenario":false,"async":false,"export":false,"function":true,"algoprop":false},"type":"drakon","created_by":"stipan","name":"renderRef","when_updated":1676216529.3647}