{"version":20180619,"tag":"184650930","params":"x\ny","when_created":1671460255.3353,"parent_id":"91795afa","props":[],"language":"LANG_S42","items":{"4":{"type":"action","text":"self.element.x2 = x2\nself.element.y2 = y2","one":"15","id":"4"},"8":{"flag1":0,"id":"8","type":"question","two":"1","one":"3","text":"y2 === 0"},"1":{"type":"end","id":"1"},"7":{"flag1":0,"id":"7","type":"question","text":"x2 === 0","one":"3","two":"8"},"2":{"type":"branch","branchId":0,"one":"9","id":"2"},"15":{"type":"action","text":"findGuidesForPoint(self, x, y)","one":"1","id":"15"},"9":{"type":"action","id":"9","one":"7","text":"x2 = self.right - x\ny2 = self.bottom - y"},"3":{"type":"action","id":"3","one":"4","text":"self.element.left = x\nself.element.top = y"}},"keywords":{"scenario":false,"async":false,"export":false,"function":true,"algoprop":false},"type":"drakon","updated_by":"stipan","when_updated":1671585182.0495,"name":"dragTo","created_by":"stipan"}