{"version":20180619,"tag":"947912646","params":"context\nprev\nitemId","when_created":1665047747.5006,"parent_id":"ed3b4890","props":[],"created_by":"stipan","items":{"4":{"flag1":0,"id":"4","type":"question","text":"itemId","one":"1","two":"5"},"10":{"flag1":1,"id":"10","type":"question","two":"11","one":"1","text":"hasUntouchedUpstream(visited, node)"},"5":{"flag1":1,"id":"5","type":"question","two":"7","one":"1","text":"itemId in visited"},"11":{"type":"action","text":"visited[itemId] = true","one":"12","id":"11"},"12":{"type":"action","text":"context.deleteList.push(itemId)","one":"13","id":"12"},"7":{"type":"action","text":"node = getNodeByItem(\n    context.visuals,\n    itemId\n)","one":"8","id":"7"},"18":{"type":"action","text":"context.deleteList.push(itemId)","one":"19","id":"18"},"13":{"type":"action","text":"item = context.items[itemId]","one":"14","id":"13"},"14":{"type":"action","text":"traverseItemToDelete(\n    context,\n    node,\n    item.one\n)","one":"15","id":"14"},"8":{"flag1":1,"id":"8","type":"question","two":"9","one":"1","text":"node.type === \"branch\""},"1":{"type":"end","id":"1"},"9":{"flag1":0,"id":"9","type":"question","text":"isBackLink(prev, node)","one":"10","two":"17"},"15":{"type":"action","id":"15","one":"1","text":"traverseItemToDelete(\n    context,\n    node,\n    item.two\n)"},"16":{"type":"action","text":"visited[itemId] = true","one":"18","id":"16"},"3":{"type":"action","text":"visited = context.visited","one":"4","id":"3"},"17":{"flag1":0,"id":"17","type":"question","text":"hasUntouchedArrows(visited, node)","one":"16","two":"1"},"2":{"type":"branch","branchId":0,"one":"3","id":"2"},"19":{"type":"action","id":"19","one":"1","text":"unlinkArrow(node, visited, context.edits)"}},"type":"drakon","keywords":{"scenario":false,"async":false,"export":false,"function":true,"algoprop":false},"updated_by":"stipan","language":"LANG_S42","name":"traverseItemToDelete","when_updated":1665047972.0523}