{"version":20180619,"tag":"604993492","params":"visuals\nnode\nctx","when_created":1666762480.7245,"parent_id":"4ee6bb37","props":[],"when_updated":1673013118.1008,"items":{"19":{"type":"action","text":"clearShadow(ctx)","one":"17","id":"19"},"9":{"one":"19","id":"9","type":"action","text":"ctx.fill()","two":""},"15":{"type":"action","text":"line = setFillStroke(visuals, node, ctx)","one":"14","id":"15"},"11":{"one":"18","id":"11","type":"action","two":"","text":"ctx.stroke()"},"2":{"type":"branch","branchId":0,"one":"15","id":"2"},"17":{"flag1":1,"id":"17","type":"question","two":"18","one":"13","text":"line"},"18":{"type":"action","id":"18","one":"1","text":"centerContent(visuals, node, ctx)"},"1":{"type":"end","id":"1"},"13":{"one":"11","id":"13","type":"action","two":"","text":"buildCtrlStartPath(\n    ctx,\n    node.x + 0.5,\n    node.y + 0.5,\n    node.w,\n    node.h\n)"},"14":{"one":"9","id":"14","type":"action","text":"buildCtrlStartPath(\n    ctx,\n    node.x,\n    node.y,\n    node.w,\n    node.h\n)","two":""}},"type":"drakon","keywords":{"scenario":false,"async":false,"export":false,"function":true,"algoprop":false},"updated_by":"stipan","language":"LANG_S42","name":"renderCtrlStart","created_by":"stipan"}