{"version":20180619,"tag":"","params":"visuals\nsub","when_created":1664017454.2927,"parent_id":"8e739cfd","props":[],"created_by":"stipan","items":{"4":{"type":"action","text":"return crawler","one":"1","id":"4"},"1":{"type":"end","id":"1"},"5":{"type":"action","id":"5","one":"6","text":"crawler.run()"},"2":{"type":"branch","branchId":0,"one":"3","id":"2"},"6":{"type":"action","text":"crawler.down()","one":"4","id":"6"},"3":{"type":"action","text":"crawler = InnerCrawler_create(\n    visuals,\n    sub\n)","one":"5","id":"3"}},"type":"drakon","keywords":{"scenario":false,"async":false,"export":false,"function":true,"algoprop":false},"updated_by":"stipan","language":"LANG_S42","name":"createInner","when_updated":1664017454.2927}