{"version":20180619,"tag":"827779681","params":"evt","when_created":1677572280.3505,"parent_id":"a2a6421b","props":[],"language":"LANG_S42","items":{"4":{"one":"1","id":"4","type":"action","two":"","text":"setScrollFromMouseEvent(self.widget, x, y)"},"8":{"one":"7","id":"8","type":"action","text":"deltaX = 0\ndeltaY = (self.startY - evt.clientY) * self\n.barToBox","two":""},"1":{"type":"end","id":"1"},"5":{"one":"4","id":"5","type":"action","text":"x = self.startScrollX - deltaX \/ zoom\ny = self.startScrollY - deltaY \/ zoom","two":""},"2":{"type":"branch","branchId":0,"one":"8","id":"2"},"7":{"one":"5","id":"7","type":"action","text":"zoom = self.widget.zoomFactor","two":""}},"keywords":{"scenario":false,"async":false,"export":false,"function":true,"algoprop":false},"type":"drakon","updated_by":"stipan","when_updated":1677577030.6299,"name":"onDrag","created_by":"stipan"}