{"version":20180619,"tag":"786767141","params":"widget\nid","when_created":1666933274.2395,"parent_id":"f7515898","props":[],"created_by":"stipan","items":{"1":{"type":"end","id":"1"},"5":{"one":"6","id":"5","type":"action","two":"","text":"checkNotReadonly(widget)"},"2":{"type":"branch","branchId":0,"one":"5","id":"2"},"6":{"one":"7","id":"6","type":"action","text":"change = {\n    id: id,\n    fields: {margin: 0},\n    op: \"update\"\n}","two":""},"7":{"one":"1","id":"7","type":"action","two":"","text":"updateAndKeepSelection(widget, [change])"}},"type":"drakon","keywords":{"scenario":false,"async":false,"export":false,"function":true,"algoprop":false},"updated_by":"stipan","language":"LANG_S42","name":"resetMargin","when_updated":1666934487.6921}