{"version":20180619,"tag":"162535999","params":"text","when_created":1665292600.0874,"parent_id":"f7515898","props":[],"language":"LANG_S42","items":{"4":{"type":"action","text":"first = firstDigit(text)","one":"5","id":"4"},"8":{"type":"action","id":"8","one":"1","text":"return parseInt(tail)"},"1":{"type":"end","id":"1"},"5":{"flag1":0,"id":"5","type":"question","two":"6","one":"7","text":"first === -1"},"2":{"type":"branch","branchId":0,"one":"3","id":"2"},"6":{"type":"action","id":"6","one":"1","text":"return 0"},"7":{"type":"action","text":"tail = text.substring(first, text.length)","one":"8","id":"7"},"3":{"type":"action","text":"text = text || \"\"","one":"4","id":"3"}},"updated_by":"stipan","keywords":{"scenario":false,"async":false,"export":false,"function":true,"algoprop":false},"type":"drakon","created_by":"stipan","name":"getNumberPart","when_updated":1665292658.6106}