{"version":20180619,"tag":"760570538","params":"widget\nid\nbox\ny","when_created":1671375461.9843,"parent_id":"33dd7b8d","props":[],"language":"LANG_S42","items":{"4":{"type":"loopend","id":"4","one":"16","text":""},"7":{"type":"action","text":"left = box.centerX\nright = box.centerX\nfound = false","one":"5","id":"7"},"1":{"type":"end","id":"1"},"21":{"flag1":1,"id":"21","type":"question","text":"canGuide(widget, element)","one":"10","two":"4"},"6":{"flag1":0,"id":"6","type":"question","two":"4","one":"21","text":"element.id === id"},"15":{"branchId":3,"one":"1","id":"15","type":"branch","text":"Exit"},"16":{"branchId":2,"one":"19","id":"16","type":"branch","text":"Create guide"},"5":{"type":"loopbegin","text":"element; widget.visuals.free","one":"6","id":"5"},"11":{"flag1":1,"id":"11","type":"question","two":"4","one":"13","text":"ebox.centerY === y"},"10":{"type":"action","id":"10","one":"11","text":"ebox = getGuideBox(element)"},"2":{"branchId":1,"one":"7","id":"2","type":"branch","text":"Scan free items"},"17":{"type":"action","id":"17","one":"4","text":"found = true"},"18":{"type":"action","text":"guide = {\n    x1: left,\n    y1: Math.round(y),\n    x2: right,\n    y2: Math.round(y)\n}","one":"20","id":"18"},"19":{"flag1":1,"id":"19","type":"question","two":"15","one":"18","text":"found"},"13":{"type":"action","id":"13","one":"17","text":"left = Math.min(left, ebox.centerX)\nright = Math.max(right, ebox.centerX)"},"20":{"type":"action","id":"20","one":"15","text":"widget.visuals.guides.push(guide)"}},"keywords":{"scenario":false,"async":false,"export":false,"function":true,"algoprop":false},"type":"drakon","updated_by":"stipan","when_updated":1671584139.9705,"name":"findHorizontalCentralGuide","created_by":"stipan"}