{"version":20180619,"tag":"706158464","params":"ctx\nx\ny","when_created":1671390450.2276,"parent_id":"befd80d4","props":[],"language":"LANG_S42","items":{"4":{"type":"action","id":"4","one":"3","text":"ctx.fillStyle = \"#90ff90\""},"10":{"branchId":2,"one":"12","id":"10","type":"branch","text":"Left arrow"},"21":{"type":"action","text":"fillTrigangle(\n    ctx,\n    left,\n    bottom,\n    midX,\n    top,\n    right,\n    bottom,\n    \"black\"\n)","one":"22","id":"21"},"22":{"branchId":5,"one":"23","id":"22","type":"branch","text":"Down arrow"},"11":{"type":"action","text":"return createBox(x, y, size, size)","one":"1","id":"11"},"23":{"type":"action","id":"23","one":"24","text":"bottom = y + size - padding\ntop = bottom - asize"},"7":{"type":"action","id":"7","one":"4","text":"size = 30"},"18":{"type":"action","text":"fillTrigangle(\n    ctx,\n    left,\n    top,\n    right,\n    midY,\n    left,\n    bottom,\n    \"black\"\n)","one":"19","id":"18"},"14":{"type":"action","id":"14","one":"16","text":"fillTrigangle(\n    ctx,\n    left,\n    midY,\n    right,\n    top,\n    right,\n    bottom,\n    \"black\"\n)"},"1":{"type":"end","id":"1"},"24":{"type":"action","id":"24","one":"9","text":"fillTrigangle(\n    ctx,\n    left,\n    top,\n    right,\n    top,\n    midX,\n    bottom,\n    \"black\"\n)"},"15":{"type":"action","text":"left = x + padding\nmidY = y + size \/ 2\nright = left + asize\ntop = midY - asize\nbottom = midY + asize","one":"14","id":"15"},"16":{"branchId":3,"one":"17","id":"16","type":"branch","text":"Right arrow"},"9":{"branchId":6,"one":"11","id":"9","type":"branch","text":"Build box"},"6":{"type":"action","id":"6","one":"10","text":"ctx.strokeRect(x, y, size, size)"},"5":{"type":"action","id":"5","one":"6","text":"ctx.strokeStyle = \"black\"\nctx.lineWidth = 2"},"3":{"type":"action","text":"ctx.fillRect(x, y, size, size)","one":"5","id":"3"},"17":{"type":"action","id":"17","one":"18","text":"right = x + size - padding\nleft = right - asize"},"2":{"branchId":1,"one":"7","id":"2","type":"branch","text":"Rectangle"},"19":{"branchId":4,"one":"20","id":"19","type":"branch","text":"Up arrow"},"12":{"type":"action","id":"12","one":"15","text":"padding = 4\nasize = 5"},"20":{"type":"action","id":"20","one":"21","text":"midX = x + size \/ 2\nleft = midX - asize\nright = midX + asize\ntop = y + padding\nbottom = top + asize"}},"keywords":{"scenario":false,"async":false,"export":false,"function":true,"algoprop":false},"type":"drakon","updated_by":"stipan","when_updated":1671428883.8879,"name":"drawNugget","created_by":"stipan"}