{"version":20180619,"tag":"965059611","params":"x\ny","when_created":1671274671.8171,"parent_id":"e66d983d","props":[],"language":"LANG_S42","items":{"4":{"type":"action","id":"4","one":"6","text":"self.element.width = x - self.left\nself.element.height = y - self.top"},"1":{"type":"end","id":"1"},"7":{"type":"action","text":"findVerticalForHandle(\n    self,\n    self.element,\n    x\n)","one":"1","id":"7"},"2":{"type":"branch","branchId":0,"one":"4","id":"2"},"6":{"type":"action","text":"findHorizontalForHandle(\n    self,\n    self.element,\n    y\n)","one":"7","id":"6"}},"keywords":{"scenario":false,"async":false,"export":false,"function":true,"algoprop":false},"type":"drakon","updated_by":"stipan","created_by":"stipan","name":"dragTo","when_updated":1671376420.7868}