{"keywords":{"scenario":false,"async":false,"export":false,"function":true,"algoprop":false},"tag":"791174984","params":"widget\nctx\nwatermark\nfactor\nzoom\nwidth\nheight","when_created":1690629621.2418,"parent_id":"befd80d4","props":[],"when_updated":1690899900.2767,"items":{"1":{"type":"end","id":"1"},"9":{"type":"action","text":"ctx.fillText(watermark, left, top)","one":"13","id":"9"},"15":{"type":"action","id":"15","one":"14","text":"ctx.resetTransform()"},"16":{"type":"action","id":"16","one":"12","text":"zm = zoom * factor"},"6":{"type":"action","text":"margin = 18 \/ zoom\nleft = width \/ zoom - box.width - margin","one":"7","id":"6"},"11":{"one":"10","id":"11","type":"action","text":"ctx.fillStyle = getWatermarkColor(\n    widget,\n    ctx\n)","two":""},"12":{"type":"action","id":"12","one":"15","text":"ctx.save()"},"3":{"type":"action","id":"3","one":"6","text":"box = ctx.measureText(watermark)"},"7":{"type":"action","id":"7","one":"9","text":"top = 18"},"2":{"type":"branch","branchId":0,"one":"16","id":"2"},"10":{"one":"3","id":"10","type":"action","two":"","text":"ctx.font = \"16px Arial\""},"13":{"type":"action","id":"13","one":"1","text":"ctx.restore()"},"14":{"type":"action","id":"14","one":"11","text":"ctx.scale(zm, zm)"}},"updated_by":"stipan","version":20180619,"type":"drakon","language":"LANG_S42","name":"drawWatermark","created_by":"stipan"}