{"version":20180619,"tag":"319076983","params":"widget\nnode","when_created":1666610449.6871,"parent_id":"f474e5bd","props":[],"created_by":"stipan","items":{"4":{"branchId":4,"one":"7","id":"4","type":"branch","text":"Exit"},"21":{"type":"action","id":"21","one":"22","text":"right = node.next[1]"},"22":{"type":"action","text":"updateItem(\n    edits,\n    left.itemId,\n    {two: right.itemId}\n)","one":"15","id":"22"},"28":{"type":"action","text":"toKeep[node.itemId] = true","one":"13","id":"28"},"7":{"type":"action","text":"return edits","one":"1","id":"7"},"18":{"type":"action","id":"18","one":"19","text":"left = node.prev[0]"},"13":{"type":"action","text":"markToDelete(\n    widget,\n    toKeep,\n    node,\n    below.itemId,\n    edits\n)","one":"4","id":"13"},"14":{"type":"action","text":"model = widget.model","one":"3","id":"14"},"1":{"type":"end","id":"1"},"24":{"type":"action","id":"24","one":"25","text":"right = node.next[1]"},"15":{"type":"action","text":"deleteItem(widget, edits, node)","one":"5","id":"15"},"6":{"branchId":3,"one":"27","id":"6","type":"branch","text":"Gather the nodes to delete"},"5":{"branchId":2,"one":"26","id":"5","type":"branch","text":"Mark the nodes that stay"},"25":{"type":"action","text":"updateItem(\n    edits,\n    left.itemId,\n    {one: right.itemId}\n)","one":"15","id":"25"},"19":{"flag1":0,"id":"19","type":"question","text":"left === node.select","one":"20","two":"24"},"3":{"type":"action","id":"3","one":"18","text":"edits = []"},"26":{"type":"action","text":"toKeep = markOtherCasesToStay(\n    widget,\n    node\n)","one":"6","id":"26"},"2":{"branchId":1,"one":"14","id":"2","type":"branch","text":"Delete itself"},"23":{"type":"action","text":"updateItem(edits, left.itemId, {two: \"\"})","one":"15","id":"23"},"27":{"type":"action","id":"27","one":"28","text":"below = node.next[0]"},"20":{"flag1":1,"id":"20","type":"question","two":"23","one":"21","text":"node.next.length === 2"}},"type":"drakon","keywords":{"scenario":false,"async":false,"export":false,"function":true,"algoprop":false},"updated_by":"stipan","language":"LANG_S42","name":"deleteCase","when_updated":1675883528.7242}