{"version":20180619,"tag":"567737048","params":"lines","when_created":1668153787.6466,"parent_id":"f2ec426b","props":[],"when_updated":1668153820.455,"items":{"4":{"type":"action","id":"4","one":"1","text":"return output"},"1":{"type":"end","id":"1"},"5":{"type":"loopend","text":"","one":"4","id":"5"},"2":{"type":"branch","branchId":0,"one":"3","id":"2"},"6":{"type":"loopbegin","text":"line; lines","one":"7","id":"6"},"7":{"type":"action","id":"7","one":"5","text":"output.push({tokens: line})"},"3":{"type":"action","id":"3","one":"6","text":"output = []"}},"type":"drakon","keywords":{"scenario":false,"async":false,"export":false,"function":true,"algoprop":false},"updated_by":"stipan","language":"LANG_S42","name":"wrapInLineObjects","created_by":"stipan"}