{"version":20180619,"tag":"959984727","params":"ctx\nx\ny\nfill\nborder\nconfig","when_created":1664735912.2004,"parent_id":"41f1c7b9","props":[],"language":"LANG_S42","items":{"2":{"type":"branch","branchId":0,"one":"5","id":"2"},"4":{"one":"1","id":"4","type":"action","two":"","text":"drawCross(\n    ctx,\n    x,\n    y,\n    config.socketRadius \/ 2,\n    2,\n    border\n)"},"1":{"type":"end","id":"1"},"5":{"one":"4","id":"5","type":"action","text":"drawCircle(\n    ctx,\n    x,\n    y,\n    config.socketRadius,\n    2,\n    fill,\n    border\n)","two":""}},"updated_by":"stipan","keywords":{"scenario":false,"async":false,"export":false,"function":true,"algoprop":false},"type":"drakon","created_by":"stipan","name":"drawPointSocket","when_updated":1664736016.6185}