{"version":20180619,"tag":"375928299","params":"visuals\nselect","when_created":1657695959.3996,"parent_id":"794efc2c","props":[],"language":"LANG_S42","items":{"2":{"type":"branch","branchId":0,"one":"3","id":"2"},"1":{"type":"end","id":"1"},"3":{"type":"action","id":"3","one":"1","text":"setSameHeightForNodes(\n    visuals,\n    select.cases\n)"}},"updated_by":"stipan","keywords":{"scenario":false,"async":false,"export":false,"function":true,"algoprop":false},"type":"drakon","when_updated":1657695999.3977,"name":"setSameHeightForSelect","created_by":"stipan"}