{"version":20180619,"tag":"356901197","when_created":1671582852.9242,"parent_id":"b01ba575","props":[],"items":{"2":{"type":"branch","branchId":0,"one":"3","id":"2"},"1":{"type":"end","id":"1"},"3":{"type":"action","text":"return [\n    \"iconBack\",\n    \"iconBorder\",\n    \"borderWidth\",\n    \"shadowColor\",\n    \"shadowBlur\",\n    \"shadowOffsetX\",\n    \"shadowOffsetY\",\n    \"color\",\n    \"font\",\n    \"textAlign\"\n]","one":"1","id":"3"}},"when_updated":1671582886.2776,"created_by":"stipan","type":"drakon","updated_by":"stipan","name":"getStandardProps","language":"LANG_S42"}