{"version":20180619,"tag":"","params":"visuals\nelement","when_created":1673094952.334,"parent_id":"76971d15","props":[],"created_by":"stipan","items":{"2":{"type":"branch","branchId":0,"one":"9","id":"2"},"8":{"one":"1","id":"8","type":"action","text":"return buildTextContent(\n    visuals,\n    element,\n    options,\n    element.width\n)","two":""},"1":{"type":"end","id":"1"},"9":{"one":"8","id":"9","type":"action","two":"","text":"options = {}"}},"keywords":{"scenario":false,"async":false,"export":false,"function":true,"algoprop":false},"updated_by":"stipan","type":"drakon","language":"LANG_S42","name":"flow","when_updated":1673094952.334}