{"keywords":{"scenario":false,"async":false,"export":false,"function":true,"algoprop":false},"tag":"956489453","params":"type","when_created":1661410038.5196,"parent_id":"e0f4b57d","props":[],"language":"LANG_S42","items":{"4":{"type":"action","text":"clearSockets(self.visuals)","one":"15","id":"4"},"21":{"one":"22","id":"21","type":"case","two":"24","text":"\"duration\""},"22":{"type":"action","text":"showDurationSockets(\n    self.visuals,\n    \"paste\"\n)","one":"11","id":"22"},"11":{"type":"action","id":"11","one":"1","text":"paint(self)"},"23":{"type":"action","id":"23","one":"20","text":"tracing.trace(\n    \"DrakonCanvas.showPasteSockets\",\n    type\n)"},"7":{"one":"13","id":"7","type":"case","two":"6","text":"\"case\""},"18":{"type":"action","id":"18","one":"11","text":"showBlockInsertSockets(\n    self.visuals,\n    \"paste\",\n    type\n)"},"13":{"type":"action","text":"showInsert = function (visuals, node) {\n    showCaseSockets(\n        visuals,\n        node,\n        \"paste\"\n    )\n}","one":"14","id":"13"},"14":{"type":"action","text":"forType(self.visuals, \"case\", showInsert)","one":"11","id":"14"},"8":{"type":"select","id":"8","one":"7","text":"type"},"1":{"type":"end","id":"1"},"24":{"one":"26","id":"24","type":"case","two":"5","text":"\"mind\""},"15":{"flag1":1,"id":"15","type":"question","text":"type","one":"16","two":"11"},"16":{"type":"action","id":"16","one":"8","text":"deselectAll(self)"},"25":{"type":"action","id":"25","one":"11","text":"showMindInsertSockets(\n    self,\n    \"paste\",\n    undefined\n)"},"6":{"one":"19","id":"6","type":"case","two":"17","text":"\"branch\""},"5":{"type":"case","one":"11","id":"5"},"17":{"one":"18","id":"17","type":"case","text":"\"block\"","two":"21"},"2":{"type":"branch","branchId":0,"one":"23","id":"2"},"26":{"flag1":1,"id":"26","type":"question","two":"11","one":"25","text":"isMind(self)"},"19":{"type":"action","text":"showAllBranchSockets(\n    self.visuals,\n    \"paste\"\n)","one":"11","id":"19"},"20":{"flag1":0,"id":"20","type":"question","text":"isReadonly(self)","one":"4","two":"1"}},"type":"drakon","version":20180619,"updated_by":"stipan","created_by":"stipan","name":"showPasteSockets","when_updated":1704300031.9132}