{"version":20180619,"tag":"45632741","params":"element","when_created":1673095255.6092,"parent_id":"f1693798","props":[],"when_updated":1673096334.1636,"items":{"2":{"type":"branch","branchId":0,"one":"3","id":"2"},"1":{"type":"end","id":"1"},"3":{"type":"action","id":"3","one":"1","text":"return Math.round(element.height * 0.8)"}},"keywords":{"scenario":false,"async":false,"export":false,"function":true,"algoprop":false},"updated_by":"stipan","type":"drakon","created_by":"stipan","name":"getComboButtonWidth","language":"LANG_S42"}