{"version":20180619,"tag":"536096693","params":"widget\nsocket\npayload","when_created":1673551810.4323,"parent_id":"b3d6c272","props":[],"when_updated":1673678361.7658,"items":{"19":{"type":"action","id":"19","one":"1","text":"return mindInsertCore(\n    widget,\n    socket,\n    parent,\n    ordinal,\n    payload\n)"},"17":{"one":"19","id":"17","type":"action","two":"","text":"parent = socket.node\nordinal = 0"},"2":{"type":"branch","branchId":0,"one":"16","id":"2"},"16":{"one":"17","id":"16","type":"action","text":"model = widget.model","two":""},"1":{"type":"end","id":"1"}},"updated_by":"stipan","keywords":{"scenario":false,"async":false,"export":false,"function":true,"algoprop":false},"type":"drakon","created_by":"stipan","name":"mindChildInsert","language":"LANG_S42"}