{"version":20180619,"tag":"4187089","params":"visuals\nelement\nctx","when_created":1673091168.9445,"parent_id":"f298c153","props":[],"when_updated":1673091832.7548,"items":{"5":{"type":"action","text":"w = element.width \/ 2\nh = element.height \/ 2\nx = element.left + w\ny = element.top + h","one":"19","id":"5"},"22":{"type":"loopend","id":"22","one":"26","text":""},"11":{"type":"action","id":"11","one":"23","text":"b = Math.round(w \/ 8)\nvx = x - w + b * 2"},"28":{"type":"action","text":"ctx.strokeRect(x + w - b * 2, top, b, b)","one":"29","id":"28"},"7":{"flag1":0,"id":"7","type":"question","text":"mustShift(visuals.config, line)","one":"11","two":"8"},"18":{"type":"action","text":"clearShadow(ctx)","one":"7","id":"18"},"29":{"type":"action","id":"29","one":"1","text":"line1(ctx, x - w, y + b, x + w, y + b)"},"8":{"type":"action","text":"x += 0.5\ny += 0.5","one":"11","id":"8"},"19":{"type":"action","id":"19","one":"21","text":"r = w \/ 5\nborder = Math.round(h \/ 6)\nleft = x - w + border\nright = x + w - border\ncy = y - h + border\nw2 = w * 2 - border * 2"},"24":{"type":"action","text":"line1(ctx, vx, y - h, vx, y + h)","one":"25","id":"24"},"25":{"type":"action","id":"25","one":"22","text":"vx += b"},"9":{"one":"18","id":"9","type":"action","text":"line = ctx.lineWidth || 1","two":""},"23":{"type":"loopbegin","text":"i = 0; i < 4; i++","one":"24","id":"23"},"26":{"type":"action","id":"26","one":"27","text":"top = y - b"},"2":{"type":"branch","branchId":0,"one":"5","id":"2"},"1":{"type":"end","id":"1"},"27":{"type":"action","text":"ctx.strokeRect(x + w - b * 4, top, b, b)","one":"28","id":"27"},"21":{"type":"action","id":"21","one":"9","text":"renderFreeIconShape(\n    ctx,\n    visuals,\n    element,\n    buildRectCoords,\n    undefined\n)"}},"keywords":{"scenario":false,"async":false,"export":false,"function":true,"algoprop":false},"updated_by":"stipan","type":"drakon","created_by":"stipan","name":"renderServer2","language":"LANG_S42"}