{"version":20180619,"tag":"209605012","params":"visuals\ntargetId\nsource","when_created":1664377283.704,"parent_id":"a07682cb","props":[],"created_by":"stipan","items":{"4":{"flag1":0,"id":"4","type":"question","text":"source.finalTarget.itemId === targetId","one":"5","two":"6"},"1":{"type":"end","id":"1"},"5":{"flag1":1,"id":"5","type":"question","text":"sameLoop(visuals, source.links, targetId)","one":"3","two":"6"},"2":{"type":"branch","branchId":0,"one":"4","id":"2"},"6":{"type":"action","id":"6","one":"1","text":"return false"},"3":{"type":"action","id":"3","one":"1","text":"return true"}},"updated_by":"stipan","keywords":{"scenario":false,"async":false,"export":false,"function":true,"algoprop":false},"type":"drakon","language":"LANG_S42","name":"canTransplant","when_updated":1664474355.1692}