{"version":20180619,"tag":"","params":"widget\nelement\nctx","when_created":1673155315.8505,"parent_id":"e44b5c6f","props":[],"language":"LANG_S42","items":{"2":{"branchId":0,"one":"62","id":"2","type":"branch","text":""},"1":{"type":"end","id":"1"},"62":{"type":"action","text":"drawRectCandies(widget, element, ctx)","one":"1","id":"62"}},"keywords":{"scenario":false,"async":false,"export":false,"function":true,"algoprop":false},"type":"drakon","updated_by":"stipan","when_updated":1673155315.8505,"name":"drawCandies","created_by":"stipan"}