{"version":20180619,"tag":"415290516","params":"inputLine\nleft\ntop\nright\nflowBlock","when_created":1667551216.0128,"parent_id":"99e62b4e","props":[],"created_by":"stipan","items":{"4":{"type":"action","text":"margin = (\n    flowBlock.lineHeight - flowBlock.fontSize\n) \/ 2","one":"12","id":"4"},"55":{"type":"action","id":"55","one":"1","text":"return line.bottom"},"56":{"type":"case","one":"45","id":"56"},"60":{"type":"action","id":"60","one":"59","text":"line = createLine(\n    flowBlock,\n    left,\n    top,\n    baseLineShift\n)"},"50":{"one":"46","id":"50","type":"action","text":"addTokenToLine(line, token)","two":""},"57":{"one":"62","id":"57","type":"case","two":"56","text":"\"ol\""},"12":{"type":"action","text":"baseLineShift = flowBlock.lineHeight - margin","one":"60","id":"12"},"62":{"flag1":0,"id":"62","type":"question","text":"inputLine.tokens.length === 0","one":"61","two":"45"},"48":{"flag1":1,"id":"48","type":"question","text":"line.right + token.width <= right","one":"50","two":"49"},"52":{"one":"54","id":"52","type":"action","two":"","text":"line = createLine(\n    flowBlock,\n    left,\n    line.bottom,\n    baseLineShift\n)"},"49":{"flag1":1,"id":"49","type":"question","two":"52","one":"50","text":"line.tokens.length === 0"},"1":{"type":"end","id":"1"},"63":{"type":"action","text":"","one":"47","id":"63"},"61":{"type":"action","id":"61","one":"45","text":"left += inputLine.tokens[0].width"},"59":{"type":"select","text":"inputLine.type","one":"58","id":"59"},"46":{"type":"loopend","id":"46","one":"10","text":""},"58":{"one":"62","id":"58","type":"case","two":"57","text":"\"ul\""},"54":{"type":"arrow-loop","one":"48","id":"54"},"2":{"branchId":1,"one":"4","id":"2","type":"branch","text":"Init"},"47":{"type":"loopbegin","text":"token; inputLine.tokens","one":"54","id":"47"},"10":{"branchId":3,"one":"55","id":"10","type":"branch","text":"Exit"},"45":{"branchId":2,"one":"63","id":"45","type":"branch","text":"Process tokens"}},"updated_by":"stipan","keywords":{"scenario":false,"async":false,"export":false,"function":true,"algoprop":false},"type":"drakon","when_updated":1677137526.4572,"name":"flowLine","language":"LANG_S42"}