{"version":20180619,"tag":"552379931","params":"n1\nn2\nvertical","when_created":1665850738.1101,"parent_id":"35f7b123","props":[],"language":"LANG_S42","items":{"4":{"flag1":0,"id":"4","type":"question","two":"6","one":"5","text":"vertical"},"1":{"type":"end","id":"1"},"5":{"type":"action","text":"dy *= 4","one":"7","id":"5"},"2":{"type":"branch","branchId":0,"one":"3","id":"2"},"6":{"type":"action","text":"dx *= 4","one":"7","id":"6"},"7":{"type":"action","id":"7","one":"1","text":"return Math.sqrt(dx * dx + dy * dy)"},"3":{"type":"action","text":"dx = n1.x - n2.x\ndy = n1.y - n2.y","one":"4","id":"3"}},"updated_by":"stipan","keywords":{"scenario":false,"async":false,"export":false,"function":true,"algoprop":false},"type":"drakon","created_by":"stipan","name":"getDistance","when_updated":1665850794.7786}