{"keywords":{"scenario":false,"async":false,"export":false,"function":true,"algoprop":false},"tag":"337570560","params":"widget\nheadNode\nnode","when_created":1658403583.8557,"parent_id":"35f7b123","props":[],"language":"LANG_S42","items":{"4":{"branchId":4,"one":"1","id":"4","type":"branch","text":"Exit"},"40":{"type":"action","text":"return addParBlockToSelection(\n    widget,\n    headNode,\n    start\n)","one":"4","id":"40"},"10":{"type":"case","one":"41","id":"10"},"21":{"type":"loopbegin","id":"21","one":"23","text":"id, info; context.nodes"},"41":{"flag1":0,"id":"41","type":"question","two":"42","one":"18","text":"isSelected(widget, node.id)"},"22":{"type":"action","id":"22","one":"20","text":"included.push(info.node)"},"32":{"type":"action","text":"start = node.loopStart","one":"35","id":"32"},"11":{"one":"30","id":"11","type":"case","text":"\"case\"","two":"17"},"23":{"flag1":1,"id":"23","type":"question","two":"20","one":"22","text":"info.include"},"7":{"branchId":2,"one":"13","id":"7","type":"branch","text":"Choose node type"},"33":{"type":"action","text":"start = node","one":"35","id":"33"},"13":{"type":"select","id":"13","one":"12","text":"node.type"},"14":{"one":"34","id":"14","type":"case","two":"38","text":"\"question\""},"34":{"type":"action","text":"start = node","one":"35","id":"34"},"24":{"type":"action","text":"result = headNode","one":"26","id":"24"},"15":{"one":"33","id":"15","type":"case","text":"\"arrow-loop\"","two":"14"},"16":{"one":"32","id":"16","type":"case","text":"\"loopend\"","two":"15"},"35":{"type":"action","text":"context = {\n    paths: 0,\n    nodes: {},\n    arrows: 0,\n    loops: {}\n}","one":"36","id":"35"},"25":{"type":"loopend","id":"25","one":"28","text":""},"26":{"type":"loopbegin","id":"26","one":"27","text":"inode; included"},"36":{"type":"action","text":"info = getNodeInfo(context, start)","one":"37","id":"36"},"27":{"type":"action","id":"27","one":"25","text":"result = addOne(widget, result, inode)"},"37":{"type":"action","id":"37","one":"5","text":"selectClusterStepNext(\n    widget,\n    context,\n    info\n)"},"38":{"one":"39","id":"38","type":"case","two":"10","text":"\"junction\""},"28":{"type":"action","id":"28","one":"4","text":"return result"},"39":{"type":"action","text":"start = goLeft(node)","one":"40","id":"39"},"29":{"type":"action","text":"start = node","one":"35","id":"29"},"1":{"type":"end","id":"1"},"5":{"branchId":3,"one":"19","id":"5","type":"branch","text":"Scan subgraph"},"42":{"one":"4","id":"42","type":"action","two":"","text":"return headNode"},"31":{"type":"action","text":"start = node","one":"35","id":"31"},"19":{"type":"action","text":"included = []","one":"21","id":"19"},"2":{"branchId":1,"one":"7","id":"2","type":"branch","text":"Already selected?"},"17":{"one":"31","id":"17","type":"case","text":"\"loopbegin\"","two":"16"},"30":{"type":"action","text":"start = node.select","one":"35","id":"30"},"12":{"one":"29","id":"12","type":"case","text":"\"select\"","two":"11"},"18":{"type":"action","text":"return addOne(widget, headNode, node)","one":"4","id":"18"},"20":{"type":"loopend","id":"20","one":"24","text":""}},"type":"drakon","version":20180619,"updated_by":"stipan","created_by":"stipan","name":"selectCluster","when_updated":1675150584.8877}