{"version":20180619,"tag":"235395675","params":"ctx\nleft\ntop\nwidth\nheight","when_created":1657804431.1856,"parent_id":"683f5bbe","props":[],"when_updated":1672559985.8324,"items":{"4":{"type":"action","id":"4","one":"3","text":"x0 = left\nx1 = x0 + h\nx3 = left + width\nx2 = x3 - h\nbottom = top + height"},"1":{"type":"end","id":"1"},"5":{"type":"action","text":"h = height \/ 2\ny = top + h","one":"4","id":"5"},"2":{"branchId":0,"one":"5","id":"2","type":"branch","text":""},"3":{"type":"action","id":"3","one":"1","text":"ctx.beginPath()\nctx.arc(\n    x1,\n    y,\n    h,\n    Math.PI * 0.5,\n    Math.PI * 1.5\n)\nctx.lineTo(x2, top)\nctx.arc(\n    x2,\n    y,\n    h,\n    Math.PI * 1.5,\n    Math.PI * 0.5\n)\nctx.closePath()"}},"type":"drakon","keywords":{"scenario":false,"async":false,"export":false,"function":true,"algoprop":false},"updated_by":"stipan","language":"LANG_S42","name":"buildBeginEndPath","created_by":"stipan"}