{"keywords":{"scenario":false,"async":false,"export":false,"function":true,"algoprop":false},"tag":"888747222","params":"widget\nprim","when_created":1672740590.1274,"parent_id":"fdabdff8","props":[],"language":"LANG_S42","items":{"4":{"type":"action","text":"menu = []","one":"9","id":"4"},"8":{"type":"action","text":"pushMenuItem(\n    \"delete_connection\",\n    menu,\n    tr(widget, \"Delete\"),\n    widget.visuals.config.imagePath + \"delete.png\",\n    function () {\n        deleteSelection(widget)\n    }\n)","one":"15","id":"8"},"1":{"type":"end","id":"1"},"9":{"flag1":0,"id":"9","type":"question","text":"isReadonly(widget)","one":"8","two":"3"},"2":{"type":"branch","branchId":0,"one":"4","id":"2"},"15":{"one":"16","id":"15","type":"action","text":"menu.push({type: \"separator\"})","two":""},"16":{"one":"3","id":"16","type":"action","two":"","text":"pushMenuItem(\n    \"format\",\n    menu,\n    tr(widget, \"Format\"),\n    undefined,\n    function () {\n        startEditStyle(widget)\n    }\n)"},"3":{"type":"action","id":"3","one":"1","text":"return menu"}},"type":"drakon","version":20180619,"updated_by":"stipan","when_updated":1672740650.8744,"name":"buildConnectionMenu","created_by":"stipan"}