{"version":20180619,"tag":"54535017","params":"x\ny\nwidth\nheight","when_created":1657716315.7204,"parent_id":"34e4d875","props":[],"when_updated":1658310121.9844,"items":{"2":{"type":"branch","branchId":0,"one":"3","id":"2"},"1":{"type":"end","id":"1"},"3":{"type":"action","text":"return createBox(\n    x - width,\n    y - height,\n    width * 2,\n    height * 2\n)","one":"1","id":"3"}},"type":"drakon","keywords":{"scenario":false,"async":false,"export":false,"function":true,"algoprop":false},"updated_by":"stipan","language":"LANG_S42","name":"boxFromPoint","created_by":"stipan"}