{"version":20180619,"tag":"86769171","params":"visuals\nelement","when_created":1672895681.7827,"parent_id":"5ed6e498","props":[],"created_by":"stipan","items":{"2":{"type":"branch","branchId":0,"one":"9","id":"2"},"9":{"one":"10","id":"9","type":"action","two":"","text":"options = {}"},"1":{"type":"end","id":"1"},"10":{"one":"1","id":"10","type":"action","two":"","text":"return buildTextContent(\n    visuals,\n    element,\n    options,\n    element.width\n)"}},"keywords":{"scenario":false,"async":false,"export":false,"function":true,"algoprop":false},"updated_by":"stipan","type":"drakon","language":"LANG_S42","name":"flow","when_updated":1672901873.2651}