{"version":20180619,"tag":"","params":"visuals\nelement\nctx","when_created":1673159920.6129,"parent_id":"f298c153","props":[],"language":"LANG_S42","items":{"4":{"one":"5","id":"4","type":"action","text":"ctx.lineWidth = getLineWidth(\n    visuals,\n    element\n)","two":""},"8":{"type":"action","text":"padding = w * 0.3\ny0 = y - h \/ 3\ny1 = y + h \/ 3\nx0 = x - w + padding\nx1 = x + w - padding\nline2(ctx, x0, y0, x, y1, x1, y0)","one":"1","id":"8"},"1":{"type":"end","id":"1"},"5":{"one":"7","id":"5","type":"action","two":"","text":"ctx.strokeStyle = getLineColor(\n    visuals,\n    element\n)"},"2":{"type":"branch","branchId":0,"one":"4","id":"2"},"7":{"type":"action","text":"w = element.width \/ 2\nh = element.height \/ 2\nx = element.left + w\ny = element.top + h","one":"8","id":"7"}},"keywords":{"scenario":false,"async":false,"export":false,"function":true,"algoprop":false},"type":"drakon","updated_by":"stipan","created_by":"stipan","name":"renderDownAngle","when_updated":1673159920.6129}