{"keywords":{"scenario":false,"async":false,"export":false,"function":true,"algoprop":false},"tag":"","params":"visuals\nnode","when_created":1675796325.5215,"parent_id":"ca1bbf82","props":[],"when_updated":1675796325.5215,"items":{"11":{"type":"action","text":"width = undefined","one":"9","id":"11"},"12":{"type":"action","text":"width = node.w * 2","one":"9","id":"12"},"1":{"type":"end","id":"1"},"2":{"type":"branch","branchId":0,"one":"10","id":"2"},"9":{"type":"action","text":"options = {}","one":"8","id":"9"},"8":{"type":"action","id":"8","one":"1","text":"return buildTextContent(\n    visuals,\n    node,\n    options,\n    width\n)"},"10":{"flag1":0,"id":"10","type":"question","text":"\"w\" in node","one":"11","two":"12"}},"type":"drakon","version":20180619,"updated_by":"stipan","created_by":"stipan","name":"contentAction","language":"LANG_S42"}