{"version":20180619,"tag":"482842253","params":"widget\nop\ntype\nimageData","when_created":1673582257.967,"parent_id":"b3d6c272","props":[],"created_by":"stipan","items":{"4":{"type":"loopend","id":"4","one":"1","text":""},"8":{"type":"action","id":"8","one":"5","text":"visuals = widget.visuals"},"1":{"type":"end","id":"1"},"5":{"type":"loopbegin","id":"5","one":"7","text":"id, node; visuals.nodes"},"2":{"type":"branch","branchId":0,"one":"8","id":"2"},"6":{"type":"action","id":"6","one":"4","text":"showMindSocketsForIcon(\n    visuals,\n    node,\n    op,\n    type,\n    imageData\n)"},"7":{"flag1":1,"id":"7","type":"question","two":"4","one":"6","text":"isMindIcon(widget, node)"}},"keywords":{"scenario":false,"async":false,"export":false,"function":true,"algoprop":false},"updated_by":"stipan","type":"drakon","when_updated":1676206630.0904,"name":"showMindInsertSockets","language":"LANG_S42"}