{"version":20180619,"tag":"780857508","params":"obj","when_created":1657285473.6366,"parent_id":"befd80d4","props":[],"when_updated":1657628812.5042,"items":{"4":{"type":"action","text":"obj.nextId++","one":"5","id":"4"},"1":{"type":"end","id":"1"},"5":{"type":"action","id":"5","one":"1","text":"return id"},"2":{"type":"branch","branchId":0,"one":"3","id":"2"},"3":{"type":"action","text":"id = obj.nextId.toString()","one":"4","id":"3"}},"type":"drakon","keywords":{"scenario":false,"async":false,"export":false,"function":true,"algoprop":false},"updated_by":"stipan","language":"LANG_S42","name":"getNextId","created_by":"stipan"}