{"version":20180619,"tag":"216761788","params":"widget\nedits\nitem","when_created":1666949784.063,"parent_id":"c7c5feee","props":[],"created_by":"stipan","items":{"2":{"type":"branch","branchId":0,"one":"3","id":"2"},"4":{"type":"action","text":"return createItem(\n    widget.model,\n    edits,\n    item\n)","one":"1","id":"4"},"1":{"type":"end","id":"1"},"3":{"type":"action","id":"3","one":"4","text":"item.zIndex = getNextZIndex(widget)"}},"type":"drakon","keywords":{"scenario":false,"async":false,"export":false,"function":true,"algoprop":false},"updated_by":"stipan","when_updated":1690566347.9674,"name":"insertFreeItem","language":"LANG_S42"}