{"version":20180619,"tag":"","params":"visuals\nselect","when_created":1666552368.78,"parent_id":"8e739cfd","props":[],"created_by":"stipan","items":{"4":{"type":"loopend","text":"","one":"6","id":"4"},"8":{"type":"action","id":"8","one":"9","text":"jun = getUp(left)"},"1":{"type":"end","id":"1"},"5":{"type":"loopbegin","id":"5","one":"7","text":"i = 0; i < cases.length - 1; i++"},"9":{"flag1":0,"id":"9","type":"question","two":"4","one":"10","text":"jun.zoned"},"6":{"type":"action","text":"return cases[cases.length - 1]","one":"1","id":"6"},"11":{"type":"action","text":"crawl(outer, left.down)\ncrawl(inner, right.down)","one":"4","id":"11"},"3":{"type":"action","text":"cases = select.cases","one":"5","id":"3"},"7":{"type":"action","id":"7","one":"8","text":"left = cases[i]\nright = cases[i + 1]"},"2":{"type":"branch","branchId":0,"one":"3","id":"2"},"10":{"type":"action","id":"10","one":"11","text":"sub = createSubspace(visuals)\nouter = createOuter(visuals, sub)\ninner = createInner(visuals, sub)"}},"updated_by":"stipan","keywords":{"scenario":false,"async":false,"export":false,"function":true,"algoprop":false},"type":"drakon","when_updated":1666552368.78,"name":"crawlSelect","language":"LANG_S42"}