{"version":20180619,"tag":"179947605","params":"node","when_created":1673457784.6386,"parent_id":"b3d6c272","props":[],"language":"LANG_S42","items":{"4":{"one":"5","id":"4","type":"select","text":"ttype","two":""},"8":{"one":"4","id":"8","type":"action","text":"ttype = getTType(parent)","two":""},"1":{"type":"end","id":"1"},"5":{"one":"11","id":"5","type":"case","two":"6","text":"\"vertical\""},"15":{"type":"action","id":"15","one":"1","text":"return []"},"11":{"type":"action","id":"11","one":"1","text":"return [node.id]"},"12":{"type":"action","id":"12","one":"1","text":"return parent.children.map(\n    function (child) {\n        return child.id\n    }\n)"},"7":{"one":"12","id":"7","type":"case","two":"","text":"\"treeview\""},"2":{"type":"branch","branchId":0,"one":"13","id":"2"},"6":{"one":"12","id":"6","type":"case","text":"\"horizontal\"","two":"7"},"13":{"type":"action","text":"parent = node.parent","one":"14","id":"13"},"14":{"flag1":1,"id":"14","type":"question","text":"parent","one":"8","two":"15"}},"keywords":{"scenario":false,"async":false,"export":false,"function":true,"algoprop":false},"type":"drakon","updated_by":"stipan","when_updated":1675367900.7506,"name":"getHorSiblings","created_by":"stipan"}