{"version":20180619,"tag":"270007268","params":"pos","when_created":1673074125.7331,"parent_id":"9aef9dd4","props":[],"created_by":"stipan","items":{"2":{"type":"branch","branchId":0,"one":"4","id":"2"},"4":{"one":"3","id":"4","type":"action","two":"","text":"item = {\n    type: self.type,\n    left: pos.x,\n    top: pos.y,\n    width: self.width,\n    height: self.height\n}"},"1":{"type":"end","id":"1"},"3":{"type":"action","id":"3","one":"1","text":"return item"}},"keywords":{"scenario":false,"async":false,"export":false,"function":true,"algoprop":false},"updated_by":"stipan","type":"drakon","when_updated":1673078005.4727,"name":"create","language":"LANG_S42"}