{"version":20180619,"tag":"783063810","params":"widget\nid\nbox\nx","when_created":1671375241.9743,"parent_id":"33dd7b8d","props":[],"created_by":"stipan","items":{"4":{"type":"loopend","text":"","one":"16","id":"4"},"21":{"flag1":1,"id":"21","type":"question","text":"canGuide(widget, element)","one":"22","two":"4"},"22":{"type":"action","text":"ebox = getGuideBox(element)","one":"11","id":"22"},"11":{"flag1":1,"id":"11","type":"question","two":"12","one":"13","text":"ebox.left === x"},"12":{"flag1":1,"id":"12","type":"question","text":"ebox.right === x","one":"13","two":"4"},"7":{"type":"action","id":"7","one":"5","text":"top = box.top\nbottom = box.bottom\nfound = false"},"18":{"type":"action","id":"18","one":"20","text":"guide = {\n    x1: x,\n    y1: top,\n    x2: x,\n    y2: bottom\n}"},"13":{"type":"action","text":"top = Math.min(top, ebox.top)\nbottom = Math.max(bottom, ebox.bottom)","one":"17","id":"13"},"1":{"type":"end","id":"1"},"6":{"flag1":0,"id":"6","type":"question","text":"element.id === id","one":"21","two":"4"},"16":{"branchId":2,"one":"19","id":"16","type":"branch","text":"Create guide"},"5":{"type":"loopbegin","id":"5","one":"6","text":"element; widget.visuals.free"},"17":{"type":"action","text":"found = true","one":"4","id":"17"},"2":{"branchId":1,"one":"7","id":"2","type":"branch","text":"Scan free items"},"19":{"flag1":1,"id":"19","type":"question","text":"found","one":"18","two":"15"},"15":{"branchId":3,"one":"1","id":"15","type":"branch","text":"Exit"},"20":{"type":"action","text":"widget.visuals.guides.push(guide)","one":"15","id":"20"}},"keywords":{"scenario":false,"async":false,"export":false,"function":true,"algoprop":false},"updated_by":"stipan","type":"drakon","when_updated":1671584163.8437,"name":"findVerticalGuide","language":"LANG_S42"}