{"version":20180619,"tag":"","params":"widget\nelement\nctx","when_created":1673073246.9652,"parent_id":"def45ea8","props":[],"created_by":"stipan","items":{"2":{"branchId":0,"one":"62","id":"2","type":"branch","text":""},"63":{"type":"action","id":"63","one":"1","text":"createRadiusHandleLeft(\n    widget,\n    element,\n    ctx\n)"},"1":{"type":"end","id":"1"},"62":{"type":"action","text":"drawRectCandies(widget, element, ctx)","one":"63","id":"62"}},"keywords":{"scenario":false,"async":false,"export":false,"function":true,"algoprop":false},"updated_by":"stipan","type":"drakon","when_updated":1673073246.9652,"name":"drawCandies","language":"LANG_S42"}