{"version":20180619,"tag":"698266305","params":"visuals","when_created":1663863370.2634,"parent_id":"befd80d4","props":[],"created_by":"stipan","items":{"4":{"flag1":0,"id":"4","type":"question","two":"8","one":"6","text":"visuals.branches.length === 1"},"8":{"type":"action","id":"8","one":"1","text":"crawlSubdiagram(\n    visuals,\n    visuals.header.down\n)"},"1":{"type":"end","id":"1"},"5":{"type":"loopend","text":"","one":"1","id":"5"},"2":{"type":"branch","branchId":0,"one":"4","id":"2"},"6":{"type":"loopbegin","id":"6","one":"9","text":"branch; visuals.branches"},"9":{"type":"action","id":"9","one":"7","text":"branchNode = getNode(visuals, branch)"},"7":{"type":"action","text":"crawlSubdiagram(visuals, branchNode.down)","one":"5","id":"7"}},"type":"drakon","keywords":{"scenario":false,"async":false,"export":false,"function":true,"algoprop":false},"updated_by":"stipan","language":"LANG_S42","name":"buildSubspaces","when_updated":1664181584.6209}