{"version":20180619,"tag":"528085548","params":"widget\nelement\nconfig","when_created":1671082623.8463,"parent_id":"c7c5feee","props":[],"created_by":"stipan","items":{"8":{"one":"1","id":"8","type":"action","two":"","text":"elementActions.calculateBox(\n    element,\n    config\n)"},"1":{"type":"end","id":"1"},"5":{"one":"6","id":"5","type":"action","text":"elementActions = widget.freeIcons[\n    element.type\n]","two":""},"2":{"type":"branch","branchId":0,"one":"5","id":"2"},"6":{"flag1":1,"id":"6","type":"question","text":"elementActions","one":"8","two":"7"},"7":{"one":"1","id":"7","type":"action","text":"console.error(\n    \"calculateFreeBox: callback not found for element of type: \"\n    + element.type\n)","two":""}},"keywords":{"scenario":false,"async":false,"export":false,"function":true,"algoprop":false},"updated_by":"stipan","type":"drakon","language":"LANG_S42","name":"calculateFreeBox","when_updated":1671083631.577}