{"version":20180619,"tag":"263779410","params":"node","when_created":1657701462.6681,"parent_id":"794efc2c","props":[],"language":"LANG_S42","items":{"4":{"flag1":1,"id":"4","type":"question","text":"node.down","one":"6","two":"5"},"1":{"type":"end","id":"1"},"5":{"type":"arrow-loop","one":"3","id":"5"},"2":{"type":"branch","branchId":0,"one":"5","id":"2"},"6":{"type":"action","id":"6","one":"1","text":"return node"},"3":{"type":"action","text":"node = getLeft(node)","one":"4","id":"3"}},"updated_by":"stipan","keywords":{"scenario":false,"async":false,"export":false,"function":true,"algoprop":false},"type":"drakon","when_updated":1657701499.0585,"name":"getNextDown","created_by":"stipan"}