{"version":20180619,"tag":"652150699","params":"text","when_created":1675757531.9715,"parent_id":"99e62b4e","props":[],"language":"LANG_S42","items":{"4":{"type":"action","id":"4","one":"1","text":"return undefined"},"1":{"type":"end","id":"1"},"5":{"type":"action","text":"link = document.createElement(\"a\")","one":"6","id":"5"},"2":{"type":"branch","branchId":0,"one":"3","id":"2"},"6":{"type":"action","id":"6","one":"7","text":"link.href = text\nappendTextNode(link, text)"},"7":{"type":"action","id":"7","one":"1","text":"return link"},"3":{"flag1":1,"id":"3","type":"question","text":"isUrl(text)","one":"5","two":"4"}},"keywords":{"scenario":false,"async":false,"export":false,"function":true,"algoprop":false},"type":"drakon","updated_by":"stipan","created_by":"stipan","name":"tryCreateLink","when_updated":1675759317.3821}