{"version":20180619,"tag":"212718348","params":"widget\nsocket\nparent\npayload\nedits","when_created":1673677027.1095,"parent_id":"b3d6c272","props":[],"language":"LANG_S42","items":{"4":{"one":"3","id":"4","type":"action","two":"","text":"newItem = {\n    type: socket.iconType,\n    content: \"\",\n    parent: parent.id,\n    treeType: getTTypeForChildren(parent)\n}"},"31":{"one":"32","id":"31","type":"action","two":"","text":"edit = createInsert(citem)"},"5":{"flag1":0,"id":"5","type":"question","two":"9","one":"4","text":"payload"},"32":{"one":"28","id":"32","type":"action","two":"","text":"edits.push(edit)"},"28":{"one":"8","id":"28","type":"loopend","text":"","two":""},"33":{"one":"36","id":"33","type":"action","text":"roots.push(citem.id)","two":""},"29":{"one":"30","id":"29","type":"loopbegin","text":"citem; payload.items","two":""},"13":{"type":"action","id":"13","one":"5","text":"roots = []"},"34":{"one":"35","id":"34","type":"action","text":"oldToNew = generateNewIds(\n    widget,\n    payload.items\n)","two":""},"1":{"type":"end","id":"1"},"9":{"branchId":2,"one":"34","id":"9","type":"branch","text":"Insert from clipboard"},"35":{"one":"29","id":"35","type":"action","text":"oldToNew[\"target\"] = parent.id","two":""},"8":{"branchId":3,"one":"18","id":"8","type":"branch","text":"Exit"},"3":{"type":"action","text":"id = createItem(\n    widget.model,\n    edits,\n    newItem\n)","one":"17","id":"3"},"17":{"type":"action","text":"roots.push(id)","one":"8","id":"17"},"36":{"one":"31","id":"36","type":"action","text":"citem.parent = oldToNew[citem.parent]","two":""},"2":{"branchId":1,"one":"13","id":"2","type":"branch","text":"Insert new"},"18":{"type":"action","id":"18","one":"1","text":"return roots"},"30":{"flag1":0,"id":"30","type":"question","text":"citem.parent === \"target\"","one":"36","two":"33"}},"keywords":{"scenario":false,"async":false,"export":false,"function":true,"algoprop":false},"type":"drakon","updated_by":"stipan","when_updated":1673682971.6427,"name":"createMindIconOrPaste","created_by":"stipan"}