{"version":20180619,"tag":"704823147","params":"source\nindex","when_created":1663612132.1291,"parent_id":"befd80d4","props":[],"language":"LANG_S42","items":{"2":{"type":"branch","branchId":0,"one":"3","id":"2"},"1":{"type":"end","id":"1"},"3":{"type":"action","text":"return {\n    source: source,\n    index: index\n}","one":"1","id":"3"}},"updated_by":"stipan","keywords":{"scenario":false,"async":false,"export":false,"function":true,"algoprop":false},"type":"drakon","when_updated":1663612358.3258,"name":"createLink","created_by":"stipan"}