{"version":20180619,"tag":"986513582","params":"node","when_created":1666933153.6821,"parent_id":"befd80d4","props":[],"language":"LANG_S42","items":{"4":{"flag1":1,"id":"4","type":"question","text":"margin","one":"3","two":"12"},"1":{"type":"end","id":"1"},"5":{"type":"action","id":"5","one":"4","text":"margin = node.margin"},"15":{"one":"1","id":"15","type":"action","text":"return 1","two":""},"12":{"flag1":1,"id":"12","type":"question","text":"margin === 0","one":"3","two":"14"},"3":{"type":"action","id":"3","one":"1","text":"return margin"},"2":{"type":"branch","branchId":0,"one":"5","id":"2"},"13":{"one":"1","id":"13","type":"action","text":"return 0","two":""},"14":{"flag1":1,"id":"14","type":"question","text":"node.branchId === 1","one":"13","two":"15"}},"updated_by":"stipan","keywords":{"scenario":false,"async":false,"export":false,"function":true,"algoprop":false},"type":"drakon","when_updated":1666934545.3767,"name":"getBranchMargin","created_by":"stipan"}