{"version":20180619,"tag":"581284233","params":"node","when_created":1657630723.6637,"parent_id":"84128d97","props":[],"language":"LANG_S42","items":{"4":{"flag1":0,"id":"4","type":"question","two":"5","one":"3","text":"node.down"},"1":{"type":"end","id":"1"},"5":{"type":"action","id":"5","one":"6","text":"node = getDown(node)"},"2":{"type":"branch","branchId":0,"one":"6","id":"2"},"6":{"type":"arrow-loop","one":"4","id":"6"},"3":{"type":"action","id":"3","one":"1","text":"return node"}},"updated_by":"stipan","keywords":{"scenario":false,"async":false,"export":false,"function":true,"algoprop":false},"type":"drakon","when_updated":1658091353.2953,"name":"goDown","created_by":"stipan"}