{"version":20180619,"tag":"630825760","params":"model\nitem","when_created":1657536978.9902,"parent_id":"befd80d4","props":[],"language":"LANG_S42","items":{"12":{"flag1":1,"id":"12","type":"question","two":"1","one":"10","text":"item.type === \"branch\""},"1":{"type":"end","id":"1"},"5":{"one":"12","id":"5","type":"action","text":"model.items[item.id] = item","two":""},"2":{"type":"branch","branchId":0,"one":"5","id":"2"},"10":{"one":"1","id":"10","type":"action","two":"","text":"model.branches.push(item.id)"}},"updated_by":"stipan","keywords":{"scenario":false,"async":false,"export":false,"function":true,"algoprop":false},"type":"drakon","when_updated":1657705929.6985,"name":"addItemToModel","created_by":"stipan"}