{"version":20180619,"tag":"770416873","params":"line\nlines","when_created":1667488641.011,"parent_id":"36bf5937","props":[],"when_updated":1668154233.8706,"items":{"4":{"flag1":0,"id":"4","type":"question","two":"6","one":"5","text":"line.length === 0"},"1":{"type":"end","id":"1"},"5":{"type":"action","text":"lines.push(line)","one":"6","id":"5"},"2":{"type":"branch","branchId":0,"one":"4","id":"2"},"6":{"type":"action","text":"return {\n    tokens: []\n}","one":"1","id":"6"}},"type":"drakon","keywords":{"scenario":false,"async":false,"export":false,"function":true,"algoprop":false},"updated_by":"stipan","language":"LANG_S42","name":"endLine","created_by":"stipan"}