{"keywords":{"scenario":false,"async":false,"export":true,"function":true,"algoprop":false},"tag":"370903784","params":"html\nparentElement\nfonts\nfont\nfindLinks","when_created":1667891749.3686,"parent_id":"99e62b4e","props":[],"when_updated":1697120955.4349,"items":{"4":{"branchId":5,"one":"1","id":"4","type":"branch","text":"Exit"},"10":{"flag1":1,"id":"10","type":"question","text":"body.childNodes.length === 1","one":"12","two":"16"},"51":{"type":"action","id":"51","one":"4","text":"fonts[font2] = true"},"53":{"flag1":1,"id":"53","type":"question","two":"4","one":"43","text":"fonts"},"7":{"one":"8","id":"7","type":"action","text":"doc = parser.parseFromString(\n    html,\n    \"text\/html\"\n)","two":""},"50":{"type":"action","id":"50","one":"52","text":"fontObj2.weight = \"bold\"\nfontObj2.style = \"italic\""},"32":{"branchId":4,"one":"53","id":"32","type":"branch","text":"Add to fonts"},"11":{"type":"action","id":"11","one":"13","text":"name = getNodeName(firstNode)"},"12":{"type":"action","text":"firstNode = body.childNodes[0]","one":"11","id":"12"},"6":{"one":"7","id":"6","type":"action","text":"parser = new DOMParser()","two":""},"48":{"type":"action","id":"48","one":"46","text":"addFontVariant(\n    fonts,\n    fontObj,\n    \"style\",\n    \"italic\"\n)"},"33":{"flag1":1,"id":"33","type":"question","two":"45","one":"47","text":"formats.bold"},"29":{"type":"action","text":"addNodeToDom(\n    node,\n    parentElement,\n    false,\n    false,\n    formats,\n    findLinks\n)","one":"17","id":"29"},"13":{"flag1":1,"id":"13","type":"question","text":"name === \"#text\"","one":"15","two":"16"},"43":{"one":"44","id":"43","type":"action","text":"cache = initFontCache()","two":""},"54":{"type":"action","id":"54","one":"3","text":"formats = {}"},"8":{"one":"9","id":"8","type":"action","two":"","text":"body = doc.documentElement.childNodes[1]"},"1":{"type":"end","id":"1"},"52":{"type":"action","id":"52","one":"51","text":"font2 = cssFontToString(fontObj2)"},"9":{"branchId":2,"one":"10","id":"9","type":"branch","text":"Plain text?"},"15":{"one":"32","id":"15","type":"action","text":"splitToParagraphs(\n    parentElement,\n    firstNode.nodeValue\n)","two":""},"16":{"branchId":3,"one":"18","id":"16","type":"branch","text":"Scan DOM nodes"},"49":{"type":"action","id":"49","one":"50","text":"fontObj2 = utils.clone(fontObj)"},"47":{"type":"action","id":"47","one":"45","text":"addFontVariant(\n    fonts,\n    fontObj,\n    \"weight\",\n    \"bold\"\n)"},"46":{"flag1":1,"id":"46","type":"question","two":"4","one":"49","text":"formats.both"},"3":{"type":"action","id":"3","one":"6","text":"html = html || \"\""},"17":{"type":"loopend","id":"17","one":"32","text":""},"2":{"branchId":1,"one":"54","id":"2","type":"branch","text":"Parse HTML"},"45":{"flag1":1,"id":"45","type":"question","two":"46","one":"48","text":"formats.italic"},"44":{"one":"33","id":"44","type":"action","two":"","text":"fontObj = parseCssFont(font, cache, true)"},"18":{"type":"loopbegin","id":"18","one":"29","text":"node; body.childNodes"}},"type":"drakon","version":20180619,"updated_by":"stipan","created_by":"stipan","name":"addHtmltoDom","language":"LANG_S42"}