{"version":20180619,"tag":"902855987","params":"visuals\nelement\nctx","when_created":1672908274.6449,"parent_id":"1a7fbd25","props":[],"when_updated":1673076294.2072,"items":{"21":{"type":"action","id":"21","one":"20","text":"ctx.lineWidth = line\nctx.strokeStyle = color"},"23":{"one":"21","id":"23","type":"action","text":"color = getLineColor(visuals, element)","two":""},"1":{"type":"end","id":"1"},"17":{"one":"22","id":"17","type":"action","two":"","text":"config = visuals.config"},"2":{"branchId":0,"one":"17","id":"2","type":"branch","text":""},"15":{"type":"action","id":"15","one":"1","text":"renderIconShapeBorder(\n    ctx,\n    visuals,\n    buildRectCoords,\n    line,\n    element.left,\n    element.top,\n    element.width,\n    element.height,\n    undefined\n)"},"22":{"one":"23","id":"22","type":"action","text":"line = getLineWidth(visuals, element)","two":""},"20":{"one":"15","id":"20","type":"action","two":"","text":"setLineDashFromStyle(\n    config,\n    element,\n    line,\n    \"lineStyle\",\n    ctx\n)"}},"updated_by":"stipan","keywords":{"scenario":false,"async":false,"export":false,"function":true,"algoprop":false},"type":"drakon","created_by":"stipan","name":"render","language":"LANG_S42"}