{"version":20180619,"tag":"26291564","params":"widget\nevt","when_created":1671103294.02,"parent_id":"befd80d4","props":[],"items":{"9":{"type":"action","text":"y = snapUp(config, mousePos.y)","one":"6","id":"9"},"8":{"type":"action","text":"x = snapUp(config, leftPos.x)","one":"9","id":"8"},"3":{"type":"action","id":"3","one":"5","text":"mousePos = toDiagram(widget, evt)"},"5":{"type":"action","id":"5","one":"8","text":"leftPos = widgetToDiagram(\n    widget,\n    config.metre,\n    0\n)"},"2":{"type":"branch","branchId":0,"one":"7","id":"2"},"6":{"type":"action","id":"6","one":"1","text":"return {\n    x: x,\n    y: y\n}"},"7":{"type":"action","text":"visuals = widget.visuals\nconfig = visuals.config","one":"3","id":"7"},"1":{"type":"end","id":"1"}},"when_updated":1671264806.6929,"keywords":{"scenario":false,"async":false,"export":false,"function":true,"algoprop":false},"updated_by":"stipan","type":"drakon","name":"findFreePos","created_by":"stipan"}