{"version":20180619,"tag":"904634953","params":"visuals\nnode\nctx","when_created":1658090942.0066,"parent_id":"4ee6bb37","props":[],"when_updated":1672561356.9492,"items":{"22":{"one":"12","id":"22","type":"action","text":"centerContentBottom(visuals, node, ctx)","two":""},"28":{"flag1":0,"id":"28","type":"question","two":"29","one":"25","text":"radius"},"1":{"type":"end","id":"1"},"27":{"one":"28","id":"27","type":"action","text":"radius = visuals.config.iconRadius || 0","two":""},"24":{"one":"27","id":"24","type":"action","text":"tri = visuals.config.triangleHeight","two":""},"15":{"one":"17","id":"15","type":"action","text":"ctx.fillStyle = visuals.config.theme.internalLine","two":""},"16":{"one":"11","id":"16","type":"action","text":"ctx.fill()","two":""},"26":{"one":"22","id":"26","type":"action","two":"","text":"renderDrakonIconShape(\n    ctx,\n    visuals,\n    node,\n    buildAddressCoords,\n    tri\n)"},"11":{"branchId":3,"one":"1","id":"11","type":"branch","text":"Exit"},"12":{"branchId":2,"one":"13","id":"12","type":"branch","text":"Mark"},"25":{"one":"26","id":"25","type":"action","text":"middle = node.y - node.h + tri","two":""},"17":{"one":"16","id":"17","type":"action","text":"ctx.beginPath()\nctx.moveTo(tx0, ty)\nctx.lineTo(x, top)\nctx.lineTo(tx1, ty)\nctx.closePath()","two":""},"2":{"branchId":1,"one":"24","id":"2","type":"branch","text":"The icon"},"29":{"one":"25","id":"29","type":"action","text":"tri -= radius","two":""},"13":{"flag1":0,"id":"13","type":"question","two":"14","one":"11","text":"node.mark"},"14":{"one":"15","id":"14","type":"action","two":"","text":"x = node.x\ny = node.y\nw = node.w\nh = node.h\ntop = y - h\ntx0 = x - w \/ 2;\ntx1 = x + w \/ 2;\nty = (top + middle) \/ 2;"}},"type":"drakon","keywords":{"scenario":false,"async":false,"export":false,"function":true,"algoprop":false},"updated_by":"stipan","language":"LANG_S42","name":"renderAddress","created_by":"stipan"}