{"version":20180619,"tag":"67341703","params":"widget\nnode","when_created":1665133583.1634,"parent_id":"e674bf58","props":[],"created_by":"stipan","items":{"2":{"type":"branch","branchId":0,"one":"3","id":"2"},"1":{"type":"end","id":"1"},"3":{"type":"action","id":"3","one":"1","text":"return copyLoop(widget, node.loopStart)"}},"type":"drakon","keywords":{"scenario":false,"async":false,"export":false,"function":true,"algoprop":false},"updated_by":"stipan","when_updated":1665150236.8162,"name":"copyLoopEnd","language":"LANG_S42"}