{"version":20180619,"tag":"617802275","params":"left\ntop\nwidth\nheight\nmargin","when_created":1671083434.8306,"parent_id":"34e4d875","props":[],"created_by":"stipan","items":{"2":{"type":"branch","branchId":0,"one":"6","id":"2"},"6":{"type":"action","id":"6","one":"5","text":"margin2 = margin * 2"},"1":{"type":"end","id":"1"},"5":{"type":"action","text":"return createBox(\n    left - margin,\n    top - margin,\n    width + margin2,\n    height + margin2\n)","one":"1","id":"5"}},"keywords":{"scenario":false,"async":false,"export":false,"function":true,"algoprop":false},"updated_by":"stipan","type":"drakon","language":"LANG_S42","name":"createBoxWithMargin","when_updated":1671365804.3312}