{"version":20180619,"tag":"911858595","params":"widget","when_created":1667723919.9962,"parent_id":"b01ba575","props":[],"when_updated":1669040190.5519,"items":{"4":{"type":"action","text":"return style","one":"1","id":"4"},"1":{"type":"end","id":"1"},"9":{"type":"action","id":"9","one":"17","text":"style = {}"},"15":{"type":"action","text":"oldStyle = widget.model.doc.style","one":"12","id":"15"},"16":{"type":"action","id":"16","one":"14","text":"copyFieldsOrDefault(\n    style,\n    widget.visuals.config,\n    configToStyleFields(),\n    \"\"\n)"},"12":{"type":"action","text":"oldStyle = oldStyle || {}","one":"9","id":"12"},"17":{"type":"action","id":"17","one":"16","text":"copyFieldsOrDefault(\n    style,\n    oldStyle,\n    configToStyleFields(),\n    \"\"\n)"},"2":{"type":"branch","branchId":0,"one":"15","id":"2"},"14":{"type":"action","id":"14","one":"4","text":"copyFieldsOrDefault(\n    style,\n    oldStyle,\n    themeToStyleFields(),\n    \"\"\n)"}},"type":"drakon","keywords":{"scenario":false,"async":false,"export":false,"function":true,"algoprop":false},"updated_by":"stipan","language":"LANG_S42","name":"buildStyleFromDiagram","created_by":"stipan"}