{"keywords":{"scenario":false,"async":false,"export":false,"function":true,"algoprop":false},"tag":"748305722","params":"widget","when_created":1677498816.0907,"parent_id":"befd80d4","props":[],"language":"LANG_S42","items":{"4":{"flag1":0,"id":"4","type":"question","two":"5","one":"10","text":"widget.model.type === \"free\""},"8":{"one":"3","id":"8","type":"action","text":"left = box.left - Math.floor(\n    (wwidth - box.width) \/ 2\n)","two":""},"1":{"type":"end","id":"1"},"5":{"one":"6","id":"5","type":"action","two":"","text":"wwidth = widget.width \/ zoom"},"6":{"flag1":0,"id":"6","type":"question","text":"wwidth > box.width","one":"7","two":"8"},"11":{"flag1":0,"id":"11","type":"question","text":"widget.model.type === \"graf\"","one":"4","two":"5"},"12":{"one":"14","id":"12","type":"action","two":"","text":"visuals = widget.visuals"},"3":{"type":"action","id":"3","one":"1","text":"return left"},"7":{"one":"3","id":"7","type":"action","two":"","text":"left = box.left"},"2":{"type":"branch","branchId":0,"one":"12","id":"2"},"10":{"one":"3","id":"10","type":"action","text":"left = box.left","two":""},"13":{"one":"11","id":"13","type":"action","text":"zoom = widget.zoomFactor","two":""},"14":{"type":"action","id":"14","one":"13","text":"box = visuals.smallBox"}},"version":20180619,"type":"drakon","updated_by":"admin","created_by":"stipan","name":"getDefaultScrollLeft","when_updated":1751103486.4426}