{"version":20180619,"tag":"353756432","params":"skewer","when_created":1657701376.5773,"parent_id":"794efc2c","props":[],"created_by":"stipan","items":{"2":{"type":"branch","branchId":0,"one":"3","id":"2"},"1":{"type":"end","id":"1"},"3":{"type":"action","id":"3","one":"1","text":"return skewer.nodes[0]"}},"type":"drakon","keywords":{"scenario":false,"async":false,"export":false,"function":true,"algoprop":false},"updated_by":"stipan","language":"LANG_S42","name":"skewerHead","when_updated":1657701393.4029}