{"version":20180619,"tag":"17709792","params":"context","when_created":1666159318.8137,"parent_id":"2de72742","props":[],"when_updated":1667330580.8715,"items":{"1":{"type":"end","id":"1"},"5":{"type":"action","text":"self = DefaultIconCore()","one":"6","id":"5"},"2":{"type":"branch","branchId":0,"one":"5","id":"2"},"6":{"type":"action","text":"Object.assign(self, context)","one":"7","id":"6"},"7":{"type":"action","id":"7","one":"1","text":"return self"}},"type":"drakon","keywords":{"scenario":false,"async":false,"export":false,"function":true,"algoprop":false},"updated_by":"stipan","language":"LANG_S42","name":"buildIconCore","created_by":"stipan"}