{"version":20180619,"tag":"16751468204261","params":"array\nitem","when_created":1657630020.9953,"parent_id":"73128943","props":[],"created_by":"stipan","items":{"4":{"type":"action","id":"4","one":"1","text":"array.splice(index, 1)"},"1":{"type":"end","id":"1"},"5":{"flag1":0,"id":"5","type":"question","text":"index === -1","one":"4","two":"1"},"2":{"type":"branch","branchId":0,"one":"3","id":"2"},"3":{"type":"action","id":"3","one":"5","text":"index = array.indexOf(item)"}},"type":"drakon","keywords":{"scenario":false,"async":false,"export":true,"function":true,"algoprop":false},"updated_by":"stipan","language":"LANG_S42","name":"remove","when_updated":1675146820.4261}