{"version":20180619,"tag":"297297628","params":"visuals\nselect","when_created":1664280439.6177,"parent_id":"befd80d4","props":[],"when_updated":1664280527.7974,"items":{"4":{"type":"loopend","id":"4","one":"1","text":""},"1":{"type":"end","id":"1"},"5":{"type":"loopbegin","text":"caseIcon; select.cases","one":"6","id":"5"},"2":{"type":"branch","branchId":0,"one":"5","id":"2"},"6":{"type":"action","text":"Object.assign(\n    caseIcon.loops,\n    select.loops\n)","one":"4","id":"6"}},"type":"drakon","keywords":{"scenario":false,"async":false,"export":false,"function":true,"algoprop":false},"updated_by":"stipan","language":"LANG_S42","name":"putLoopsOnCases","created_by":"stipan"}