{"version":20180619,"tag":"838050000","params":"config\nnode","when_created":1673338244.0154,"parent_id":"befd80d4","props":[],"language":"LANG_S42","items":{"10":{"branchId":3,"one":"31","id":"10","type":"branch","text":"Arrange myself and children"},"32":{"flag1":0,"id":"32","type":"question","text":"node.children.length === 0","one":"11","two":"33"},"11":{"branchId":2,"one":"13","id":"11","type":"branch","text":"Create childrens boxes"},"28":{"one":"9","id":"28","type":"action","two":"","text":"calculateVerticalSubtree(config, node)"},"33":{"type":"action","id":"33","one":"9","text":"node.x = node.w\nnode.y = node.h"},"29":{"one":"9","id":"29","type":"action","two":"","text":"calculateHorizontalSubtree(config, node)"},"13":{"type":"loopbegin","text":"child; node.children","one":"19","id":"13"},"1":{"type":"end","id":"1"},"24":{"one":"30","id":"24","type":"case","text":"\"treeview\"","two":""},"9":{"branchId":4,"one":"1","id":"9","type":"branch","text":"Exit"},"31":{"one":"27","id":"31","type":"action","two":"","text":"ttype = getTType(node)"},"19":{"type":"action","text":"calculateSubtreeBox(config, child)","one":"12","id":"19"},"25":{"one":"29","id":"25","type":"case","two":"24","text":"\"horizontal\""},"2":{"branchId":1,"one":"3","id":"2","type":"branch","text":"Create my own box"},"3":{"type":"action","id":"3","one":"20","text":"subtreeBox = createBox(\n    0,\n    0,\n    node.w * 2,\n    node.h * 2\n)"},"26":{"one":"28","id":"26","type":"case","two":"25","text":"\"vertical\""},"30":{"one":"9","id":"30","type":"action","two":"","text":"calculateTvSubtree(config, node)"},"12":{"type":"loopend","text":"","one":"10","id":"12"},"27":{"one":"26","id":"27","type":"select","text":"ttype","two":""},"20":{"type":"action","text":"node.subtreeBox = subtreeBox","one":"32","id":"20"}},"keywords":{"scenario":false,"async":false,"export":false,"function":true,"algoprop":false},"type":"drakon","updated_by":"stipan","created_by":"stipan","name":"calculateSubtreeBox","when_updated":1673609437.0647}