{"version":20180619,"tag":"632602807","params":"visuals\nhead\ntail\nvertical\ntarget","when_created":1673689107.3059,"parent_id":"b3d6c272","props":[],"language":"LANG_S42","items":{"4":{"one":"5","id":"4","type":"action","text":"ed = createEdge(\n    visuals,\n    head,\n    tail,\n    vertical\n)","two":""},"1":{"type":"end","id":"1"},"5":{"one":"3","id":"5","type":"action","two":"","text":"ed.role = \"mind-child\"\ned.target = target"},"2":{"type":"branch","branchId":0,"one":"4","id":"2"},"3":{"type":"action","id":"3","one":"1","text":"return ed"}},"keywords":{"scenario":false,"async":false,"export":false,"function":true,"algoprop":false},"type":"drakon","updated_by":"stipan","when_updated":1673689198.2717,"name":"createMindEdge","created_by":"stipan"}