{"version":20180619,"tag":"654530137","params":"widget\ntype\nrender\nwidth\nheight","when_created":1673076768.739,"parent_id":"c7c5feee","props":[],"when_updated":1673077317.0018,"items":{"4":{"type":"action","text":"obj.type = type\nobj.width = width\nobj.height = height\nobj.render = render","one":"5","id":"4"},"1":{"type":"end","id":"1"},"5":{"type":"action","text":"widget.freeIcons[type] = obj","one":"1","id":"5"},"2":{"type":"branch","branchId":0,"one":"3","id":"2"},"3":{"type":"action","text":"obj = SimpleFree()","one":"4","id":"3"}},"keywords":{"scenario":false,"async":false,"export":false,"function":true,"algoprop":false},"updated_by":"stipan","type":"drakon","created_by":"stipan","name":"createSimpleFree","language":"LANG_S42"}