{"version":20180619,"tag":"780647266","params":"edits\nnode\ntargetId","when_created":1667123816.1641,"parent_id":"f7515898","props":[],"when_updated":1667125904.1313,"items":{"4":{"branchId":3,"one":"1","id":"4","type":"branch","text":"Exit"},"8":{"flag1":1,"id":"8","type":"question","two":"6","one":"9","text":"edit.op === \"delete\""},"1":{"type":"end","id":"1"},"5":{"branchId":2,"one":"11","id":"5","type":"branch","text":"Redirect"},"9":{"type":"action","text":"visited[edit.id] = true","one":"6","id":"9"},"6":{"type":"loopend","text":"","one":"5","id":"6"},"11":{"type":"loopbegin","text":"prev; node.prev","one":"12","id":"11"},"12":{"flag1":0,"id":"12","type":"question","text":"prev.id in visited","one":"14","two":"10"},"3":{"type":"action","id":"3","one":"7","text":"visited = {}"},"7":{"type":"loopbegin","text":"edit; edits","one":"8","id":"7"},"2":{"branchId":1,"one":"3","id":"2","type":"branch","text":"Build the list of deleted nodes"},"10":{"type":"loopend","text":"","one":"4","id":"10"},"13":{"type":"action","id":"13","one":"10","text":"replaceInUpdate(\n    edits,\n    node.id,\n    prev,\n    targetId\n)"},"14":{"type":"action","id":"14","one":"13","text":"visited[prev.id] = true"}},"type":"drakon","keywords":{"scenario":false,"async":false,"export":false,"function":true,"algoprop":false},"updated_by":"stipan","language":"LANG_S42","name":"redirectPrevItems","created_by":"stipan"}