{"version":20180619,"tag":"18744479","params":"itemId\nsecondary","when_created":1666857688.5654,"parent_id":"e0f4b57d","props":[],"when_updated":1751102085.1451,"items":{"40":{"type":"action","text":"return updateAndKeepSelection(\n    self,\n    [change]\n)","one":"1","id":"40"},"1":{"type":"end","id":"1"},"2":{"type":"branch","branchId":0,"one":"42","id":"2"},"42":{"type":"action","text":"tracing.trace(\n    \"DrakonCanvas.setSecondary\",\n    [itemId, secondary]\n);","one":"20","id":"42"},"20":{"type":"action","text":"checkNotReadonly(self)","one":"35","id":"20"},"35":{"one":"40","id":"35","type":"action","two":"","text":"change = {\n    id: itemId,\n    fields: {secondary: secondary},\n    op: \"update\"\n}"}},"type":"drakon","keywords":{"scenario":false,"async":false,"export":false,"function":true,"algoprop":false},"updated_by":"admin","language":"LANG_S42","name":"setSecondary","created_by":"stipan"}