{"keywords":{"scenario":false,"async":false,"export":false,"function":true,"algoprop":false},"tag":"517862884","params":"widget","when_created":1665150502.668,"parent_id":"f474e5bd","props":[],"created_by":"stipan","items":{"8":{"one":"11","id":"8","type":"action","two":"","text":"nodes = getNodesFromSelection(widget)"},"1":{"type":"end","id":"1"},"9":{"one":"1","id":"9","type":"action","text":"deleteSelectionCore(widget, nodes)","two":""},"6":{"flag1":0,"id":"6","type":"question","two":"8","one":"7","text":"elements.length === 0"},"11":{"flag1":0,"id":"11","type":"question","text":"nodes.length === 0","one":"9","two":"13"},"12":{"type":"action","text":"deleteConnection(widget, connection.id)","one":"1","id":"12"},"7":{"type":"action","id":"7","one":"1","text":"deleteFree(widget, elements)"},"2":{"type":"branch","branchId":0,"one":"10","id":"2"},"10":{"type":"action","id":"10","one":"6","text":"elements = getSelectedFree(widget)"},"13":{"one":"14","id":"13","type":"action","text":"connection = getSelectedConnection(\n    widget\n)","two":""},"14":{"flag1":1,"id":"14","type":"question","two":"1","one":"12","text":"connection"}},"updated_by":"stipan","version":20180619,"type":"drakon","when_updated":1672741692.5557,"name":"deleteSelection","language":"LANG_S42"}