{"version":20180619,"tag":"986271491","params":"widget","when_created":1672819779.2192,"parent_id":"2ffccec2","props":[],"language":"LANG_S42","items":{"8":{"flag1":1,"id":"8","type":"question","text":"canConnect(widget, element)","one":"3","two":"15"},"1":{"type":"end","id":"1"},"5":{"flag1":1,"id":"5","type":"question","two":"15","one":"7","text":"elements.length === 1"},"9":{"type":"action","id":"9","one":"1","text":"visuals.ears = ears"},"15":{"type":"action","text":"visuals.ears = undefined","one":"1","id":"15"},"11":{"type":"action","id":"11","one":"5","text":"elements = getSelectedFree(widget)"},"3":{"type":"action","id":"3","one":"9","text":"ears = Ears_create(widget, element)\nears.run()"},"7":{"type":"action","text":"element = elements[0]","one":"8","id":"7"},"2":{"type":"branch","branchId":0,"one":"14","id":"2"},"14":{"type":"action","id":"14","one":"11","text":"visuals = widget.visuals"}},"keywords":{"scenario":false,"async":false,"export":false,"function":true,"algoprop":false},"type":"drakon","updated_by":"stipan","created_by":"stipan","name":"createResetEars","when_updated":1672824691.4654}