{"version":20180619,"tag":"790616956","params":"visuals\nelement\nctx","when_created":1673091978.8197,"parent_id":"f298c153","props":[],"when_updated":1673092537.3662,"items":{"4":{"one":"3","id":"4","type":"action","text":"w = element.width \/ 2\nh = element.height \/ 2\nx = element.left + w\ny = element.top + h","two":""},"8":{"flag1":0,"id":"8","type":"question","two":"9","one":"6","text":"visuals.highlight === element.id"},"1":{"type":"end","id":"1"},"5":{"type":"action","text":"roundedRect(\n    ctx,\n    element.left,\n    element.top,\n    element.width,\n    element.height,\n    r\n)","one":"10","id":"5"},"9":{"one":"5","id":"9","type":"action","text":"ctx.fillStyle = config.theme.highlight","two":""},"15":{"type":"action","id":"15","one":"1","text":"ctx.fill()"},"16":{"type":"action","id":"16","one":"4","text":"config = visuals.config"},"6":{"one":"5","id":"6","type":"action","text":"ctx.fillStyle = getThemeValue(\n    config,\n    element,\n    \"iconBorder\"\n)","two":""},"11":{"one":"12","id":"11","type":"action","two":"","text":"clearShadow(ctx)"},"12":{"type":"action","text":"ctx.fillStyle = getThemeValue(\n    config,\n    element,\n    \"iconBack\"\n)","one":"13","id":"12"},"3":{"type":"action","text":"r = w \/ 5\nborder = h \/ 4","one":"7","id":"3"},"7":{"one":"8","id":"7","type":"action","two":"","text":"setFillStroke(visuals, element, ctx)"},"2":{"type":"branch","branchId":0,"one":"16","id":"2"},"10":{"type":"action","text":"ctx.fill()","one":"11","id":"10"},"13":{"type":"action","text":"ctx.fillRect(\n    x - w + ctx.lineWidth,\n    y - h + border,\n    w * 2 - ctx.lineWidth * 2,\n    h * 2 - border * 2\n)","one":"14","id":"13"},"14":{"type":"action","text":"circlePath(\n    ctx,\n    x,\n    y - h + border \/ 2,\n    border \/ 4\n)","one":"15","id":"14"}},"keywords":{"scenario":false,"async":false,"export":false,"function":true,"algoprop":false},"updated_by":"stipan","type":"drakon","created_by":"stipan","name":"renderPhone","language":"LANG_S42"}