{"version":20180619,"tag":"593376329","params":"widget\nnode","when_created":1665133533.5059,"parent_id":"e674bf58","props":[],"created_by":"stipan","items":{"4":{"one":"5","id":"4","type":"action","two":"","text":"copy = copyItem(\n    widget,\n    node.itemId,\n    images\n)"},"1":{"type":"end","id":"1"},"5":{"one":"6","id":"5","type":"action","two":"","text":"copy.one = \"finish\"\ncopy.two = \"finish\""},"2":{"type":"branch","branchId":0,"one":"7","id":"2"},"6":{"one":"1","id":"6","type":"action","text":"return copyBlock(\n    widget,\n    node.itemId,\n    [copy],\n    images\n)","two":""},"7":{"type":"action","id":"7","one":"4","text":"images = {}"}},"type":"drakon","keywords":{"scenario":false,"async":false,"export":false,"function":true,"algoprop":false},"updated_by":"stipan","language":"LANG_S42","name":"copyQuestion","when_updated":1676012386.0731}