{"version":20180619,"tag":"573649159","params":"widget\nelement\npos","when_created":1671084935.0542,"parent_id":"c7c5feee","props":[],"language":"LANG_S42","items":{"4":{"flag1":1,"id":"4","type":"question","two":"6","one":"7","text":"hitBox(element.box, pos.x, pos.y)"},"1":{"type":"end","id":"1"},"5":{"type":"action","text":"return elementActions.hit(element, pos)","one":"1","id":"5"},"2":{"type":"branch","branchId":0,"one":"4","id":"2"},"6":{"type":"action","text":"return false","one":"1","id":"6"},"7":{"one":"5","id":"7","type":"action","text":"elementActions = widget.freeIcons[\n    element.type\n]","two":""}},"keywords":{"scenario":false,"async":false,"export":false,"function":true,"algoprop":false},"type":"drakon","updated_by":"stipan","created_by":"stipan","name":"hitFreeElement","when_updated":1671085194.427}