{"keywords":{"scenario":false,"async":false,"export":false,"function":true,"algoprop":false},"tag":"49260707","params":"widget\nprim\nnode","when_created":1663766244.7299,"parent_id":"befd80d4","props":[],"language":"LANG_S42","items":{"70":{"type":"action","text":"pushMenuItem(\n    \"insert_branch_right\",\n    menu,\n    tr(\n        widget,\n        \"Insert Branch to the right\"\n    ),\n    widget.visuals.config.imagePath + \"branch.png\",\n    function () {\n        insertBranch(widget, node, false)\n    }\n)","one":"16","id":"70"},"40":{"flag1":1,"id":"40","type":"question","two":"71","one":"36","text":"isLastBranch(widget, node)"},"10":{"type":"case","one":"16","id":"10"},"21":{"type":"action","text":"pushMenuItem(\n    \"rename\",\n    menu,\n    tr(widget, \"Rename\"),\n    undefined,\n    function () {\n        startEditContent(widget, prim)\n    }\n)","one":"23","id":"21"},"41":{"one":"50","id":"41","type":"case","two":"35","text":"\"address\""},"22":{"type":"action","id":"22","one":"45","text":"pushMenuItem(\n    \"add_params\",\n    menu,\n    tr(widget, \"Add parameters\"),\n    undefined,\n    function () {\n        addParameters(widget, prim)\n    }\n)"},"32":{"type":"action","text":"pushMenuItem(\n    \"copy_one\",\n    menu,\n    tr(widget, \"Copy\"),\n    undefined,\n    function () {\n        copy(widget)\n    }\n)","one":"43","id":"32"},"23":{"flag1":0,"id":"23","type":"question","two":"45","one":"44","text":"widget.visuals.params"},"62":{"one":"61","id":"62","type":"action","text":"menu.push({type: \"separator\"})","two":""},"72":{"one":"73","id":"72","type":"case","two":"10","text":"\"case\""},"42":{"type":"action","id":"42","one":"16","text":"addressDestinations(widget, node, menu)"},"63":{"flag1":0,"id":"63","type":"question","two":"8","one":"62","text":"isReadonly(widget)"},"44":{"flag1":0,"id":"44","type":"question","two":"45","one":"22","text":"isReadonly(widget)"},"43":{"flag1":0,"id":"43","type":"question","text":"isReadonly(widget)","one":"33","two":"31"},"64":{"one":"63","id":"64","type":"action","two":"","text":"pushMenuItem(\n    \"edit_content\",\n    menu,\n    tr(widget, \"Edit content\"),\n    undefined,\n    function () {\n        startEditContent(widget, prim)\n    }\n)"},"34":{"type":"action","text":"pushMenuItem(\n    \"cut_one\",\n    menu,\n    tr(widget, \"Cut\"),\n    undefined,\n    function () {\n        cut(widget)\n    }\n)","one":"31","id":"34"},"45":{"flag1":0,"id":"45","type":"question","two":"8","one":"9","text":"isReadonly(widget)"},"75":{"flag1":1,"id":"75","type":"question","text":"prim.type === \"drakon-image\"","one":"76","two":"49"},"24":{"flag1":1,"id":"24","type":"question","text":"canEditNodeText(widget, prim)","one":"46","two":"45"},"15":{"type":"action","text":"return menu","one":"1","id":"15"},"16":{"branchId":5,"one":"17","id":"16","type":"branch","text":"Delete"},"35":{"one":"53","id":"35","type":"case","text":"\"branch\"","two":"72"},"76":{"flag1":0,"id":"76","type":"question","text":"isReadonly(widget)","one":"78","two":"49"},"46":{"flag1":1,"id":"46","type":"question","two":"77","one":"47","text":"canEditSecondary(prim)"},"67":{"type":"action","text":"pushMenuItem(\n    \"insert_branch_left\",\n    menu,\n    tr(\n        widget,\n        \"Insert Branch to the left\"\n    ),\n    widget.visuals.config.imagePath + \"branch.png\",\n    function () {\n        insertBranch(widget, node, true)\n    }\n)","one":"37","id":"67"},"17":{"flag1":1,"id":"17","type":"question","text":"canDelete(widget.visuals, node)","one":"19","two":"56"},"36":{"type":"action","text":"pushMenuItem(\n    \"insert_end_branch\",\n    menu,\n    tr(widget, \"Insert Branch with End\"),\n    widget.visuals.config.imagePath + \"end.png\",\n    function () {\n        branchInsertEnd(widget)\n    }\n)","one":"71","id":"36"},"77":{"one":"75","id":"77","type":"action","two":"","text":"pushMenuItem(\n    \"edit_content\",\n    menu,\n    tr(widget, \"Edit content\"),\n    undefined,\n    function () {\n        startEditContent(widget, prim)\n    }\n)"},"27":{"branchId":1,"one":"28","id":"27","type":"branch","text":"Copy\/Cut"},"58":{"one":"8","id":"58","type":"action","text":"pushMenuItem(\n    \"format\",\n    menu,\n    tr(widget, \"Format\"),\n    undefined,\n    function () {\n        startEditStyle(widget)\n    }\n)","two":""},"37":{"flag1":0,"id":"37","type":"question","two":"69","one":"40","text":"widget.visuals.end"},"56":{"flag1":1,"id":"56","type":"question","two":"8","one":"57","text":"canEditStyle(node)"},"59":{"flag1":0,"id":"59","type":"question","text":"prim.type === \"params\"","one":"29","two":"60"},"57":{"one":"58","id":"57","type":"action","two":"","text":"menu.push({type: \"separator\"})"},"28":{"type":"action","id":"28","one":"59","text":"menu = []"},"78":{"one":"49","id":"78","type":"action","two":"","text":"pushMenuItem(\n    \"change_image\",\n    menu,\n    tr(widget, \"Change image\"),\n    undefined,\n    function () {\n        startChangeImage(widget, prim)\n    }\n)"},"48":{"one":"45","id":"48","type":"action","text":"pushMenuItem(\n    \"edit_link\",\n    menu,\n    tr(widget, \"Edit link\"),\n    undefined,\n    function () {\n        startEditLink(widget, prim)\n    }\n)","two":""},"18":{"type":"action","id":"18","one":"56","text":"pushMenuItem(\n    \"delete_one\",\n    menu,\n    tr(widget, \"Delete\"),\n    widget.visuals.config.imagePath + \"delete.png\",\n    function () {\n        deleteOne(widget, node)\n    }\n)"},"29":{"type":"action","text":"func = getCopyFunction(node)","one":"30","id":"29"},"49":{"one":"48","id":"49","type":"action","text":"menu.push({type: \"separator\"})","two":""},"69":{"flag1":1,"id":"69","type":"question","text":"isLastBranch(widget, node)","one":"16","two":"70"},"19":{"one":"18","id":"19","type":"action","text":"menu.push({type: \"separator\"})","two":""},"9":{"branchId":4,"one":"13","id":"9","type":"branch","text":"Node-specific"},"8":{"branchId":6,"one":"15","id":"8","type":"branch","text":"Exit"},"74":{"type":"action","text":"pushMenuItem(\n    \"insert_case_right\",\n    menu,\n    tr(\n        widget,\n        \"Insert Case to the right\"\n    ),\n    widget.visuals.config.imagePath + \"case.png\",\n    function () {\n        insertCase(widget, node, false)\n    }\n)","one":"16","id":"74"},"14":{"type":"action","id":"14","one":"16","text":"pushMenuItem(\n    \"swap_yes_no\",\n    menu,\n    tr(widget, \"Swap \\\"Yes\\\" and \\\"No\\\"\"),\n    undefined,\n    function () {\n        widget.swapYesNo(prim.id)\n    }\n)"},"31":{"one":"2","id":"31","type":"action","text":"menu.push({type: \"separator\"})","two":""},"30":{"flag1":1,"id":"30","type":"question","text":"func","one":"32","two":"2"},"33":{"flag1":1,"id":"33","type":"question","text":"canDelete(widget.visuals, node)","one":"34","two":"31"},"12":{"one":"14","id":"12","type":"case","two":"41","text":"\"question\""},"71":{"type":"action","id":"71","one":"16","text":"pushMenuItem(\n    \"insert_branch_right\",\n    menu,\n    tr(\n        widget,\n        \"Insert Branch to the right\"\n    ),\n    widget.visuals.config.imagePath + \"branch.png\",\n    function () {\n        insertBranch(widget, node, false)\n    }\n)"},"13":{"type":"select","text":"prim.type","one":"12","id":"13"},"1":{"type":"end","id":"1"},"47":{"one":"77","id":"47","type":"action","text":"pushMenuItem(\n    \"edit_secondary\",\n    menu,\n    tr(widget, \"Edit upper text\"),\n    undefined,\n    function () {\n        startEditSecondary(widget, prim)\n    }\n)","two":""},"50":{"type":"action","text":"pushMenuItem(\n    \"go_to_target_branch\",\n    menu,\n    tr(widget, \"Go to branch\"),\n    undefined,\n    function () {\n        widget.showItem(node.branch.id)\n    }\n)","one":"52","id":"50"},"53":{"flag1":1,"id":"53","type":"question","text":"getBranchMargin(node) === 0","one":"55","two":"54"},"54":{"type":"action","text":"pushMenuItem(\n    \"reset_margin\",\n    menu,\n    tr(widget, \"Reset margin\"),\n    undefined,\n    function () {\n        resetMargin(widget, node.id)\n    }\n)","one":"55","id":"54"},"60":{"branchId":2,"one":"64","id":"60","type":"branch","text":"Params"},"61":{"one":"65","id":"61","type":"action","two":"","text":"pushMenuItem(\n    \"delete_one\",\n    menu,\n    tr(widget, \"Delete\"),\n    widget.visuals.config.imagePath + \"delete.png\",\n    function () {\n        deleteOne(widget, node)\n    }\n)"},"65":{"one":"66","id":"65","type":"action","two":"","text":"menu.push({type: \"separator\"})"},"66":{"one":"8","id":"66","type":"action","text":"pushMenuItem(\n    \"format\",\n    menu,\n    tr(widget, \"Format\"),\n    undefined,\n    function () {\n        startEditStyle(widget)\n    }\n)","two":""},"55":{"type":"action","id":"55","one":"67","text":"pushMenuItem(\n    \"increase_margin\",\n    menu,\n    tr(widget, \"Increase margin\"),\n    undefined,\n    function () {\n        increaseMargin(widget, node.id)\n    }\n)"},"2":{"branchId":3,"one":"20","id":"2","type":"branch","text":"Edit content"},"73":{"type":"action","text":"pushMenuItem(\n    \"insert_case_left\",\n    menu,\n    tr(widget, \"Insert Case to the left\"),\n    widget.visuals.config.imagePath + \"case.png\",\n    function () {\n        insertCase(widget, node, true)\n    }\n)","one":"74","id":"73"},"52":{"one":"42","id":"52","type":"action","text":"menu.push({type: \"separator\"})","two":""},"20":{"flag1":1,"id":"20","type":"question","two":"24","one":"21","text":"prim.type === \"header\""}},"updated_by":"stipan","version":20180619,"type":"drakon","when_updated":1676127301.982,"name":"buildMenuByType","created_by":"stipan"}