{"version":20180619,"tag":"206209810","params":"handle\nelement\ny","when_created":1671375943.1687,"parent_id":"791b14d4","props":[],"created_by":"stipan","items":{"2":{"type":"branch","branchId":0,"one":"5","id":"2"},"4":{"one":"1","id":"4","type":"action","text":"findHorizontalGuide(\n    handle.widget,\n    element.id,\n    ebox,\n    y\n)","two":""},"1":{"type":"end","id":"1"},"5":{"one":"4","id":"5","type":"action","two":"","text":"ebox = createBox(\n    element.left,\n    element.top,\n    element.width,\n    element.height\n)"}},"keywords":{"scenario":false,"async":false,"export":false,"function":true,"algoprop":false},"updated_by":"stipan","type":"drakon","language":"LANG_S42","name":"findHorizontalForHandle","when_updated":1671376052.3387}