{"version":20180619,"tag":"148643616","params":"buffer\nch","when_created":1751461258.0901,"parent_id":"2b20c519","props":[],"created_by":"admin","items":{"2":{"type":"branch","branchId":0,"one":"3","id":"2"},"1":{"type":"end","id":"1"},"3":{"type":"action","id":"3","one":"1","text":"buffer.text += ch"}},"type":"drakon","keywords":{"scenario":false,"async":false,"export":false,"function":true,"algoprop":false},"updated_by":"admin","language":"LANG_JS","name":"addToBuffer","when_updated":1751461274.0483}