{"version":20180619,"tag":"927367306","params":"prim\npos\nevt","when_created":1751456738.4868,"parent_id":"2b20c519","props":[],"when_updated":1751456954.0652,"items":{"4":{"flag1":1,"id":"4","type":"question","text":"prim.type === \"insertion\"","one":"7","two":"5"},"8":{"type":"action","id":"8","one":"1","text":"return \"pointer\""},"1":{"type":"end","id":"1"},"5":{"flag1":1,"id":"5","type":"question","two":"11","one":"6","text":"prim.type === \"action\""},"9":{"flag1":1,"id":"9","type":"question","text":"onActionHotspot(prim, pos)","one":"8","two":"11"},"6":{"flag1":1,"id":"6","type":"question","text":"prim.link","one":"9","two":"11"},"11":{"type":"action","id":"11","one":"1","text":"return \"grab\""},"7":{"flag1":0,"id":"7","type":"question","text":"onInsertionHotspot(prim, pos)","one":"10","two":"8"},"2":{"type":"branch","branchId":0,"one":"4","id":"2"},"10":{"type":"action","id":"10","one":"1","text":"return \"grab\""}},"type":"drakon","keywords":{"scenario":false,"async":false,"export":false,"function":true,"algoprop":false},"updated_by":"admin","language":"LANG_S42","name":"getCursorForItem","created_by":"admin"}