{"version":20180619,"tag":"229481099","params":"defaultName","when_created":1751641757.6983,"parent_id":"e339a631","props":[],"when_updated":1751690234.4694,"items":{"4":{"type":"action","text":"sanitizedName = defaultName.replace(\n    \/[\\\\\/:  *  ? \"<>|]\/g, '_')\n","one":"5","id":"4"},"1":{"type":"end","id":"1"},"5":{"type":"action","id":"5","one":"6","text":"result = await vscode.window.showSaveDialog(\n    {\n        defaultUri: vscode.Uri.file(\n            path.join(\n                getWorkspaceFolder(),\n                sanitizedName + '.drakon'\n            )\n        ),\n        filters: {\n            'Diagrams': [\n                'drakon',\n                'graf',\n                'free'\n            ]\n        },\n        saveLabel: 'Save Diagram'\n    }\n)"},"2":{"type":"branch","branchId":0,"one":"3","id":"2"},"6":{"type":"action","text":"log(\n    \"showSaveDialog result\",\n    result ? result.toString(): ''\n)","one":"7","id":"6"},"7":{"type":"action","id":"7","one":"1","text":"return result"},"3":{"type":"action","text":"log(\n    \"showSaveDialog called\",\n    {defaultName: defaultName}\n)","one":"4","id":"3"}},"keywords":{"scenario":false,"async":true,"export":false,"function":true,"algoprop":false},"updated_by":"admin","type":"drakon","created_by":"admin","name":"showSaveDialog","language":"LANG_JS"}