{"version":20180619,"tag":"821590612","when_created":1751642392.4484,"parent_id":"864f9983","props":[],"items":{"2":{"type":"branch","branchId":0,"one":"3","id":"2"},"1":{"type":"end","id":"1"},"3":{"type":"action","id":"3","one":"1","text":"now = new Date();\nformat = function (num) {\n    return String(num).padStart(2, '0');\n};\nreturn [\n    now.getFullYear(),\n    format(now.getMonth() + 1),\n    format(now.getDate()),\n    '_',\n    format(now.getHours()),\n    format(now.getMinutes()),\n    format(now.getSeconds())\n].join('')"}},"language":"LANG_JS","when_updated":1751642404.6797,"type":"drakon","updated_by":"admin","name":"getCurrentDateTimeString","created_by":"admin"}