{"version":20180619,"tag":"317096526","when_created":1751642232.8218,"parent_id":"e339a631","props":[],"items":{"2":{"type":"branch","branchId":0,"one":"3","id":"2"},"1":{"type":"end","id":"1"},"3":{"type":"action","id":"3","one":"1","text":"theme = DEP.customTheme || (\n    vscode.window.activeColorTheme.kind ===\n    vscode.ColorThemeKind.Light ? 'vscode-light':\n    'vscode-dark'\n);\nDEP.activeWebviews.forEach(\n    function (webviewPanel) {\n        webviewPanel.webview.postMessage(\n            {\n                command: 'applyTheme',\n                themeClass: theme,\n                isCustom: !!DEP.customTheme\n            }\n        );\n    }\n)"}},"when_updated":1751644859.2785,"created_by":"admin","type":"drakon","updated_by":"admin","name":"updateThemeForAllPanels","language":"LANG_JS"}