{"version":20180619,"tag":"816585796","params":"evt","when_created":1751294708.6611,"parent_id":"ea708578","props":[],"when_updated":1751506012.2837,"items":{"2":{"type":"branch","branchId":0,"one":"3","id":"2"},"4":{"type":"action","id":"4","one":"1","text":"m.drakon.arrowUp()"},"1":{"type":"end","id":"1"},"3":{"type":"action","id":"3","one":"4","text":"evt.preventDefault()"}},"updated_by":"admin","keywords":{"scenario":false,"async":false,"export":false,"function":true,"algoprop":false},"type":"drakon","language":"LANG_S42","name":"arrowUp","created_by":"admin"}