{"version":20180619,"tag":"","when_created":1751260917.9402,"parent_id":"1","items":[],"props":{"html":"<!DOCTYPE html>\n<html lang=\"en\">\n<head>\n  <meta charset=\"utf-8\"\/>\n  <meta name=\"viewport\" content=\"width=device-width,initial-scale=1\"\/>\n  <link rel=\"shortcut icon\" href=\"https:\/\/app.drakon.tech\/static\/favicon.ico\" \/>\n  <link rel=\"icon\" type=\"image\/png\" href=\"https:\/\/app.drakon.tech\/static\/favicon.png\" \/>\n  <link rel=\"stylesheet\" href=\"https:\/\/cdnjs.cloudflare.com\/ajax\/libs\/meyer-reset\/2.0\/reset.min.css\" integrity=\"sha512-NmLkDIU1C\/C88wi324HBc+S2kLhi08PN5GDeUVVVC\/BVt\/9Izdsc9SVeVfA1UZbY3sHUlDSyRXhCzHfr6hmPPw==\" crossorigin=\"anonymous\" \/>\n  <style>\n  *, *:before, *:after {\n    -webkit-box-sizing: border-box;\n    -moz-box-sizing: border-box;\n    box-sizing: border-box;\n  }\n  <\/style>\n  <title>main<\/title>\n<\/head>\n<body>\n  <div id=\"main\"><\/div>\n  <script src=\"main.js\"><\/script>\n  <script>\n  <\/script>\n<\/body>\n<\/html>","footer":"main()","header":"var m\nm = {}\nm.iconSize = 20\nm.widgets\nm.drakon\nm.currentMode = \"write\"\n\n    console.log('WEBVIEW_NAMESPACE: ' + WEBVIEW_NAMESPACE);\n\n    \/\/ Кастомное хранилище с пространствами\n    const isolatedStorage = {\n        setItem: (key, value) => {\n            const namespacedKey = `${WEBVIEW_NAMESPACE}:${key}`;\n            localStorage.setItem(namespacedKey, JSON.stringify(value));\n            console.log('setItem namespacedKey: ', namespacedKey);\n            console.log('setItem value: ' + JSON.stringify(value));\n        },\n\n        getItem: (key) => {\n            const namespacedKey = `${WEBVIEW_NAMESPACE}:${key}`;\n            const value = localStorage.getItem(namespacedKey);\n            console.log('getItem namespacedKey: ', namespacedKey);\n            console.log('getItem value: ' + value);\n            return value ? JSON.parse(value) : null;\n        },\n\n        removeItem: (key) => {\n            const namespacedKey = `${WEBVIEW_NAMESPACE}:${key}`;\n            localStorage.removeItem(namespacedKey);\n        },\n\n        clear: () => {\n            Object.keys(localStorage).forEach(key => {\n                if (key.startsWith(WEBVIEW_NAMESPACE + ':')) {\n                    localStorage.removeItem(key);\n                }\n            });\n        }\n    };\n    \/\/ Делаем хранилище глобально доступным для этого WebView\n    window.isolatedStorage = isolatedStorage;\n\n    document.getElementById('themes-combobox').addEventListener('change', function () {\n        vscode.postMessage({\n            command: 'changeTheme',\n            theme: this.value\n        });\n    });","mformat":"MES_IFFE","roof":"","language":"LANG_JS"},"created_by":"admin","type":"module","updated_by":"admin","name":"main","when_updated":1751260917.9402}