{"version":20180619,"tag":"318578014","params":"uri\ndiagram","when_created":1751641930.3965,"parent_id":"e339a631","props":[],"language":"LANG_JS","items":{"2":{"type":"branch","branchId":0,"one":"3","id":"2"},"4":{"type":"action","id":"4","one":"1","text":"try {\n    data = JSON.stringify(\n        diagram,\n        null,\n        2\n    );\n    await vscode.workspace.fs.writeFile(\n        uri,\n        Buffer.from(data)\n    );\n    log(\n        \"File saved successfully\",\n        uri.toString()\n    );\n} catch (err) {\n    log(\"Failed to save diagram\", err);\n    vscode.window.showErrorMessage(\n        'Failed to save diagram: ' + err\n    );\n}"},"1":{"type":"end","id":"1"},"3":{"type":"action","text":"log(\n    \"saveToNewFile called\",\n    {\n        uri: uri.toString(),\n        diagram: diagram\n    }\n)","one":"4","id":"3"}},"keywords":{"scenario":false,"async":true,"export":false,"function":true,"algoprop":false},"created_by":"admin","type":"drakon","updated_by":"admin","name":"saveToNewFile","when_updated":1751685117.8379}