{"version":20180619,"tag":"412986956","params":"name","when_created":1751457064.618,"parent_id":"2b20c519","props":[],"when_updated":1751457170.7809,"items":{"4":{"flag1":1,"id":"4","type":"question","two":"1","one":"5","text":"name"},"8":{"type":"loopbegin","text":"diagram; diagrams.diagrams","one":"9","id":"8"},"1":{"type":"end","id":"1"},"5":{"type":"action","text":"name = name.toLowerCase().trim()","one":"6","id":"5"},"9":{"type":"action","text":"dname = diagram.name.toLowerCase()","one":"10","id":"9"},"6":{"type":"action","text":"diagrams = getDiagramObjects()","one":"8","id":"6"},"12":{"type":"action","id":"12","one":"1","text":"openDiagram(diagram.id)"},"7":{"type":"loopend","text":"","one":"1","id":"7"},"2":{"type":"branch","branchId":0,"one":"4","id":"2"},"10":{"flag1":0,"id":"10","type":"question","text":"dname === name","one":"7","two":"12"}},"type":"drakon","keywords":{"scenario":false,"async":false,"export":false,"function":true,"algoprop":false},"updated_by":"admin","language":"LANG_S42","name":"tryGoToDiagram","created_by":"admin"}