{"keywords":{"scenario":false,"async":true,"export":false,"function":true,"algoprop":false},"tag":"593750406","params":"oldStyle\nx\ny","when_created":1751458452.1741,"parent_id":"2b20c519","props":[],"when_updated":1751507461.2059,"items":{"4":{"flag1":1,"id":"4","type":"question","two":"1","one":"5","text":"newContent !== undefined"},"8":{"type":"action","text":"m.drakon.setDiagramStyle(style)","one":"1","id":"8"},"1":{"type":"end","id":"1"},"5":{"type":"action","text":"style = \"\"","one":"6","id":"5"},"2":{"type":"branch","branchId":0,"one":"3","id":"2"},"6":{"flag1":1,"id":"6","type":"question","text":"newContent","one":"7","two":"8"},"7":{"type":"action","text":"style = JSON.parse(newContent)","one":"8","id":"7"},"3":{"type":"action","id":"3","one":"4","text":"old = JSON.stringify(oldStyle, null, 4)\nnewContent = await m.widgets.largeBox(\n    x,\n    y,\n    \"\",\n    old\n)"}},"type":"drakon","language":"LANG_JS","updated_by":"admin","version":20180619,"name":"startEditDiagramStyle","created_by":"admin"}