{"version":20180619,"tag":"557969967","params":"ign\nevt","when_created":1752112797.2443,"parent_id":"2b20c519","props":[],"created_by":"admin","items":{"22":{"type":"action","id":"22","one":"1","text":"m.drakon.setDiagramProperty(\n    \"description\",\n    newContent\n)"},"21":{"flag1":0,"id":"21","type":"question","two":"1","one":"22","text":"newContent === currentDescription"},"19":{"type":"action","text":"diagramStr = isolatedStorage.getItem(\n    currentDiagramId\n);\ndiagram = JSON.parse(diagramStr);\ncurrentDescription = diagram.description\n|| \"\";\nnewContent = await m.widgets.largeBox(\n    evt.clientX,\n    evt.clientY,\n    tr(\"Description\"),\n    currentDescription\n);","one":"20","id":"19"},"17":{"flag1":1,"id":"17","type":"question","two":"1","one":"19","text":"currentDiagramId"},"2":{"type":"branch","branchId":0,"one":"16","id":"2"},"1":{"type":"end","id":"1"},"16":{"type":"action","id":"16","one":"17","text":"currentDiagramId = isolatedStorage.getItem(\n    \"current-diagram\"\n)"},"20":{"flag1":1,"id":"20","type":"question","two":"1","one":"21","text":"newContent"}},"type":"drakon","keywords":{"scenario":false,"async":true,"export":false,"function":true,"algoprop":false},"updated_by":"admin","language":"LANG_JS","name":"editDescription","when_updated":1752115397.8273}