{"version":20180619,"tag":"714179743","when_created":1751423764.5604,"parent_id":"2b20c519","props":[],"items":{"4":{"type":"action","id":"4","one":"5","text":"m.currentMode = modes.value"},"1":{"type":"end","id":"1"},"5":{"type":"action","text":"reloadCurrent()","one":"6","id":"5"},"2":{"type":"branch","branchId":0,"one":"3","id":"2"},"6":{"type":"action","id":"6","one":"1","text":"closeMenu()"},"3":{"type":"action","text":"modes = get(\"modes-combobox\")","one":"4","id":"3"}},"language":"LANG_S42","when_updated":1751507650.9452,"updated_by":"admin","type":"drakon","name":"onModesChanged","created_by":"admin"}