{"version":20180619,"tag":"418249938","params":"buffer\npar","when_created":1751461029.6508,"parent_id":"2b20c519","props":[],"created_by":"admin","items":{"4":{"flag1":1,"id":"4","type":"question","two":"1","one":"8","text":"buffer.text"},"8":{"type":"select","id":"8","one":"7","text":"buffer.type"},"1":{"type":"end","id":"1"},"5":{"type":"case","text":"\"em\"","one":"11","id":"5"},"9":{"type":"action","text":"addText(par, buffer.text)","one":"12","id":"9"},"6":{"one":"10","id":"6","type":"case","text":"\"strong\"","two":"5"},"11":{"type":"action","text":"em = document.createElement(\"em\")\naddText(em, buffer.text)\nadd(par, em)","one":"12","id":"11"},"12":{"type":"action","id":"12","one":"1","text":"buffer.text = \"\""},"7":{"one":"9","id":"7","type":"case","text":"\"normal\"","two":"6"},"2":{"type":"branch","branchId":0,"one":"4","id":"2"},"10":{"type":"action","text":"strong = document.createElement(\"strong\")\naddText(strong, buffer.text)\nadd(par, strong)","one":"12","id":"10"}},"type":"drakon","keywords":{"scenario":false,"async":false,"export":false,"function":true,"algoprop":false},"updated_by":"admin","language":"LANG_JS","name":"completeBuffer","when_updated":1751461166.5922}