{"keywords":{"scenario":false,"async":false,"export":false,"function":true,"algoprop":false},"tag":"258837365","params":"container\nimage\naction\ntooltip","when_created":1751427380.5854,"parent_id":"1471a2b6","props":[],"created_by":"admin","items":{"2":{"type":"branch","branchId":0,"one":"3","id":"2"},"4":{"type":"action","id":"4","one":"1","text":"br = document.createElement(\"br\")\nadd(container, br)"},"1":{"type":"end","id":"1"},"3":{"type":"action","id":"3","one":"4","text":"button = m.widgets.createIconButton(\n    extensionBaseUri + \"\/images\/\" + image,\n    action,\n    tooltip\n)\nbutton.style.marginBottom = \"3px\"\nadd(container, button)"}},"type":"drakon","language":"LANG_S42","updated_by":"admin","version":20180619,"name":"addIconButton","when_updated":1751507448.9589}