{"version":20180619,"tag":"","params":"type\nshortcut","when_created":1752119422.8263,"parent_id":"4039851a","props":[],"language":"LANG_JS","items":{"4":{"flag1":1,"id":"4","type":"question","two":"6","one":"5","text":"shortcut"},"1":{"type":"end","id":"1"},"5":{"type":"action","id":"5","one":"6","text":"Mousetrap.bind(\n    shortcut.toLowerCase(),\n    action,\n    \"keydown\"\n)"},"2":{"type":"branch","branchId":0,"one":"3","id":"2"},"6":{"type":"action","text":"return action","one":"1","id":"6"},"3":{"type":"action","text":"action = function () {\n    insertIcon(type)\n}","one":"4","id":"3"}},"keywords":{"scenario":false,"async":false,"export":false,"function":true,"algoprop":false},"type":"drakon","updated_by":"admin","created_by":"admin","name":"createInsertAction","when_updated":1752119422.8263}