{"keywords":{"scenario":false,"async":false,"export":false,"function":true,"algoprop":false},"tag":"98888168","params":"currentDiagram","when_created":1751460272.6648,"parent_id":"2b20c519","props":[],"when_updated":1751982271.922,"items":{"4":{"flag1":1,"id":"4","type":"question","two":"6","one":"5","text":"m.currentMode === \"write\""},"8":{"type":"action","id":"8","one":"1","text":"isolatedStorage.setItem(\n    \"current-diagram\",\n    currentDiagram\n)"},"1":{"type":"end","id":"1"},"5":{"type":"action","id":"5","one":"12","text":"diagram.access = \"write\""},"9":{"type":"action","text":"renderEditorWidget()","one":"10","id":"9"},"6":{"type":"action","id":"6","one":"12","text":"diagram.access = \"read\""},"12":{"type":"action","id":"12","one":"7","text":"initToolbar(diagram.type)"},"3":{"type":"action","id":"3","one":"4","text":"diagramStr = isolatedStorage.getItem(\n    currentDiagram\n)\ndiagram = JSON.parse(diagramStr)"},"7":{"type":"action","text":"m.drakon.setDiagram(\n    currentDiagram,\n    diagram,\n    sender\n)","one":"8","id":"7"},"2":{"type":"branch","branchId":0,"one":"9","id":"2"},"10":{"type":"action","id":"10","one":"3","text":"sender = createEditSender()"}},"updated_by":"admin","created_by":"admin","type":"drakon","version":20180619,"name":"openDiagram","language":"LANG_JS"}