{"version":20180619,"tag":"545469","params":"evt","when_created":1751294646.3913,"parent_id":"ea708578","props":[],"language":"LANG_S42","items":{"2":{"type":"branch","branchId":0,"one":"3","id":"2"},"4":{"type":"action","id":"4","one":"1","text":"m.drakon.arrowDown()"},"1":{"type":"end","id":"1"},"3":{"type":"action","text":"evt.preventDefault()","one":"4","id":"3"}},"type":"drakon","keywords":{"scenario":false,"async":false,"export":false,"function":true,"algoprop":false},"updated_by":"admin","created_by":"admin","name":"arrowDown","when_updated":1751294688.74}