{"version":20180619,"tag":"613167818","params":"prim\npos\nevt","when_created":1751456260.058,"parent_id":"2b20c519","props":[],"when_updated":1751456682.4085,"items":{"11":{"type":"action","text":"window.open(prim.link, '_blank')","one":"1","id":"11"},"8":{"flag1":1,"id":"8","type":"question","two":"1","one":"9","text":"prim.link"},"1":{"type":"end","id":"1"},"5":{"flag1":0,"id":"5","type":"question","two":"11","one":"1","text":"onInsertionHotspot(prim, pos)"},"2":{"type":"branch","branchId":0,"one":"4","id":"2"},"6":{"flag1":1,"id":"6","type":"question","two":"1","one":"8","text":"prim.type === \"action\""},"9":{"flag1":1,"id":"9","type":"question","text":"onActionHotspot(prim, pos)","one":"11","two":"1"},"4":{"flag1":1,"id":"4","type":"question","text":"prim.type === \"insertion\"","one":"5","two":"6"}},"type":"drakon","keywords":{"scenario":false,"async":false,"export":false,"function":true,"algoprop":false},"updated_by":"admin","language":"LANG_S42","name":"onItemClick","created_by":"admin"}