{"version":20180619,"tag":"243816811","params":"","when_created":1751643096.5254,"parent_id":"864f9983","props":[],"language":"LANG_JS","items":{"4":{"flag1":1,"id":"4","type":"question","two":"5","one":"6","text":"editor"},"8":{"flag1":1,"id":"8","type":"question","text":"result","one":"9","two":"10"},"1":{"type":"end","id":"1"},"5":{"type":"action","id":"5","one":"1","text":"vscode.window.showErrorMessage(\n    'No active text editor!'\n)"},"9":{"flag1":1,"id":"9","type":"question","text":"result.content","one":"11","two":"10"},"6":{"type":"action","text":"document = editor.document;\ntext = document.getText()","one":"7","id":"6"},"11":{"type":"action","text":"newUri = vscode.Uri.file(\n    path.join(\n        path.dirname(document.uri.fsPath),\n        result.fileName + '.drakon'\n    )\n)","one":"12","id":"11"},"12":{"type":"action","text":"await vscode.workspace.fs.writeFile(\n    newUri,\n    Buffer.from(result.content)\n)","one":"13","id":"12"},"3":{"type":"action","text":"editor = vscode.window.activeTextEditor","one":"4","id":"3"},"7":{"type":"action","text":"result = drakongen.astToDrakon(text)","one":"8","id":"7"},"2":{"type":"branch","branchId":0,"one":"3","id":"2"},"10":{"type":"action","id":"10","one":"1","text":"vscode.window.showErrorMessage(\n    'Failed to generate DRAKON diagram.'\n)"},"13":{"type":"action","text":"await vscode.commands.executeCommand(\n    'vscode.openWith',\n    newUri,\n    DRAKON_EDITOR_VIEW_TYPE\n)","one":"14","id":"13"},"14":{"type":"action","id":"14","one":"1","text":"vscode.window.showInformationMessage(\n    'DRAKON diagram generated successfully: '\n    + result.fileName + '.drakon'\n)"}},"keywords":{"scenario":false,"async":true,"export":false,"function":true,"algoprop":false},"updated_by":"admin","type":"drakon","when_updated":1751643935.1363,"name":"generateDrakonTry","created_by":"admin"}