{"version":20180619,"tag":"824920020","when_created":1751460192.359,"parent_id":"2b20c519","props":[],"items":{"4":{"type":"action","text":"canvas = m.drakon.render(\n    rect.width,\n    rect.height,\n    config\n)","one":"5","id":"4"},"8":{"type":"action","text":"editorArea.innerHTML = \"\"","one":"9","id":"8"},"1":{"type":"end","id":"1"},"5":{"type":"action","text":"add(editorArea, canvas)","one":"1","id":"5"},"9":{"type":"action","id":"9","one":"3","text":"config = buildConfig()"},"6":{"type":"action","text":"editorArea = get(\"editor-area\")","one":"7","id":"6"},"3":{"type":"action","id":"3","one":"4","text":"config.maxHeight = 1200"},"7":{"type":"action","text":"rect = editorArea.getBoundingClientRect()","one":"8","id":"7"},"2":{"type":"branch","branchId":0,"one":"6","id":"2"}},"when_updated":1751982366.6615,"created_by":"admin","type":"drakon","updated_by":"admin","name":"renderEditorWidget","language":"LANG_JS"}