{"version":20180619,"tag":"179665880","when_created":1751642046.5783,"parent_id":"864f9983","props":[],"items":{"4":{"flag1":1,"id":"4","type":"question","two":"7","one":"5","text":"vscode.workspace.workspaceFolders"},"1":{"type":"end","id":"1"},"5":{"flag1":1,"id":"5","type":"question","two":"7","one":"6","text":"vscode.workspace.workspaceFolders.length\n> 0"},"2":{"type":"branch","branchId":0,"one":"4","id":"2"},"6":{"type":"action","text":"return vscode.workspace.workspaceFolders[\n    0\n].uri.fsPath","one":"1","id":"6"},"7":{"type":"action","id":"7","one":"1","text":"return os.homedir()"}},"when_updated":1751642096.9149,"created_by":"admin","type":"drakon","updated_by":"admin","name":"getWorkspaceFolder","language":"LANG_JS"}