{"version":20180619,"tag":"480210336","when_created":1751423922.8346,"parent_id":"2b20c519","props":[],"items":{"4":{"type":"action","text":"localStorage.setItem(\n    \"current-theme\",\n    themes.value\n)","one":"5","id":"4"},"1":{"type":"end","id":"1"},"5":{"type":"action","text":"reloadCurrent()","one":"6","id":"5"},"2":{"type":"branch","branchId":0,"one":"3","id":"2"},"6":{"type":"action","id":"6","one":"1","text":"closeMenu()"},"3":{"type":"action","text":"themes = get(\"themes-combobox\")","one":"4","id":"3"}},"when_updated":1751423952.9367,"created_by":"admin","type":"drakon","updated_by":"admin","name":"onThemesChanged","language":"LANG_S42"}