{"version":20180619,"tag":"599290496","params":"generationType","when_created":1751642889.8962,"parent_id":"864f9983","props":[],"language":"LANG_JS","items":{"2":{"type":"branch","branchId":0,"one":"3","id":"2"},"1":{"type":"end","id":"1"},"3":{"type":"action","id":"3","one":"1","text":"try {\n    await generateOutputTry(\n        generationType\n    )\n} catch (error) {\n    errorMessage = error && error.message\n    ? error.message: 'Неизвестная ошибка';\n    vscode.window.showErrorMessage(\n        'Ошибка генерации: ' + errorMessage\n    );\n    console.error('Ошибка:', error)\n}"}},"keywords":{"scenario":false,"async":true,"export":false,"function":true,"algoprop":false},"type":"drakon","updated_by":"admin","created_by":"admin","name":"generateOutput","when_updated":1751643900.7638}