{"version":20180619,"tag":"788532476","when_created":1751291388.293,"parent_id":"87e2ea3c","props":[],"items":{"4":{"flag1":1,"id":"4","type":"question","text":"content","one":"5","two":"8"},"8":{"type":"action","id":"8","one":"1","text":"console.log('сheckClipboard todo')"},"1":{"type":"end","id":"1"},"5":{"type":"action","id":"5","one":"6","text":"clipBoardType = localStorage.getItem(\n    'clipboard-type'\n)"},"2":{"type":"branch","branchId":0,"one":"3","id":"2"},"6":{"flag1":1,"id":"6","type":"question","text":"clipBoardType","one":"7","two":"8"},"7":{"type":"action","id":"7","one":"8","text":"m.drakon.showPasteSockets(clipBoardType)"},"3":{"type":"action","id":"3","one":"4","text":"content = localStorage.getItem(\n    'clipboard'\n)"}},"when_updated":1751291751.2048,"created_by":"admin","updated_by":"admin","type":"drakon","name":"checkClipboard","language":"LANG_S42"}