{"keywords":{"scenario":false,"async":false,"export":false,"function":true,"algoprop":false},"tag":"615130270","params":"modes","when_created":1751427000.3532,"parent_id":"2b20c519","props":[],"when_updated":1751507638.4087,"items":{"2":{"type":"branch","branchId":0,"one":"3","id":"2"},"1":{"type":"end","id":"1"},"3":{"type":"action","text":"modes.innerHTML = \"\"\naddOption(modes, \"write\", \"Read\/write\")\naddOption(modes, \"read\", \"Read-only\")\naddOption(\n    modes,\n    \"no-select\",\n    \"Read-only, no select\"\n)\nmodes.value = m.currentMode","one":"1","id":"3"}},"type":"drakon","language":"LANG_S42","updated_by":"admin","version":20180619,"name":"fillModes","created_by":"admin"}