{"version":20180619,"tag":"971970997","when_created":1751260917.9778,"parent_id":"2b20c519","props":[],"items":{"8":{"flag1":0,"id":"8","type":"question","two":"11","one":"9","text":"actualVersion === currentVersion"},"1":{"type":"end","id":"1"},"9":{"type":"action","text":"localStorage.clear()","one":"10","id":"9"},"15":{"type":"action","text":"registerEventVscode()","one":"16","id":"15"},"16":{"type":"action","id":"16","one":"1","text":"document.body.classList.add(\n    'vscode-light'\n)"},"11":{"type":"action","id":"11","one":"12","text":"loadThemes()"},"12":{"type":"action","text":"closeButton = get(\"close-button\")","one":"13","id":"12"},"3":{"type":"action","text":"m.widgets = createSimpleWidgets()\nm.widgets.init(tr)\ninitDrakonWidget()","one":"6","id":"3"},"6":{"type":"action","text":"currentVersion = m.drakon.getVersion()\nactualVersion = localStorage.getItem(\n    \"drakon-widget-version\"\n)","one":"8","id":"6"},"2":{"type":"branch","branchId":0,"one":"3","id":"2"},"10":{"type":"action","text":"localStorage.setItem(\n    \"drakon-widget-version\",\n    currentVersion\n)","one":"11","id":"10"},"13":{"type":"action","text":"closeButton.addEventListener(\n    \"click\",\n    closeMenu\n)\nregisterClick(\n    \"set-theme-json-button\",\n    setThemeJson\n)\nregisterChange(\n    \"themes-combobox\",\n    onThemesChanged\n)\nregisterChange(\n    \"modes-combobox\",\n    onModesChanged\n)","one":"14","id":"13"},"14":{"type":"action","text":"initShortcuts()\nwindow.onresize = debounce(onResize, 500)","one":"15","id":"14"}},"when_updated":1751981869.1242,"keywords":{"function":true,"export":true},"updated_by":"admin","type":"drakon","name":"main","created_by":"admin"}