{"version":20180619,"tag":"329816051","params":"edit","when_created":1751459701.6411,"parent_id":"2b20c519","props":[],"language":"LANG_JS","items":{"4":{"type":"action","text":"currentDiagram = isolatedStorage.getItem(\n    \"current-diagram\"\n)\ndiagramStr = isolatedStorage.getItem(\n    currentDiagram\n)\ndiagram = JSON.parse(diagramStr)","one":"6","id":"4"},"8":{"type":"action","id":"8","one":"5","text":"updateDiagramItem(\n    diagram,\n    change.id,\n    change.op,\n    change.fields\n)"},"10":{"type":"action","id":"10","one":"1","text":"changedDiagram = JSON.stringify(diagram)\nisolatedStorage.setItem(\n    currentDiagram,\n    changedDiagram\n)\nsendUpdateToVSCode(diagram)"},"5":{"type":"loopend","id":"5","one":"10","text":""},"9":{"type":"action","id":"9","one":"5","text":"Object.assign(diagram, change.fields)"},"6":{"type":"loopbegin","id":"6","one":"7","text":"change; edit.changes"},"3":{"type":"action","text":"console.log(\n    \"pushEdit\",\n    JSON.stringify(edit, null, 4)\n)","one":"4","id":"3"},"7":{"flag1":1,"id":"7","type":"question","text":"change.id","one":"8","two":"9"},"2":{"type":"branch","branchId":0,"one":"3","id":"2"},"1":{"type":"end","id":"1"}},"updated_by":"admin","keywords":{"scenario":false,"async":false,"export":false,"function":true,"algoprop":false},"type":"drakon","when_updated":1751459855.9606,"name":"pushEdit","created_by":"admin"}