{"version":20180619,"tag":"709204053","params":"toolbar","when_created":1752129179.1583,"parent_id":"4039851a","props":[],"language":"LANG_JS","items":{"4":{"type":"action","text":"addToolbarRow(\n    toolbar,\n    'comment.png',\n    createInsertAction('conclusion', 'C'),\n    'Заключение',\n    'callout.png',\n    createFreeAction('callout'),\n    'Выноска'\n)","one":"5","id":"4"},"1":{"type":"end","id":"1"},"5":{"type":"action","text":"addToolbarRow(\n    toolbar,\n    'line.png',\n    createFreeAction('line', 'L'),\n    'Линия',\n    'arrow.png',\n    createFreeAction('arrow', 'W'),\n    'Стрелка'\n)","one":"6","id":"5"},"2":{"type":"branch","branchId":0,"one":"3","id":"2"},"6":{"type":"action","text":"addToolbarRow(\n    toolbar,\n    'frame.png',\n    createFreeAction('frame'),\n    'Рамка',\n    'polyline.png',\n    createFreeAction('polyline'),\n    'Ломаная'\n)","one":"1","id":"6"},"3":{"type":"action","text":"addToolbarRow(\n    toolbar,\n    'rectangle.png',\n    createInsertAction('idea', 'A'),\n    'Идея',\n    'rounded.png',\n    createInsertAction('ridea', 'R'),\n    'Идея - скругленно'\n)","one":"4","id":"3"}},"keywords":{"scenario":false,"async":false,"export":false,"function":true,"algoprop":false},"created_by":"admin","type":"drakon","updated_by":"admin","name":"initToolbarGraf","when_updated":1752131927.7327}