{"keywords":{"scenario":false,"async":false,"export":false,"function":true,"algoprop":false},"tag":"267971127","params":"diagram","when_created":1751261781.3467,"parent_id":"a4afdc36","props":[],"language":"LANG_JS","items":{"4":{"flag1":1,"id":"4","type":"question","two":"1","one":"5","text":"vscode"},"1":{"type":"end","id":"1"},"5":{"type":"action","id":"5","one":"9","text":"vscode.postMessage(\n    {\n        command: 'updateDiagram',\n        diagram: diagram\n    }\n);"},"2":{"type":"branch","branchId":0,"one":"4","id":"2"},"6":{"type":"action","text":"console.log(\n    \"ДРАКОН послали апдейт схемы \",\n    JSON.stringify(diagram, null, 2)\n);","one":"1","id":"6"},"9":{"type":"action","text":"saveStateDrakon()","one":"6","id":"9"}},"version":20180619,"updated_by":"admin","type":"drakon","created_by":"admin","name":"sendUpdateToVSCode","when_updated":1751263571.1692}