{"version":20180619,"tag":"788975556","params":"generationType","when_created":1751642602.0853,"parent_id":"864f9983","props":[],"language":"LANG_JS","items":{"4":{"flag1":0,"id":"4","type":"question","text":"!DEP.activeFilename","one":"3","two":"5"},"8":{"type":"action","id":"8","one":"9","text":"output = drakongen.toTree(\n    drakonContent,\n    diagramName,\n    DEP.activeFilename,\n    lang\n);\ncommand = 'AST'"},"1":{"type":"end","id":"1"},"5":{"type":"action","id":"5","one":"1","text":"vscode.window.showErrorMessage(\n    'Нет открытого файла!'\n);"},"9":{"type":"action","text":"doc = await vscode.workspace.openTextDocument(\n    {\n        content: output,\n        language: 'plaintext'\n    }\n)","one":"10","id":"9"},"6":{"flag1":1,"id":"6","type":"question","text":"generationType === 'pseudo'","one":"7","two":"8"},"11":{"type":"action","id":"11","one":"1","text":"vscode.window.showInformationMessage(\n    command + ' успешно сгенерирован'\n)"},"3":{"type":"action","text":"fileUri = vscode.Uri.file(\n    DEP.activeFilename\n);\nfileContent = await vscode.workspace.fs.readFile(\n    fileUri\n);\ndrakonContent = new TextDecoder().decode(\n    fileContent\n);\ndiagramName = path.basename(\n    DEP.activeFilename,\n    '.drakon'\n);\nconfig = vscode.workspace.getConfiguration(\n    'Drakonwidget'\n);\nlanguageSetting = config.get(\n    'languageForPseudoCode',\n    'russian'\n);\nlang = languageSetting === 'russian' ? 'ru':\n'en';","one":"6","id":"3"},"7":{"type":"action","id":"7","one":"9","text":"output = drakongen.toPseudocode(\n    drakonContent,\n    diagramName,\n    DEP.activeFilename,\n    lang\n);\ncommand = 'Псевдокод'"},"2":{"type":"branch","branchId":0,"one":"4","id":"2"},"10":{"type":"action","text":"await vscode.window.showTextDocument(\n    doc,\n    {\n        preview: false,\n        viewColumn: vscode.ViewColumn.Beside\n    }\n)","one":"11","id":"10"}},"keywords":{"scenario":false,"async":true,"export":false,"function":true,"algoprop":false},"type":"drakon","updated_by":"admin","when_updated":1751644681.3882,"name":"generateOutputTry","created_by":"admin"}