{"version":20180619,"tag":"794757183","params":"context","when_created":1751460430.9222,"parent_id":"2b20c519","props":[],"created_by":"admin","items":{"2":{"type":"branch","branchId":0,"one":"3","id":"2"},"1":{"type":"end","id":"1"},"3":{"type":"action","id":"3","one":"1","text":"core = {}\nObject.assign(core, context)\ncore.buildDom = function () {\n    return customBuildDom(core)\n}\nreturn core"}},"type":"drakon","keywords":{"scenario":false,"async":false,"export":false,"function":true,"algoprop":false},"updated_by":"admin","language":"LANG_JS","name":"buildIconCore","when_updated":1751460451.3052}