{"keywords":{"scenario":false,"async":true,"export":false,"function":true,"algoprop":false},"tag":"927064906","params":"prim\nro","when_created":1751458024.8779,"parent_id":"2b20c519","props":[],"language":"LANG_JS","items":{"4":{"flag1":1,"id":"4","type":"question","two":"6","one":"5","text":"ro"},"8":{"flag1":1,"id":"8","type":"question","text":"newContent !== prim.secondary","one":"9","two":"1"},"1":{"type":"end","id":"1"},"5":{"type":"action","id":"5","one":"1","text":"m.widgets.largeBoxRo(\n    prim.left,\n    prim.top,\n    \"\",\n    prim.secondary\n)"},"2":{"type":"branch","branchId":0,"one":"4","id":"2"},"6":{"type":"action","id":"6","one":"7","text":"newContent = await m.widgets.largeBox(\n    prim.left,\n    prim.top,\n    \"\",\n    prim.secondary\n)"},"9":{"type":"action","id":"9","one":"1","text":"m.drakon.setSecondary(prim.id, newContent)"},"7":{"flag1":1,"id":"7","type":"question","two":"1","one":"8","text":"newContent !== undefined"}},"updated_by":"admin","version":20180619,"type":"drakon","created_by":"admin","name":"startEditSecondary","when_updated":1751507416.0666}