{"version":20180619,"tag":"172378537","params":"","when_created":1751682985.0388,"parent_id":"6bbec4ea","props":[],"created_by":"admin","items":{"4":{"flag1":1,"id":"4","type":"question","two":"1","one":"5","text":"choice"},"1":{"type":"end","id":"1"},"5":{"type":"action","text":"await config.update(\n    'languageForPseudoCode',\n    choice,\n    vscode.ConfigurationTarget.Global\n);","one":"1","id":"5"},"2":{"type":"branch","branchId":0,"one":"3","id":"2"},"3":{"type":"action","text":"config = vscode.workspace.getConfiguration(\n    'Drakonwidget'\n);\nchoice = await vscode.window.showQuickPick(\n    [\"english\", \"russian\"],\n    {placeHolder: \"Select a language\"}\n)","one":"4","id":"3"}},"keywords":{"scenario":false,"async":true,"export":false,"function":true,"algoprop":false},"updated_by":"admin","type":"drakon","language":"LANG_JS","name":"setLanguage","when_updated":1751683083.2176}