{"version":20180619,"tag":"117786576","params":"id\naction","when_created":1751423655.5257,"parent_id":"2b20c519","props":[],"language":"LANG_S42","items":{"2":{"type":"branch","branchId":0,"one":"3","id":"2"},"4":{"type":"action","id":"4","one":"1","text":"element.addEventListener(\n    \"change\",\n    action\n)"},"1":{"type":"end","id":"1"},"3":{"type":"action","text":"element = get(id)","one":"4","id":"3"}},"updated_by":"admin","keywords":{"scenario":false,"async":false,"export":false,"function":true,"algoprop":false},"type":"drakon","when_updated":1751423700.452,"name":"registerChange","created_by":"admin"}