{"version":20180619,"tag":"353343876","params":"container\nicon1\ncommand1\ntip1\nicon2\ncommand2\ntip2","when_created":1752029678.5965,"parent_id":"4039851a","props":[],"language":"LANG_JS","items":{"4":{"flag1":1,"id":"4","type":"question","text":"icon1","one":"5","two":"6"},"8":{"type":"action","id":"8","one":"1","text":"return row"},"1":{"type":"end","id":"1"},"5":{"type":"action","text":"btn1 = m.widgets.createIconButton(\n    `${extensionBaseUri}\/images\/${icon1}`,\n    command1,\n    tip1\n);\nrow.appendChild(btn1)","one":"6","id":"5"},"2":{"type":"branch","branchId":0,"one":"3","id":"2"},"6":{"flag1":1,"id":"6","type":"question","text":"icon2","one":"7","two":"8"},"7":{"type":"action","text":"btn2 = m.widgets.createIconButton(\n    `${extensionBaseUri}\/images\/${icon2}`,\n    command2,\n    tip2\n);\nrow.appendChild(btn2)","one":"8","id":"7"},"3":{"type":"action","text":"row = addRowToToolbar(container)","one":"4","id":"3"}},"keywords":{"scenario":false,"async":false,"export":false,"function":true,"algoprop":false},"type":"drakon","updated_by":"admin","when_updated":1752029775.9011,"name":"addToolbarRow","created_by":"admin"}