{"version":20180619,"tag":"326714984","params":"toolbar","when_created":1752129243.2892,"parent_id":"4039851a","props":[],"when_updated":1752132232.0663,"items":{"4":{"type":"action","text":"addToolbarRow(\n    toolbar,\n    'line.png',\n    createFreeAction('line', 'L'),\n    'Линия',\n    'arrow.png',\n    createFreeAction('arrow', 'W'),\n    'Стрелка'\n)","one":"5","id":"4"},"1":{"type":"end","id":"1"},"5":{"type":"action","id":"5","one":"6","text":"addToolbarRow(\n    toolbar,\n    'poly.png',\n    createFreeAction('polygon'),\n    'Полигон',\n    'polyline.png',\n    createFreeAction('polyline'),\n    'Ломаная'\n)"},"2":{"type":"branch","branchId":0,"one":"3","id":"2"},"6":{"type":"action","text":"addToolbarRow(\n    toolbar,\n    'f_begin.png',\n    createFreeAction('f_begin'),\n    'Мыльница (овал)',\n    'rounded.png',\n    createFreeAction('rounded'),\n    'Закругленный прямоугольник'\n)","one":"7","id":"6"},"7":{"type":"action","id":"7","one":"1","text":"addToolbarRow(\n    toolbar,\n    'ptr-left.png',\n    createFreeAction('f_ptr_left'),\n    'Левый указатель',\n    'ptr-right.png',\n    createFreeAction('f_ptr_right'),\n    'Правый указатель'\n)"},"3":{"type":"action","id":"3","one":"4","text":"addToolbarRow(\n    toolbar,\n    'rectangle.png',\n    createFreeAction('rectangle', 'A'),\n    'Прямоугольник',\n    'text.png',\n    createFreeAction('text', 'T'),\n    'Текст'\n)"}},"keywords":{"scenario":false,"async":false,"export":false,"function":true,"algoprop":false},"updated_by":"admin","type":"drakon","created_by":"admin","name":"initToolbarFree","language":"LANG_JS"}