{"version":20180619,"tag":"968167029","params":"toolbar","when_created":1751427141.3555,"parent_id":"1471a2b6","props":[],"created_by":"admin","items":{"2":{"type":"branch","branchId":0,"one":"3","id":"2"},"1":{"type":"end","id":"1"},"3":{"type":"action","id":"3","one":"1","text":"space = div()\nspace.style.height = \"5px\";\nadd(toolbar, space)"}},"type":"drakon","keywords":{"scenario":false,"async":false,"export":false,"function":true,"algoprop":false},"updated_by":"admin","language":"LANG_S42","name":"addVSpace","when_updated":1751427153.9685}