{"version":20180619,"tag":"502883350","params":"diagram\nitemId\nop\nfields","when_created":1751459903.8225,"parent_id":"2b20c519","props":[],"language":"LANG_JS","items":{"4":{"flag1":1,"id":"4","type":"question","text":"!diagram.items","one":"5","two":"9"},"8":{"one":"10","id":"8","type":"case","text":"\"insert\"","two":"7"},"1":{"type":"end","id":"1"},"5":{"type":"action","text":"diagram.items = {}","one":"9","id":"5"},"9":{"type":"select","id":"9","one":"8","text":"op"},"6":{"one":"12","id":"6","type":"case","text":"\"delete\"","two":"13"},"11":{"type":"action","id":"11","one":"1","text":"Object.assign(\n    diagram.items[itemId],\n    fields\n)"},"12":{"type":"action","id":"12","one":"1","text":"delete diagram.items[itemId]"},"7":{"one":"11","id":"7","type":"case","text":"\"update\"","two":"6"},"2":{"type":"branch","branchId":0,"one":"4","id":"2"},"10":{"type":"action","id":"10","one":"1","text":"diagram.items[itemId] = fields"},"13":{"type":"case","two":null,"one":"14","id":"13"},"14":{"type":"action","id":"14","one":"1","text":"throw new Error(\n    \"Unsupported edit operation: \" + op\n)"}},"updated_by":"admin","keywords":{"scenario":false,"async":false,"export":false,"function":true,"algoprop":false},"type":"drakon","created_by":"admin","name":"updateDiagramItem","when_updated":1751460141.8879}