{"keywords":{"scenario":false,"async":true,"export":false,"function":true,"algoprop":false},"tag":"132179697","params":"ids\noldStyle\nx\ny","when_created":1751458291.3579,"parent_id":"2b20c519","props":[],"created_by":"admin","items":{"4":{"type":"action","id":"4","one":"5","text":"newContent = await m.widgets.largeBox(\n    x,\n    y,\n    \"\",\n    old\n)"},"8":{"type":"action","text":"style = JSON.parse(newContent)","one":"9","id":"8"},"1":{"type":"end","id":"1"},"5":{"flag1":1,"id":"5","type":"question","two":"1","one":"6","text":"newContent !== undefined"},"9":{"type":"action","id":"9","one":"1","text":"m.drakon.setStyle(ids, style)"},"6":{"type":"action","text":"style = \"\"","one":"7","id":"6"},"3":{"type":"action","text":"old = JSON.stringify(oldStyle, null, 4)","one":"4","id":"3"},"7":{"flag1":1,"id":"7","type":"question","text":"newContent","one":"8","two":"9"},"2":{"type":"branch","branchId":0,"one":"3","id":"2"}},"updated_by":"admin","when_updated":1751507318.6691,"type":"drakon","version":20180619,"name":"startEditStyle","language":"LANG_JS"}