{"version":20180619,"tag":"","when_created":1751260955.4023,"parent_id":"1","items":[],"props":{"html":"<!DOCTYPE html>\n<html lang=\"en\">\n<head>\n  <meta charset=\"utf-8\"\/>\n  <meta name=\"viewport\" content=\"width=device-width,initial-scale=1\"\/>\n  <link rel=\"shortcut icon\" href=\"https:\/\/app.drakon.tech\/static\/favicon.ico\" \/>\n  <link rel=\"icon\" type=\"image\/png\" href=\"https:\/\/app.drakon.tech\/static\/favicon.png\" \/>\n  <link rel=\"stylesheet\" href=\"https:\/\/cdnjs.cloudflare.com\/ajax\/libs\/meyer-reset\/2.0\/reset.min.css\" integrity=\"sha512-NmLkDIU1C\/C88wi324HBc+S2kLhi08PN5GDeUVVVC\/BVt\/9Izdsc9SVeVfA1UZbY3sHUlDSyRXhCzHfr6hmPPw==\" crossorigin=\"anonymous\" \/>\n  <style>\n  *, *:before, *:after {\n    -webkit-box-sizing: border-box;\n    -moz-box-sizing: border-box;\n    box-sizing: border-box;\n  }\n  <\/style>\n  <title>extension<\/title>\n<\/head>\n<body>\n  <div id=\"main\"><\/div>\n  <script src=\"extension.js\"><\/script>\n  <script>\n  <\/script>\n<\/body>\n<\/html>","header":"","footer":"DrakonEditorProvider.prototype.getWebviewContent = getWebviewContent\nDrakonEditorProvider.prototype.resolveCustomTextEditor = resolveCustomTextEditor\nDrakonEditorProvider.prototype.handleDiagramUpdate = handleDiagramUpdate\nDrakonEditorProvider.prototype.showSaveDialog = showSaveDialog\nDrakonEditorProvider.prototype.saveToNewFile = saveToNewFile","dependencies":"","mformat":"MES_COMMONJS","roof":"const os = require('os');\nconst vscode = require('vscode');\nconst path = require('path');\nconst drakongen = require(\n    '..\/src\/drakongen\/src\/index.js'\n);\nconst DRAKON_EDITOR_VIEW_TYPE = 'drakonEditor';\nconst DOCUMENT_IDS_KEY = 'documentCustomIds';\n\/\/ --- Статические переменные ---\n\nconst DEP = {}\nDEP.activeFilename = '';\nDEP.isChangeView = false;\nDEP.activeWebviews = new Set();\nDEP.customTheme = null;\nDEP.outputContent = '';\nDEP.outputChannel","language":"LANG_JS"},"created_by":"admin","type":"module","updated_by":"admin","name":"extension","when_updated":1751260955.4023}