{"version":20180619,"tag":"542290488","params":"items\nvalue\ntext","when_created":1751426408.9842,"parent_id":"2b20c519","props":[],"created_by":"admin","items":{"2":{"type":"branch","branchId":0,"one":"3","id":"2"},"1":{"type":"end","id":"1"},"3":{"type":"action","id":"3","one":"1","text":"items.push(\n    {\n        text: text,\n        action: function () {\n            setZoom(value)\n        }\n    }\n)"}},"type":"drakon","keywords":{"scenario":false,"async":false,"export":false,"function":true,"algoprop":false},"updated_by":"admin","language":"LANG_S42","name":"addZooomLevel","when_updated":1751426430.7131}