{"version":20180619,"tag":"380871681","params":"document\ndiagram\nwebviewPanel","when_created":1751640501.4098,"parent_id":"e339a631","props":[],"language":"LANG_JS","items":{"2":{"type":"branch","branchId":0,"one":"3","id":"2"},"3":{"type":"action","text":"log(\n    \"handleDiagramUpdate called\",\n    {\n        documentUri: document.uri.toString(),\n        diagram: diagram\n    }\n)","one":"5","id":"3"},"1":{"type":"end","id":"1"},"5":{"type":"action","text":"try {\n    errorMessage = '';\n    currentName = path.basename(\n        document.fileName,\n        '.' + diagram.type\n    );\n    if (currentName !== diagram.name) {\n        newUri = vscode.Uri.file(\n            path.join(\n                path.dirname(\n                    document.fileName\n                ),\n                diagram.name + '.' + diagram\n                .type\n            )\n        );\n        renameError = null;\n        await vscode.workspace.fs.rename(\n            document.uri,\n            newUri,\n            {overwrite: true}\n        ). catch (\n            err => {\n                renameError = err;\n            }\n        );\n        if (renameError) {\n            errorMessage = renameError &&\n            renameError.message ? renameError\n            .message: 'Failed to rename file';\n            log(\n                \"Error renaming file\",\n                {error: errorMessage}\n            );\n            vscode.window.showErrorMessage(\n                'Could not rename file: '\n                + errorMessage\n            );\n            webviewPanel.webview.postMessage(\n                {\n                    command: 'revertFilename',\n                    filename: currentName\n                }\n            );\n            return ;\n        };\n        log(\n            \"File renamed\",\n            {\n                oldUri: document.uri.toString(),\n                newUri: newUri.toString()\n            }\n        );\n        setTimeout(\n            function () {\n                webviewPanel.dispose();\n            },\n            100\n        )\n    }\n    edit = new vscode.WorkspaceEdit();\n    delete diagram.name;\n    delete diagram.id;\n    edit.replace(\n        document.uri,\n        new vscode.Range(\n            0,\n            0,\n            document.lineCount,\n            0\n        ),\n        JSON.stringify(diagram, null, 2)\n    );\n    await vscode.workspace.applyEdit(\n        edit\n    );\n    await document.save();\n    log(\"Diagram updated and saved\");\n} catch (error) {\n    errorMessage = error && error.message\n    ? error.message: 'Failed to save diagram';\n    log(\n        \"Error saving diagram\",\n        errorMessage\n    );\n    vscode.window.showErrorMessage(\n        'Error saving diagram: ' + errorMessage\n    );\n}","one":"1","id":"5"}},"keywords":{"scenario":false,"async":true,"export":false,"function":true,"algoprop":false},"type":"drakon","updated_by":"admin","created_by":"admin","name":"handleDiagramUpdate","when_updated":1752126843.6183}