{"version":20180619,"tag":"526275885","params":"typeDiagram","when_created":1751426045.3659,"parent_id":"4039851a","props":[],"when_updated":1752129817.2705,"items":{"58":{"type":"action","id":"58","one":"10","text":"initIconPicture()"},"37":{"one":"57","id":"37","type":"case","text":"'free'","two":"36"},"1":{"type":"end","id":"1"},"54":{"type":"action","text":"initToolbarGraf(toolbar)","one":"58","id":"54"},"56":{"type":"action","text":"initToolbarDrakon(toolbar)","one":"58","id":"56"},"15":{"type":"action","text":"addToolbarRow(\n    toolbar,\n    'left-angle2.png',\n    hideToolbar,\n    'Скрыть панель',\n    'menu.png',\n    showMenu,\n    'Меню'\n)","one":"16","id":"15"},"16":{"type":"action","id":"16","one":"17","text":"addToolbarRow(\n    toolbar,\n    'zoom.png',\n    showZoom,\n    'Масштаб',\n    'description.png',\n    editDescription,\n    'Описание'\n)"},"57":{"type":"action","id":"57","one":"58","text":"initToolbarFree(toolbar)"},"39":{"type":"select","id":"39","one":"38","text":"typeDiagram"},"38":{"one":"56","id":"38","type":"case","two":"37","text":"'drakon'"},"3":{"type":"action","text":"toolbar = get(\"left-toolbar\")\ntoolbar.innerHTML = ''","one":"15","id":"3"},"17":{"type":"action","text":"addToolbarRow(\n    toolbar,\n    'undo.png',\n    undo,\n    'Отменить. Ctrl+Z',\n    'redo.png',\n    redo,\n    'Повторить. Ctrl+Y'\n)","one":"18","id":"17"},"2":{"type":"branch","branchId":0,"one":"3","id":"2"},"36":{"type":"case","text":"'graf'","one":"54","id":"36"},"10":{"type":"action","id":"10","one":"1","text":"below = div()\nbelow.style.height = \"50px\"\nadd(toolbar, below)"},"18":{"type":"action","id":"18","one":"39","text":"addVSpace(toolbar)"}},"keywords":{"scenario":false,"async":false,"export":false,"function":true,"algoprop":false},"type":"drakon","updated_by":"admin","created_by":"admin","name":"initToolbar","language":"LANG_S42"}