{"version":20180619,"tag":"67143116","params":"typeDiagram","when_created":1751426045.3659,"parent_id":"2b20c519","props":[],"when_updated":1751984066.4206,"items":{"4":{"type":"action","text":"addIconButton(\n    toolbar,\n    \"menu.png\",\n    showMenu,\n    \"Menu\"\n)\naddVSpace(toolbar)","one":"5","id":"4"},"1":{"type":"end","id":"1"},"5":{"type":"action","text":"addIconButton(\n    toolbar,\n    \"zoom.png\",\n    showZoom,\n    \"Zoom\"\n)\naddVSpace(toolbar)","one":"6","id":"5"},"6":{"type":"action","id":"6","one":"11","text":"addIconButton(\n    toolbar,\n    \"undo.png\",\n    undo,\n    \"Undo. Key: Ctrl+Z\"\n)\naddIconButton(\n    toolbar,\n    \"redo.png\",\n    redo,\n    \"Redo. Key: Ctrl+Y\"\n)\naddVSpace(toolbar)"},"11":{"flag1":1,"id":"11","type":"question","two":"10","one":"12","text":"typeDiagram === 'drakon'"},"12":{"type":"action","text":"addInsertButton(\n    toolbar,\n    \"action.png\",\n    \"action\",\n    \"Action. Key: A\",\n    \"A\"\n)\naddInsertButton(\n    toolbar,\n    \"question.png\",\n    \"question\",\n    \"Question. Key: Q\",\n    \"Q\"\n)\naddInsertButton(\n    toolbar,\n    \"select.png\",\n    \"select\",\n    \"Choice. Key: S\",\n    \"S\"\n)\naddInsertButton(\n    toolbar,\n    \"case.png\",\n    \"case\",\n    \"Case. Key: C\",\n    \"C\"\n)\naddInsertButton(\n    toolbar,\n    \"foreach.png\",\n    \"foreach\",\n    \"FOR loop. Key: L\",\n    \"L\"\n)\naddVSpace(toolbar)","one":"13","id":"12"},"3":{"type":"action","text":"toolbar = get(\"left-toolbar\")","one":"4","id":"3"},"2":{"type":"branch","branchId":0,"one":"3","id":"2"},"10":{"type":"action","id":"10","one":"1","text":"below = div()\nbelow.style.height = \"50px\"\nadd(toolbar, below)"},"13":{"type":"action","text":"addIconButton(\n    toolbar,\n    \"silhouette.png\",\n    toggleSilhouette,\n    \"Toggle silhouette\/primitive\"\n)\naddInsertButton(\n    toolbar,\n    \"branch.png\",\n    \"branch\",\n    \"Silhouette branch. Key: B\",\n    \"B\"\n)\naddVSpace(toolbar)","one":"14","id":"13"},"14":{"type":"action","text":"addInsertButton(\n    toolbar,\n    \"insertion.png\",\n    \"insertion\",\n    \"Insertion\"\n)\naddInsertButton(\n    toolbar,\n    \"comment.png\",\n    \"comment\",\n    \"Comment\"\n)\naddInsertButton(\n    toolbar,\n    \"sinput.png\",\n    \"simpleinput\",\n    \"Simple input\"\n)\naddInsertButton(\n    toolbar,\n    \"soutput.png\",\n    \"simpleoutput\",\n    \"Simple output\"\n)\naddInsertButton(\n    toolbar,\n    \"parblock.png\",\n    \"parblock\",\n    \"Concurrent processes\"\n)\naddInsertButton(\n    toolbar,\n    \"par.png\",\n    \"par\",\n    \"Add path\"\n)\naddInsertButton(\n    toolbar,\n    \"timer.png\",\n    \"timer\",\n    \"Timer\"\n)\naddInsertButton(\n    toolbar,\n    \"pause.png\",\n    \"pause\",\n    \"Pause\"\n)\naddInsertButton(\n    toolbar,\n    \"duration.png\",\n    \"duration\",\n    \"Duration\"\n)\naddInsertButton(\n    toolbar,\n    \"shelf.png\",\n    \"shelf\",\n    \"Shelf\"\n)\naddInsertButton(\n    toolbar,\n    \"process.png\",\n    \"process\",\n    \"Process\"\n)\naddInsertButton(\n    toolbar,\n    \"input.png\",\n    \"input\",\n    \"Input\"\n)\naddInsertButton(\n    toolbar,\n    \"output.png\",\n    \"output\",\n    \"Output\"\n)\naddInsertButton(\n    toolbar,\n    \"ctrl-start.png\",\n    \"ctrlstart\",\n    \"Start of control period\"\n)\naddInsertButton(\n    toolbar,\n    \"ctrl-end.png\",\n    \"ctrlend\",\n    \"End of control period\"\n)\naddIconButton(\n    toolbar,\n    \"group-duration.png\",\n    insertGroupDurationLeft,\n    \"Group duration (left)\"\n)\naddIconButton(\n    toolbar,\n    \"group-duration-r.png\",\n    insertGroupDurationRight,\n    \"Group duration (right)\"\n)","one":"10","id":"14"}},"keywords":{"scenario":false,"async":false,"export":false,"function":true,"algoprop":false},"type":"drakon","updated_by":"admin","created_by":"admin","name":"initToolbar","language":"LANG_S42"}