{"version":20180619,"tag":"154159584","params":"typeDiagram","when_created":1751426045.3659,"parent_id":"4039851a","props":[],"created_by":"admin","items":{"10":{"type":"action","id":"10","one":"1","text":"below = div()\nbelow.style.height = \"50px\"\nadd(toolbar, below)"},"21":{"type":"action","id":"21","one":"22","text":"addToolbarRow(\n    toolbar,\n    'foreach.png',\n    createInsertAction(\"foreach\", \"L\"),\n    'Цикл ПО. Key: L',\n    'shelf.png',\n    createInsertAction(\"shelf\"),\n    'Полка'\n)"},"22":{"type":"action","text":"addVSpace(toolbar)","one":"23","id":"22"},"11":{"flag1":1,"id":"11","type":"question","two":"10","one":"19","text":"typeDiagram === 'drakon'"},"23":{"type":"action","text":"addToolbarRow(\n    toolbar,\n    'silhouette.png',\n    toggleSilhouette,\n    'Переключить силуэт\/примитив',\n    'branch.png',\n    createInsertAction(\"branch\", \"B\"),\n    'Ветвь силуэта. Key: B'\n)","one":"24","id":"23"},"18":{"type":"action","text":"addVSpace(toolbar)","one":"11","id":"18"},"29":{"type":"action","text":"addToolbarRow(\n    toolbar,\n    'duration.png',\n    createInsertAction(\"duration\"),\n    'Длительность',\n    'process.png',\n    createInsertAction(\"process\"),\n    'Процесс'\n)","one":"31","id":"29"},"17":{"type":"action","text":"addToolbarRow(\n    toolbar,\n    'undo.png',\n    undo,\n    'Отменить. Ctrl+Z',\n    'redo.png',\n    redo,\n    'Повторить. Ctrl+Y'\n)","one":"18","id":"17"},"33":{"type":"action","id":"33","one":"10","text":"addToolbarRow(\n    toolbar,\n    'group-duration.png',\n    insertGroupDurationLeft,\n    'Групповая длительность (слева)',\n    'group-duration-r.png',\n    insertGroupDurationRight,\n    'Групповая длительность (справа)'\n)"},"19":{"type":"action","text":"addToolbarRow(\n    toolbar,\n    'action.png',\n    createInsertAction(\"action\", \"A\"),\n    'Действие. Key: A',\n    'question.png',\n    createInsertAction(\"question\", \"Q\"),\n    'Вопрос. Key: Q'\n)","one":"20","id":"19"},"31":{"type":"action","id":"31","one":"33","text":"addToolbarRow(\n    toolbar,\n    'ctrl-start.png',\n    createInsertAction(\"ctrlstart\"),\n    'Начало контроля',\n    'ctrl-end.png',\n    createInsertAction(\"ctrlend\"),\n    'Конец контроля'\n)"},"24":{"type":"action","text":"addVSpace(toolbar)","one":"25","id":"24"},"15":{"type":"action","text":"addToolbarRow(\n    toolbar,\n    'left-angle2.png',\n    hideToolbar,\n    'Скрыть панель',\n    'menu.png',\n    showMenu,\n    'Меню'\n)","one":"16","id":"15"},"16":{"type":"action","text":"addToolbarRow(\n    toolbar,\n    'zoom.png',\n    showZoom,\n    'Масштаб',\n    null,\n    null,\n    null\n)","one":"17","id":"16"},"35":{"type":"action","text":"addToolbarRow(\n    toolbar,\n    'output.png',\n    createInsertAction(\"output\"),\n    'Вывод',\n    'input.png',\n    createInsertAction(\"input\"),\n    'Ввод'\n)","one":"27","id":"35"},"25":{"type":"action","text":"addToolbarRow(\n    toolbar,\n    'insertion.png',\n    createInsertAction(\"insertion\"),\n    'Вставка',\n    'comment.png',\n    createInsertAction(\"comment\"),\n    'Комментарий'\n)","one":"26","id":"25"},"28":{"type":"action","text":"addToolbarRow(\n    toolbar,\n    'timer.png',\n    createInsertAction(\"timer\"),\n    'Таймер',\n    'pause.png',\n    createInsertAction(\"pause\"),\n    'Пауза'\n)","one":"29","id":"28"},"3":{"type":"action","text":"toolbar = get(\"left-toolbar\")\ntoolbar.innerHTML = ''","one":"15","id":"3"},"26":{"type":"action","id":"26","one":"35","text":"addToolbarRow(\n    toolbar,\n    'sinput.png',\n    createInsertAction(\"simpleinput\"),\n    'Простой ввод',\n    'soutput.png',\n    createInsertAction(\"simpleoutput\"),\n    'Простой вывод'\n)"},"2":{"type":"branch","branchId":0,"one":"3","id":"2"},"1":{"type":"end","id":"1"},"27":{"type":"action","text":"addToolbarRow(\n    toolbar,\n    'parblock.png',\n    createInsertAction(\"parblock\"),\n    'Параллельные процессы',\n    'par.png',\n    createInsertAction(\"par\"),\n    'Добавить путь'\n)","one":"28","id":"27"},"20":{"type":"action","text":"addToolbarRow(\n    toolbar,\n    'select.png',\n    createInsertAction(\"select\", \"S\"),\n    'Выбор. Key: S',\n    'case.png',\n    createInsertAction(\"case\", \"C\"),\n    'Вариант. Key: C'\n)","one":"21","id":"20"}},"keywords":{"scenario":false,"async":false,"export":false,"function":true,"algoprop":false},"language":"LANG_S42","updated_by":"admin","type":"drakon","name":"initToolbar","when_updated":1752032775.2794}