{"version":20180619,"tag":"578382080","params":"typeDiagram","when_created":1751426045.3659,"parent_id":"4039851a","props":[],"when_updated":1752120124.5483,"items":{"37":{"one":"10","id":"37","type":"case","two":"36","text":"'free'"},"10":{"type":"action","id":"10","one":"1","text":"below = div()\nbelow.style.height = \"50px\"\nadd(toolbar, below)"},"41":{"type":"action","text":"addToolbarRow(\n    toolbar,\n    'select.png',\n    createInsertAction(\"select\", \"S\"),\n    'Выбор. Key: S',\n    'case.png',\n    createInsertAction(\"case\", \"C\"),\n    'Вариант. Key: C'\n)","one":"42","id":"41"},"38":{"one":"40","id":"38","type":"case","text":"'drakon'","two":"37"},"55":{"type":"action","text":"addToolbarRow(\n    toolbar,\n    'comment.png',\n    createInsertAction('conclusion', 'C'),\n    'Заключение',\n    'callout.png',\n    createFreeAction('callout'),\n    'Выноска'\n);","one":"10","id":"55"},"54":{"type":"action","text":"addToolbarRow(\n    toolbar,\n    'rectangle.png',\n    createInsertAction('idea', 'A'),\n    'Идея',\n    'rounded.png',\n    createInsertAction('ridea', 'R'),\n    'Идея - скругленно'\n);","one":"55","id":"54"},"53":{"type":"action","id":"53","one":"10","text":"addToolbarRow(\n    toolbar,\n    'group-duration.png',\n    createFreeAction(\n        'group-duration-left'\n    ),\n    'Групповая длительность (слева)',\n    'group-duration-r.png',\n    createFreeAction(\n        'group-duration-right'\n    ),\n    'Групповая длительность (справа)'\n)"},"48":{"type":"action","text":"addToolbarRow(\n    toolbar,\n    'output.png',\n    createInsertAction(\"output\"),\n    'Вывод',\n    'input.png',\n    createInsertAction(\"input\"),\n    'Ввод'\n)","one":"49","id":"48"},"18":{"type":"action","id":"18","one":"39","text":"addVSpace(toolbar)"},"52":{"type":"action","id":"52","one":"53","text":"addToolbarRow(\n    toolbar,\n    'ctrl-start.png',\n    createInsertAction(\"ctrlstart\"),\n    'Начало контроля',\n    'ctrl-end.png',\n    createInsertAction(\"ctrlend\"),\n    'Конец контроля'\n)"},"44":{"type":"action","text":"addToolbarRow(\n    toolbar,\n    'silhouette.png',\n    toggleSilhouette,\n    'Переключить силуэт\/примитив',\n    'branch.png',\n    createInsertAction(\"branch\", \"B\"),\n    'Ветвь силуэта. Key: B'\n)","one":"45","id":"44"},"43":{"type":"action","text":"addVSpace(toolbar)","one":"44","id":"43"},"51":{"type":"action","text":"addToolbarRow(\n    toolbar,\n    'duration.png',\n    createInsertAction(\"duration\"),\n    'Длительность',\n    'process.png',\n    createInsertAction(\"process\"),\n    'Процесс'\n)","one":"52","id":"51"},"50":{"type":"action","text":"addToolbarRow(\n    toolbar,\n    'timer.png',\n    createInsertAction(\"timer\"),\n    'Таймер',\n    'pause.png',\n    createInsertAction(\"pause\"),\n    'Пауза'\n)","one":"51","id":"50"},"1":{"type":"end","id":"1"},"49":{"type":"action","text":"addToolbarRow(\n    toolbar,\n    'parblock.png',\n    createInsertAction(\"parblock\"),\n    'Параллельные процессы',\n    'par.png',\n    createInsertAction(\"par\"),\n    'Добавить путь'\n)","one":"50","id":"49"},"47":{"type":"action","text":"addToolbarRow(\n    toolbar,\n    'sinput.png',\n    createInsertAction(\"simpleinput\"),\n    'Простой ввод',\n    'soutput.png',\n    createInsertAction(\"simpleoutput\"),\n    'Простой вывод'\n)","one":"48","id":"47"},"15":{"type":"action","text":"addToolbarRow(\n    toolbar,\n    'left-angle2.png',\n    hideToolbar,\n    'Скрыть панель',\n    'menu.png',\n    showMenu,\n    'Меню'\n)","one":"16","id":"15"},"16":{"type":"action","id":"16","one":"17","text":"addToolbarRow(\n    toolbar,\n    'zoom.png',\n    showZoom,\n    'Масштаб',\n    'description.png',\n    editDescription,\n    'Описание'\n)"},"36":{"type":"case","text":"'graf'","one":"54","id":"36"},"45":{"type":"action","text":"addVSpace(toolbar)","one":"46","id":"45"},"46":{"type":"action","text":"addToolbarRow(\n    toolbar,\n    'insertion.png',\n    createInsertAction(\"insertion\"),\n    'Вставка',\n    'comment.png',\n    createInsertAction(\"comment\"),\n    'Комментарий'\n)","one":"47","id":"46"},"3":{"type":"action","text":"toolbar = get(\"left-toolbar\")\ntoolbar.innerHTML = ''","one":"15","id":"3"},"17":{"type":"action","text":"addToolbarRow(\n    toolbar,\n    'undo.png',\n    undo,\n    'Отменить. Ctrl+Z',\n    'redo.png',\n    redo,\n    'Повторить. Ctrl+Y'\n)","one":"18","id":"17"},"2":{"type":"branch","branchId":0,"one":"3","id":"2"},"39":{"type":"select","id":"39","one":"38","text":"typeDiagram"},"40":{"type":"action","text":"addToolbarRow(\n    toolbar,\n    'action.png',\n    createInsertAction(\"action\", \"A\"),\n    'Действие. Key: A',\n    'question.png',\n    createInsertAction(\"question\", \"Q\"),\n    'Вопрос. Key: Q'\n)","one":"41","id":"40"},"42":{"type":"action","text":"addToolbarRow(\n    toolbar,\n    'foreach.png',\n    createInsertAction(\"foreach\", \"L\"),\n    'Цикл ПО. Key: L',\n    'shelf.png',\n    createInsertAction(\"shelf\"),\n    'Полка'\n)","one":"43","id":"42"}},"keywords":{"scenario":false,"async":false,"export":false,"function":true,"algoprop":false},"type":"drakon","updated_by":"admin","created_by":"admin","name":"initToolbar","language":"LANG_S42"}