{"version":20180619,"tag":"66571392","when_created":1751455469.7632,"parent_id":"2b20c519","props":[],"items":{"4":{"type":"action","text":"list = undefined","one":"5","id":"4"},"1":{"type":"end","id":"1"},"5":{"flag1":1,"id":"5","type":"question","text":"listStr","one":"6","two":"7"},"2":{"type":"branch","branchId":0,"one":"3","id":"2"},"6":{"type":"action","text":"try {\n    list = JSON.parse(listStr)\n} catch (ex) {}","one":"7","id":"6"},"7":{"type":"action","id":"7","one":"1","text":"return list"},"3":{"type":"action","text":"listStr = isolatedStorage.getItem(\n    \"diagram-list\"\n)","one":"4","id":"3"}},"created_by":"admin","language":"LANG_S42","type":"drakon","updated_by":"admin","name":"getDiagramList","when_updated":1751455526.7398}