{"version":20180619,"tag":"298000206","params":"text\ncontainer","when_created":1751460892.2034,"parent_id":"2b20c519","props":[],"created_by":"admin","items":{"4":{"flag1":1,"id":"4","type":"question","two":"1","one":"5","text":"text"},"8":{"type":"action","id":"8","one":"6","text":"element = parseParagraph(line)\nadd(container, element)"},"1":{"type":"end","id":"1"},"5":{"type":"action","text":"lines = text.split(\"\\n\")","one":"7","id":"5"},"2":{"type":"branch","branchId":0,"one":"4","id":"2"},"6":{"type":"loopend","text":"","one":"1","id":"6"},"7":{"type":"loopbegin","text":"line; lines","one":"8","id":"7"}},"type":"drakon","keywords":{"scenario":false,"async":false,"export":false,"function":true,"algoprop":false},"updated_by":"admin","language":"LANG_JS","name":"parseHomeMadeMarkdown","when_updated":1751460963.1381}