{"version":20180619,"tag":"976884700","params":"className","when_created":1751427162.4687,"parent_id":"2b20c519","props":[],"created_by":"admin","items":{"4":{"flag1":1,"id":"4","type":"question","text":"className","one":"5","two":"7"},"1":{"type":"end","id":"1"},"5":{"type":"action","text":"element.className = className","one":"7","id":"5"},"2":{"type":"branch","branchId":0,"one":"3","id":"2"},"7":{"type":"action","id":"7","one":"1","text":"return element"},"3":{"type":"action","text":"element = document.createElement(\"div\")","one":"4","id":"3"}},"type":"drakon","keywords":{"scenario":false,"async":false,"export":false,"function":true,"algoprop":false},"updated_by":"admin","language":"LANG_S42","name":"div","when_updated":1751427207.0959}