{"version":20180619,"tag":"463176247","params":"context","when_created":1751605428.1312,"parent_id":"864f9983","props":[],"created_by":"admin","items":{"4":{"type":"action","id":"4","one":"6","text":"context.subscriptions.push(\n    vscode.window.registerCustomEditorProvider(\n        DRAKON_EDITOR_VIEW_TYPE,\n        provider,\n        {\n            supportsMultipleEditorsPerDocument:\n            false\n        }\n    )\n)"},"1":{"type":"end","id":"1"},"6":{"type":"action","id":"6","one":"16","text":"exports.provider = provider"},"2":{"type":"branch","branchId":0,"one":"3","id":"2"},"15":{"type":"action","id":"15","one":"1","text":"updateThemeForAllPanels()"},"16":{"type":"action","id":"16","one":"15","text":"registerCommands(context)"},"3":{"type":"action","id":"3","one":"4","text":"provider = new DrakonEditorProvider(\n    context\n)"}},"keywords":{"scenario":false,"async":false,"export":true,"function":true,"algoprop":false},"when_updated":1751684671.1759,"updated_by":"admin","type":"drakon","name":"activate","language":"LANG_JS"}