{"version":20180619,"tag":"396225855","params":"","when_created":1751684176.7656,"parent_id":"6bbec4ea","props":[],"language":"LANG_JS","items":{"2":{"type":"branch","branchId":0,"one":"3","id":"2"},"1":{"type":"end","id":"1"},"3":{"type":"action","id":"3","one":"1","text":"uris = await vscode.window.showOpenDialog(\n    {\n        filters: {\n            'Diagrams': [\n                'drakon',\n                'free',\n                'graf'\n            ]\n        }\n    }\n);\nif (uris && uris[0]) {\n    await vscode.commands.executeCommand(\n        'vscode.openWith',\n        uris[0],\n        DRAKON_EDITOR_VIEW_TYPE\n    );\n}"}},"keywords":{"scenario":false,"async":true,"export":false,"function":true,"algoprop":false},"created_by":"admin","updated_by":"admin","type":"drakon","name":"openFile","when_updated":1751689975.8819}