{"version":20180619,"tag":"173006727","params":"theme","when_created":1751642289.257,"parent_id":"e339a631","props":[],"language":"LANG_JS","items":{"2":{"type":"branch","branchId":0,"one":"3","id":"2"},"1":{"type":"end","id":"1"},"3":{"type":"action","text":"DEP.customTheme = theme;\nupdateThemeForAllPanels()","one":"1","id":"3"}},"keywords":{"scenario":false,"async":false,"export":false,"function":true,"algoprop":false},"type":"drakon","updated_by":"admin","created_by":"admin","name":"setCustomTheme","when_updated":1751642342.9754}