{"version":20180619,"tag":"644953942","params":"doc\ncontext","when_created":1751639194.3171,"parent_id":"e339a631","props":[],"when_updated":1751639467.5941,"items":{"4":{"flag1":1,"id":"4","type":"question","text":"!ids[doc.uri.toString()]","one":"5","two":"7"},"1":{"type":"end","id":"1"},"5":{"type":"action","text":"ids[doc.uri.toString()] = 'drakon-' + hashString(\n    doc.uri.toString()\n)","one":"6","id":"5"},"2":{"type":"branch","branchId":0,"one":"3","id":"2"},"6":{"type":"action","text":"await context.globalState.update(\n    DOCUMENT_IDS_KEY,\n    ids\n)","one":"7","id":"6"},"7":{"type":"action","id":"7","one":"1","text":"return ids[doc.uri.toString()]"},"3":{"type":"action","text":"ids = context.globalState.get(\n    DOCUMENT_IDS_KEY\n) || {}","one":"4","id":"3"}},"keywords":{"scenario":false,"async":true,"export":false,"function":true,"algoprop":false},"updated_by":"admin","type":"drakon","created_by":"admin","name":"getDocumentId","language":"LANG_JS"}