{"keywords":{"scenario":false,"async":false,"export":false,"function":true,"algoprop":false},"tag":"315389357","params":"core","when_created":1751460697.0816,"parent_id":"2b20c519","props":[],"language":"LANG_JS","items":{"4":{"flag1":1,"id":"4","type":"question","text":"core.type === \"action\"","one":"6","two":"5"},"8":{"type":"action","text":"parseHomeMadeMarkdown(\n    core.content,\n    container\n)","one":"9","id":"8"},"1":{"type":"end","id":"1"},"5":{"type":"action","text":"return undefined","one":"1","id":"5"},"9":{"flag1":1,"id":"9","type":"question","two":"1","one":"10","text":"core.link"},"6":{"type":"action","text":"paddingTop = core.config.padding + \"px\"\npaddingBottom = core.config.padding + \"px\"\npaddingLeft = core.config.padding + \"px\"\npaddingRight = core.config.padding + \"px\"\ncolor = getThemeValue(core, \"color\")\ntextAlign = getThemeValue(\n    core,\n    \"textAlign\"\n)\ntextAlign = textAlign || \"left\"\nfont = getThemeValue(core, \"font\")\nfont = font || core.config.font","one":"7","id":"6"},"11":{"type":"action","id":"11","one":"1","text":"return container"},"7":{"type":"action","text":"container = div(\"icon-container\")\ncontainer.style.display = \"inline-block\"\ncontainer.style.position = \"absolute\"\ncontainer.style.left = \"0px\"\ncontainer.style.top = \"0px\"\ncontainer.style.paddingLeft = paddingLeft\ncontainer.style.paddingTop = paddingTop\ncontainer.style.paddingRight = paddingRight\ncontainer.style.paddingBottom = paddingBottom\ncontainer.style.color = color\ncontainer.style.font = font\ncontainer.style.textAlign = textAlign\ncontainer.style.minWidth = core.config.minWidth\n+ \"px\"\ncontainer.style.maxWidth = core.config.maxWidth\n+ \"px\"\ncontainer.style.lineHeight = core.config.lineHeight\n* 100 + \"%\"","one":"8","id":"7"},"2":{"type":"branch","branchId":0,"one":"4","id":"2"},"10":{"type":"action","text":"ontainer.style.paddingLeft = core.config.padding\n* 2 + m.iconSize + \"px\"\nicon = document.createElement(\"img\")\nicon.src = extensionBaseUri + \"\/images\/link.png\"\nicon.style.width = m.iconSize + \"px\"\nicon.style.height = m.iconSize + \"px\"\nicon.style.display = \"inline-block\"\nicon.style.position = \"absolute\"\nicon.style.verticalAlign = \"middle\"\nicon.style.left = core.config.padding + \"px\"\nicon.style.top = \"50%\"\nicon.style.transform = \"translateY(-50%)\"\nadd(container, icon)","one":"11","id":"10"}},"updated_by":"admin","version":20180619,"type":"drakon","created_by":"admin","name":"customBuildDom","when_updated":1751507708.2882}