{"version":20180619,"tag":"","when_created":1752029874.9912,"parent_id":"4039851a","props":[],"items":{"4":{"type":"action","id":"4","one":"5","text":"editor = get('editor-area');\neditor.style.left = '0px';\neditor.style.width = '100%'"},"1":{"type":"end","id":"1"},"5":{"flag1":1,"id":"5","type":"question","text":"m.drakon","one":"6","two":"1"},"2":{"type":"branch","branchId":0,"one":"3","id":"2"},"6":{"type":"action","text":"onResize()","one":"1","id":"6"},"3":{"type":"action","id":"3","one":"4","text":"get('left-toolbar').style.display = 'none';\nget('show-toolbar-button').style.display\n= 'block'"}},"when_updated":1752029874.9912,"created_by":"admin","type":"drakon","updated_by":"admin","name":"hideToolbar","language":"LANG_JS"}