{"version":20180619,"tag":"955985344","when_created":1752029786.9194,"parent_id":"4039851a","props":[],"items":{"4":{"type":"action","id":"4","one":"5","text":"editor = get('editor-area');\neditor.style.left = '90px';\neditor.style.width = 'calc(100% - 90px)'"},"1":{"type":"end","id":"1"},"5":{"flag1":1,"id":"5","type":"question","two":"1","one":"6","text":"m.drakon"},"2":{"type":"branch","branchId":0,"one":"3","id":"2"},"6":{"type":"action","id":"6","one":"1","text":"onResize()"},"3":{"type":"action","id":"3","one":"4","text":"get('left-toolbar').style.display = 'block';\nget('show-toolbar-button').style.display\n= 'none'"}},"language":"LANG_JS","when_updated":1752029927.46,"updated_by":"admin","type":"drakon","name":"showToolbar","created_by":"admin"}