{"version":20180619,"tag":"764465676","when_created":1752030805.6641,"parent_id":"4039851a","props":[],"items":{"2":{"type":"branch","branchId":0,"one":"3","id":"2"},"1":{"type":"end","id":"1"},"3":{"type":"action","id":"3","one":"1","text":"showToolbarButton = m.widgets.createIconButton(\n    `${extensionBaseUri}\/images\/right-angle2.png`,\n    showToolbar,\n    'Показать панель'\n);\nshowToolbarButton.id = 'show-toolbar-button';\n\/\/ Give it an ID to be found later\n\nshowToolbarButton.style.position = 'absolute';\nshowToolbarButton.style.left = '5px';\nshowToolbarButton.style.top = '5px';\nshowToolbarButton.style.display = 'none';\n\/\/ Initially hidden\n\nshowToolbarButton.style.zIndex = '1000';\ndocument.body.appendChild(\n    showToolbarButton\n)"}},"when_updated":1752030855.0567,"created_by":"admin","type":"drakon","updated_by":"admin","name":"initButtonShow","language":"LANG_JS"}