{"keywords":{"scenario":false,"async":false,"export":false,"function":true,"algoprop":false},"tag":"772863787","params":"ign\nevt","when_created":1751426337.6654,"parent_id":"2b20c519","props":[],"language":"LANG_S42","items":{"4":{"type":"action","text":"addZooomLevel(items, \"2500\", \"25%\")\naddZooomLevel(items, \"5000\", \"50%\")\naddZooomLevel(items, \"6667\", \"66.667%\")\nitems.push({type: \"separator\"})\naddZooomLevel(items, \"10000\", \"100%\")\nitems.push({type: \"separator\"})\naddZooomLevel(items, \"11000\", \"110%\")\naddZooomLevel(items, \"12000\", \"120%\")\naddZooomLevel(items, \"15000\", \"150%\")\naddZooomLevel(items, \"20000\", \"200%\")\naddZooomLevel(items, \"40000\", \"400%\")","one":"5","id":"4"},"1":{"type":"end","id":"1"},"5":{"type":"action","text":"m.widgets.showContextMenu(\n    evt.clientX,\n    evt.clientY,\n    items\n)","one":"1","id":"5"},"2":{"type":"branch","branchId":0,"one":"3","id":"2"},"3":{"type":"action","text":"items = []","one":"4","id":"3"}},"type":"drakon","created_by":"admin","updated_by":"admin","version":20180619,"name":"showZoom","when_updated":1751507306.7075}