{"version":20180619,"tag":"165283193","params":"context","when_created":1751684369.0114,"parent_id":"6bbec4ea","props":[],"when_updated":1751684658.1244,"items":{"4":{"type":"action","text":"context.subscriptions.push(\n    vscode.commands.registerCommand(\n        'drakon.setLanguage',\n        setLanguage\n    )\n)","one":"5","id":"4"},"8":{"type":"action","text":"context.subscriptions.push(\n    vscode.commands.registerCommand(\n        'drakon.openFile',\n        openFile\n    )\n)","one":"9","id":"8"},"10":{"type":"action","id":"10","one":"1","text":"context.subscriptions.push(\n    vscode.window.onDidChangeActiveColorTheme(\n        function () {\n            if (!hasCustomTheme()) {\n                updateThemeForAllPanels();\n            }\n        }\n    )\n)"},"5":{"type":"action","text":"context.subscriptions.push(\n    vscode.commands.registerCommand(\n        'drakon.genPseudo',\n        async function () {\n            await generateOutput(\n                'pseudo'\n            );\n        }\n    )\n)","one":"6","id":"5"},"9":{"type":"action","text":"context.subscriptions.push(\n    vscode.commands.registerCommand(\n        'drakon.theme.light',\n        function () {\n            setCustomTheme(\n                'drakon-light'\n            );\n            vscode.window.showInformationMessage(\n                'DRAKON: Light theme activated'\n            );\n        }\n    ),\n    vscode.commands.registerCommand(\n        'drakon.theme.dark',\n        function () {\n            setCustomTheme('drakon-dark');\n            vscode.window.showInformationMessage(\n                'DRAKON: Dark theme activated'\n            );\n        }\n    ),\n    vscode.commands.registerCommand(\n        'drakon.theme.reset',\n        function () {\n            setCustomTheme(null);\n            vscode.window.showInformationMessage(\n                'DRAKON: Theme reset to VS Code default'\n            );\n        }\n    )\n)","one":"10","id":"9"},"6":{"type":"action","text":"context.subscriptions.push(\n    vscode.commands.registerCommand(\n        'drakon.generateAST',\n        async function () {\n            await generateOutput('ast');\n        }\n    )\n)","one":"7","id":"6"},"3":{"type":"action","text":"context.subscriptions.push(\n    vscode.commands.registerCommand(\n        'drakon.newDiagram',\n        newDiagram\n    )\n)","one":"4","id":"3"},"7":{"type":"action","text":"context.subscriptions.push(\n    vscode.commands.registerCommand(\n        'drakon.generateDrakon',\n        async function () {\n            await generateDrakon();\n        }\n    )\n)","one":"8","id":"7"},"2":{"type":"branch","branchId":0,"one":"3","id":"2"},"1":{"type":"end","id":"1"}},"keywords":{"scenario":false,"async":false,"export":false,"function":true,"algoprop":false},"created_by":"admin","updated_by":"admin","type":"drakon","name":"registerCommands","language":"LANG_JS"}