{"version":20180619,"tag":"325735273","params":"","when_created":1751643604.8248,"parent_id":"864f9983","props":[],"language":"LANG_JS","items":{"2":{"type":"branch","branchId":0,"one":"3","id":"2"},"1":{"type":"end","id":"1"},"3":{"type":"action","id":"3","one":"1","text":"try {\n    await generateDrakonTry()\n} catch (error) {\n    vscode.window.showErrorMessage(\n        'Error during DRAKON generation: '\n        + (\n            error && error.message ? error\n            .message: error\n        )\n    )\n}"}},"keywords":{"scenario":false,"async":true,"export":false,"function":true,"algoprop":false},"created_by":"admin","updated_by":"admin","type":"drakon","name":"generateDrakon","when_updated":1751643942.4562}