{"version":20180619,"tag":"17521297964145","params":"toolbar","when_created":1752128820.9198,"parent_id":"4039851a","props":[],"language":"LANG_JS","items":{"4":{"type":"action","text":"addToolbarRow(\n    toolbar,\n    'select.png',\n    createInsertAction(\"select\", \"S\"),\n    'Выбор. Key: S',\n    'case.png',\n    createInsertAction(\"case\", \"C\"),\n    'Вариант. Key: C'\n)","one":"5","id":"4"},"8":{"type":"action","id":"8","one":"9","text":"addVSpace(toolbar)"},"1":{"type":"end","id":"1"},"5":{"type":"action","text":"addToolbarRow(\n    toolbar,\n    'foreach.png',\n    createInsertAction(\"foreach\", \"L\"),\n    'Цикл ПО. Key: L',\n    'shelf.png',\n    createInsertAction(\"shelf\"),\n    'Полка'\n)","one":"6","id":"5"},"9":{"type":"action","text":"addToolbarRow(\n    toolbar,\n    'insertion.png',\n    createInsertAction(\"insertion\"),\n    'Вставка',\n    'comment.png',\n    createInsertAction(\"comment\"),\n    'Комментарий'\n)","one":"10","id":"9"},"15":{"type":"action","text":"addToolbarRow(\n    toolbar,\n    'ctrl-start.png',\n    createInsertAction(\"ctrlstart\"),\n    'Начало контроля',\n    'ctrl-end.png',\n    createInsertAction(\"ctrlend\"),\n    'Конец контроля'\n)","one":"16","id":"15"},"16":{"type":"action","id":"16","one":"1","text":"addToolbarRow(\n    toolbar,\n    'group-duration.png',\n    createFreeAction(\n        'group-duration-left'\n    ),\n    'Групповая длительность (слева)',\n    'group-duration-r.png',\n    createFreeAction(\n        'group-duration-right'\n    ),\n    'Групповая длительность (справа)'\n)"},"6":{"type":"action","text":"addVSpace(toolbar)","one":"7","id":"6"},"11":{"type":"action","text":"addToolbarRow(\n    toolbar,\n    'output.png',\n    createInsertAction(\"output\"),\n    'Вывод',\n    'input.png',\n    createInsertAction(\"input\"),\n    'Ввод'\n)","one":"12","id":"11"},"12":{"type":"action","text":"addToolbarRow(\n    toolbar,\n    'parblock.png',\n    createInsertAction(\"parblock\"),\n    'Параллельные процессы',\n    'par.png',\n    createInsertAction(\"par\"),\n    'Добавить путь'\n)","one":"13","id":"12"},"3":{"type":"action","text":"addToolbarRow(\n    toolbar,\n    'action.png',\n    createInsertAction(\"action\", \"A\"),\n    'Действие. Key: A',\n    'question.png',\n    createInsertAction(\"question\", \"Q\"),\n    'Вопрос. Key: Q'\n)","one":"4","id":"3"},"7":{"type":"action","text":"addToolbarRow(\n    toolbar,\n    'silhouette.png',\n    toggleSilhouette,\n    'Переключить силуэт\/примитив',\n    'branch.png',\n    createInsertAction(\"branch\", \"B\"),\n    'Ветвь силуэта. Key: B'\n)","one":"8","id":"7"},"2":{"type":"branch","branchId":0,"one":"3","id":"2"},"10":{"type":"action","text":"addToolbarRow(\n    toolbar,\n    'sinput.png',\n    createInsertAction(\"simpleinput\"),\n    'Простой ввод',\n    'soutput.png',\n    createInsertAction(\"simpleoutput\"),\n    'Простой вывод'\n)","one":"11","id":"10"},"13":{"type":"action","text":"addToolbarRow(\n    toolbar,\n    'timer.png',\n    createInsertAction(\"timer\"),\n    'Таймер',\n    'pause.png',\n    createInsertAction(\"pause\"),\n    'Пауза'\n)","one":"14","id":"13"},"14":{"type":"action","text":"addToolbarRow(\n    toolbar,\n    'duration.png',\n    createInsertAction(\"duration\"),\n    'Длительность',\n    'process.png',\n    createInsertAction(\"process\"),\n    'Процесс'\n)","one":"15","id":"14"}},"keywords":{"scenario":false,"async":false,"export":false,"function":true,"algoprop":false},"updated_by":"admin","type":"drakon","when_updated":1752129796.4145,"name":"initToolbarDrakon","created_by":"admin"}