{"version":20180619,"tag":"311956912","params":"","when_created":1751681184.7612,"parent_id":"6bbec4ea","props":[],"created_by":"admin","items":{"4":{"flag1":1,"id":"4","type":"question","text":"uri","one":"5","two":"1"},"1":{"type":"end","id":"1"},"5":{"type":"action","text":"emptyDiagram = {\n    type: \"drakon\",\n    items: {}\n};\nawait exports.provider.saveToNewFile(\n    uri,\n    emptyDiagram\n);\nawait vscode.commands.executeCommand(\n    'vscode.openWith',\n    uri,\n    DRAKON_EDITOR_VIEW_TYPE\n)","one":"1","id":"5"},"2":{"type":"branch","branchId":0,"one":"3","id":"2"},"3":{"type":"action","id":"3","one":"4","text":"defaultName = 'НоваяСхема_' + getCurrentDateTimeString();\nuri = await exports.provider.showSaveDialog(\n    defaultName\n)"}},"keywords":{"scenario":false,"async":true,"export":false,"function":true,"algoprop":false},"updated_by":"admin","type":"drakon","language":"LANG_JS","name":"newDiagram","when_updated":1751684011.9424}