{"version":20180619,"tag":"791552084","params":"","when_created":1751681184.7612,"parent_id":"6bbec4ea","props":[],"created_by":"admin","items":{"4":{"flag1":1,"id":"4","type":"question","text":"uri","one":"5","two":"1"},"1":{"type":"end","id":"1"},"5":{"type":"action","id":"5","one":"1","text":"emptyDiagram = {type: type, items: {}};\nawait exports.provider.saveToNewFile(\n    uri,\n    emptyDiagram\n);\nawait vscode.commands.executeCommand(\n    'vscode.openWith',\n    uri,\n    DRAKON_EDITOR_VIEW_TYPE\n)"},"2":{"type":"branch","branchId":0,"one":"6","id":"2"},"6":{"type":"action","id":"6","one":"7","text":"type = await vscode.window.showQuickPick(\n    ['drakon', 'graf', 'free'],\n    {\n        placeHolder: 'Выберите тип диаграммы'\n    }\n)"},"7":{"flag1":1,"id":"7","type":"question","two":"1","one":"3","text":"type"},"3":{"type":"action","text":"defaultName = 'НоваяСхема_' + getCurrentDateTimeString();\nuri = await exports.provider.showSaveDialog(\n    defaultName,\n    type\n)","one":"4","id":"3"}},"keywords":{"scenario":false,"async":true,"export":false,"function":true,"algoprop":false},"updated_by":"admin","type":"drakon","language":"LANG_JS","name":"newDiagram","when_updated":1752131227.4526}