{"keywords":{"scenario":false,"async":false,"export":false,"function":true,"algoprop":false},"tag":"333218819","params":"x\ny\nitems\noptions","when_created":1751459563.8504,"parent_id":"2b20c519","props":[],"when_updated":1751507296.1434,"items":{"2":{"type":"branch","branchId":0,"one":"3","id":"2"},"1":{"type":"end","id":"1"},"3":{"type":"action","text":"items.forEach(addIconPath)\nm.widgets.showContextMenu(\n    x,\n    y,\n    items,\n    options\n)","one":"1","id":"3"}},"type":"drakon","language":"LANG_JS","updated_by":"admin","version":20180619,"name":"showContextMenu","created_by":"admin"}