{"version":20180619,"tag":"466224464","when_created":1751459476.9486,"parent_id":"2b20c519","props":[],"items":{"4":{"type":"action","id":"4","one":"5","text":"config.startEditContent = startEditContent\nconfig.startEditSecondary = startEditSecondary\nconfig.startEditLink = startEditLink\nconfig.startEditStyle = startEditStyle\nconfig.startEditDiagramStyle = startEditDiagramStyle\nconfig.showContextMenu = showContextMenu\nconfig.onItemClick = onItemClick\nconfig.buildIconCore = buildIconCore\nconfig.getCursorForItem = getCursorForItem\nconfig.translate = tr\nconfig.drawZones = false\nconfig.canSelect = canSelect\nconfig.canvasIcons = false\nconfig.centerContent = false\nconfig.textFormat = \"plain\""},"1":{"type":"end","id":"1"},"5":{"type":"action","id":"5","one":"1","text":"return config"},"2":{"type":"branch","branchId":0,"one":"3","id":"2"},"3":{"type":"action","id":"3","one":"4","text":"canSelect = (\n    m.currentMode !== \"no-select\"\n);\ncurrentTheme = localStorage.getItem(\n    \"current-theme\"\n)\nconfig = JSON.parse(\n    localStorage.getItem(currentTheme)\n)"}},"when_updated":1751507627.4621,"created_by":"admin","type":"drakon","updated_by":"admin","name":"buildConfig","language":"LANG_JS"}