{"version":20180619,"tag":"853050167","params":"container","when_created":1752029626.7892,"parent_id":"4039851a","props":[],"language":"LANG_JS","items":{"2":{"type":"branch","branchId":0,"one":"3","id":"2"},"1":{"type":"end","id":"1"},"3":{"type":"action","text":"row = document.createElement('div');\nrow.className = 'toolbar-row';\ncontainer.appendChild(row);\nreturn row","one":"1","id":"3"}},"keywords":{"scenario":false,"async":false,"export":false,"function":true,"algoprop":false},"type":"drakon","updated_by":"admin","created_by":"admin","name":"addRowToToolbar","when_updated":1752029659.7415}