{"version":20180619,"tag":"414437257","params":"id\naction","when_created":1751423715.5721,"parent_id":"2b20c519","props":[],"created_by":"admin","items":{"2":{"type":"branch","branchId":0,"one":"3","id":"2"},"4":{"type":"action","id":"4","one":"1","text":"element.addEventListener(\"click\", action)"},"1":{"type":"end","id":"1"},"3":{"type":"action","id":"3","one":"4","text":"element = get(id)"}},"updated_by":"admin","keywords":{"scenario":false,"async":false,"export":false,"function":true,"algoprop":false},"type":"drakon","when_updated":1751423743.5977,"name":"registerClick","language":"LANG_S42"}