{"version":20180619,"tag":"","params":"prim\npos","when_created":1751457430.2674,"parent_id":"2b20c519","props":[],"when_updated":1751457430.2674,"items":{"4":{"flag1":1,"id":"4","type":"question","two":"9","one":"5","text":"pos.x > left"},"8":{"type":"action","text":"return true","one":"1","id":"8"},"1":{"type":"end","id":"1"},"5":{"flag1":1,"id":"5","type":"question","two":"9","one":"6","text":"pos.x < right"},"9":{"type":"action","text":"return false","one":"1","id":"9"},"6":{"flag1":1,"id":"6","type":"question","two":"9","one":"7","text":"pos.y > top"},"3":{"type":"action","id":"3","one":"4","text":"padding = 10\nleft = prim.diagramLeft + padding * 2\ntop = prim.diagramTop + padding\nright = prim.diagramLeft + prim.diagramWidth\n- padding * 2\nbottom = prim.diagramTop + prim.diagramHeight\n- padding"},"7":{"flag1":1,"id":"7","type":"question","two":"9","one":"8","text":"pos.y < bottom"},"2":{"type":"branch","branchId":0,"one":"3","id":"2"}},"type":"drakon","keywords":{"scenario":false,"async":false,"export":false,"function":true,"algoprop":false},"updated_by":"admin","language":"LANG_S42","name":"onInsertionHotspot","created_by":"admin"}