{"version":20180619,"tag":"488507855","params":"type\nshortcut","when_created":1752030195.9537,"parent_id":"4039851a","props":[],"language":"LANG_JS","items":{"4":{"flag1":1,"id":"4","type":"question","text":"shortcut","one":"5","two":"6"},"1":{"type":"end","id":"1"},"5":{"type":"action","text":"Mousetrap.bind(\n    shortcut.toLowerCase(),\n    action,\n    \"keydown\"\n)","one":"6","id":"5"},"2":{"type":"branch","branchId":0,"one":"3","id":"2"},"6":{"type":"action","id":"6","one":"1","text":"return action"},"3":{"type":"action","text":"action = function () {\n    insertFree(type)\n}","one":"4","id":"3"}},"keywords":{"scenario":false,"async":false,"export":false,"function":true,"algoprop":false},"type":"drakon","updated_by":"admin","created_by":"admin","name":"createFreeAction","when_updated":1752119921.8857}