{"version":20180619,"tag":"111452922","params":"document\nwebviewPanel","when_created":1751608849.0967,"parent_id":"e339a631","props":[],"language":"LANG_JS","items":{"4":{"type":"action","id":"4","one":"5","text":"fileName = fileName = document.fileName;\nfileNameWithoutExtension = path.basename(\n    fileName,\n    path.extname(fileName)\n)"},"8":{"type":"action","text":"resourcesUri = webviewPanel.webview.asWebviewUri(\n    vscode.Uri.joinPath(\n        this.context.extensionUri,\n        'src\/drakonwidget'\n    )\n)","one":"9","id":"8"},"1":{"type":"end","id":"1"},"5":{"type":"action","id":"5","one":"13","text":"try {\n    content = document.getText();\n    diagram = content ? JSON.parse(\n        content\n    ): {type: \"drakon\", items: {}};\n    diagram.name = fileNameWithoutExtension;\n    diagram.id = fileName;\n    webviewPanel.webview.postMessage(\n        {\n            command: 'loadDiagram',\n            diagram: diagram\n        }\n    );\n    log(\"Diagram loaded\", diagram);\n} catch (error) {\n    log(\"Error loading diagram\", error);\n    vscode.window.showErrorMessage(\n        'Error loading diagram: ' + error\n    );\n}"},"9":{"type":"action","text":"currentTheme = DEP.customTheme || (\n    vscode.window.activeColorTheme.kind ===\n    vscode.ColorThemeKind.Light ? 'vscode-light':\n    'vscode-dark'\n)","one":"10","id":"9"},"15":{"type":"action","text":"webviewPanel.onDidDispose(\n    function () {\n        log(\"webviewPanel disposed\");\n        webviewPanel.webview.postMessage(\n            {command: 'deleteState'}\n        );\n        DEP.activeWebviews.delete (\n            webviewPanel\n        );\n    }\n)","one":"1","id":"15"},"6":{"type":"action","text":"log(\n    \"resolveCustomTextEditor called\",\n    {\n        documentUri: document.uri.toString()\n    }\n)","one":"7","id":"6"},"11":{"type":"action","text":"webviewPanel.webview.postMessage(\n    {\n        command: 'applyTheme',\n        themeClass: currentTheme,\n        isCustom: !!DEP.customTheme\n    }\n)","one":"12","id":"11"},"12":{"type":"action","id":"12","one":"4","text":"DEP.activeWebviews.add(webviewPanel)"},"3":{"type":"action","text":"webviewPanel.webview.options = {\n    enableScripts: true,\n    localResourceRoots: [\n        this.context.extensionUri\n    ]\n}","one":"8","id":"3"},"7":{"type":"action","id":"7","one":"3","text":"DEP.activeFilename = document.fileName"},"2":{"type":"branch","branchId":0,"one":"6","id":"2"},"10":{"type":"action","id":"10","one":"11","text":"webviewPanel.webview.html = await this.getWebviewContent(\n    this.context,\n    resourcesUri,\n    currentTheme,\n    await getDocumentId(\n        document,\n        this.context\n    )\n)"},"13":{"type":"action","text":"webviewPanel.webview.onDidReceiveMessage(\n    async (message) => {\n        log(\n            \"Message received from webview\",\n            message\n        );\n        switch (message.command) {\n            case 'updateDiagram': if (\n                message.diagram\n            ) {\n                await this.handleDiagramUpdate(\n                    document,\n                    message.diagram,\n                    webviewPanel\n                );\n            }\n            return ;\n            case 'checkReady': webviewPanel\n            .webview.postMessage(\n                {\n                    command: 'ready',\n                    ready: true\n                }\n            );\n            return ;\n        }\n    }\n)","one":"14","id":"13"},"14":{"type":"action","id":"14","one":"15","text":"webviewPanel.onDidChangeViewState(\n    function (e) {\n        log(\n            \"onDidChangeViewState\",\n            e.webviewPanel.visible\n        );\n        if (e.webviewPanel.visible) {\n            const content = document.getText();\n            const diagram = content ? JSON\n            .parse(content): {\n                type: \"drakon\",\n                items: {}\n            };\n            diagram.name = fileNameWithoutExtension;\n            diagram.id = fileName;\n            webviewPanel.webview.postMessage(\n                {\n                    command: 'loadDiagram',\n                    diagram: diagram\n                }\n            );\n            webviewPanel.webview.postMessage(\n                {command: 'restoreState'}\n            );\n            if (DEP.isChangeView) {\n                webviewPanel.webview.postMessage(\n                    {\n                        command: 'сheckClipboard'\n                    }\n                );\n                DEP.isChangeView = false;\n            }\n            DEP.activeFilename = document\n            .fileName;\n        } else {\n            DEP.isChangeView = true;\n            DEP.activeFilename = '';\n        }\n    }\n)"}},"keywords":{"scenario":false,"async":true,"export":false,"function":true,"algoprop":false},"created_by":"admin","type":"drakon","updated_by":"admin","name":"resolveCustomTextEditor","when_updated":1751685111.9259}