{"version":20180619,"tag":"743165611","params":"message\n...args","when_created":1751575589.5802,"parent_id":"e339a631","props":[],"language":"LANG_JS","items":{"4":{"type":"action","text":"timestamp = new Date().toISOString()","one":"5","id":"4"},"8":{"type":"action","text":"DEP.outputChannel.appendLine(logMessage)","one":"6","id":"8"},"1":{"type":"end","id":"1"},"5":{"type":"action","id":"5","one":"7","text":"logMessage = `[${timestamp}] ${message} ${args.length > 0 ? JSON.stringify(args) : ''}`"},"2":{"type":"branch","branchId":0,"one":"4","id":"2"},"6":{"type":"action","id":"6","one":"1","text":"DEP.outputContent += logMessage + '\\n'\nconsole.log(logMessage,  ... args)"},"7":{"flag1":1,"id":"7","type":"question","text":"DEP.outputChannel","one":"8","two":"6"}},"keywords":{"scenario":false,"async":false,"export":false,"function":true,"algoprop":false},"type":"drakon","updated_by":"admin","when_updated":1751644925.5011,"name":"log","created_by":"admin"}