{"version":20180619,"tag":"343947898","params":"str","when_created":1751642431.3004,"parent_id":"864f9983","props":[],"language":"LANG_JS","items":{"4":{"type":"action","text":"encoder = new TextEncoder();\ndata = encoder.encode(str);\nhash = 0;","one":"7","id":"4"},"8":{"type":"action","id":"8","one":"6","text":"hash = (hash * 31 + data[i]) % 0x100000000"},"1":{"type":"end","id":"1"},"5":{"type":"action","id":"5","one":"1","text":"return Math.abs(hash).toString(36).slice(\n    0,\n    8\n)"},"2":{"type":"branch","branchId":0,"one":"4","id":"2"},"6":{"type":"loopend","id":"6","one":"5","text":""},"7":{"type":"loopbegin","text":"i = 0; i < data.length; i++","one":"8","id":"7"}},"keywords":{"scenario":false,"async":false,"export":false,"function":true,"algoprop":false},"type":"drakon","updated_by":"admin","when_updated":1751642566.3846,"name":"hashString","created_by":"admin"}