{"version":20180619,"tag":"511934607","when_created":1751455361.4953,"parent_id":"2b20c519","props":[],"items":{"4":{"type":"action","text":"ids = themes.map(\n    function (theme) {\n        return theme.id\n    }\n)","one":"5","id":"4"},"8":{"type":"action","id":"8","one":"6","text":"localStorage.setItem(\n    theme.id,\n    JSON.stringify(theme)\n)"},"1":{"type":"end","id":"1"},"5":{"type":"action","text":"localStorage.setItem(\n    \"themes\",\n    JSON.stringify(ids)\n)","one":"7","id":"5"},"9":{"type":"action","id":"9","one":"1","text":"localStorage.setItem(\n    \"current-theme\",\n    \"theme-class\"\n)"},"6":{"type":"loopend","id":"6","one":"9","text":""},"3":{"type":"action","text":"themes = createThemes()","one":"4","id":"3"},"7":{"type":"loopbegin","text":"theme; themes","one":"8","id":"7"},"2":{"type":"branch","branchId":0,"one":"3","id":"2"}},"language":"LANG_S42","when_updated":1751455424.616,"type":"drakon","updated_by":"admin","name":"saveThemesInStorage","created_by":"admin"}