{"version":20180619,"tag":"456546086","params":"context\nresourcesUri\ntheme\nnamespace","when_created":1751605005.935,"parent_id":"e339a631","props":[],"language":"LANG_JS","items":{"4":{"type":"action","text":"templatePath = vscode.Uri.joinPath(\n    context.extensionUri,\n    'templates',\n    'editor.html'\n)","one":"5","id":"4"},"1":{"type":"end","id":"1"},"5":{"type":"action","text":"html = (\n    await vscode.workspace.fs.readFile(\n        templatePath\n    )\n).toString();\nhtml = html.replace(\n    \/\\${extPathUri}\/g,\n    resourcesUri.toString()\n);\nhtml = html.replace(\n    \/\\${namespace}\/g,\n    namespace\n)","one":"6","id":"5"},"2":{"type":"branch","branchId":0,"one":"3","id":"2"},"6":{"type":"action","id":"6","one":"7","text":"log(\"getWebviewContent completed\")"},"7":{"type":"action","id":"7","one":"1","text":"return html"},"3":{"type":"action","text":"log(\n    \"getWebviewContent called\",\n    {\n        resourcesUri: resourcesUri.toString(),\n        theme,\n        namespace\n    }\n)","one":"4","id":"3"}},"keywords":{"scenario":false,"async":true,"export":false,"function":true,"algoprop":false},"created_by":"admin","type":"drakon","updated_by":"admin","name":"getWebviewContent","when_updated":1751685104.7308}