{"version":20180619,"tag":"475764614","params":"type","when_created":1752119803.3737,"parent_id":"4039851a","props":[],"when_updated":1752119843.8049,"items":{"2":{"type":"branch","branchId":0,"one":"3","id":"2"},"1":{"type":"end","id":"1"},"3":{"type":"action","text":"m.drakon.insertFree(type)","one":"1","id":"3"}},"keywords":{"scenario":false,"async":false,"export":false,"function":true,"algoprop":false},"language":"LANG_S42","updated_by":"admin","type":"drakon","name":"insertFree","created_by":"admin"}