{"keywords":{"scenario":false,"async":false,"export":false,"function":true,"algoprop":false},"tag":"764848920","params":"prim\npos","when_created":1751457226.878,"parent_id":"2b20c519","props":[],"created_by":"admin","items":{"4":{"flag1":1,"id":"4","type":"question","text":"pos.x > left","one":"5","two":"9"},"8":{"type":"action","id":"8","one":"1","text":"return true"},"1":{"type":"end","id":"1"},"5":{"flag1":1,"id":"5","type":"question","text":"pos.x < right","one":"6","two":"9"},"9":{"type":"action","id":"9","one":"1","text":"return false"},"6":{"flag1":1,"id":"6","type":"question","text":"pos.y > top","one":"7","two":"9"},"3":{"type":"action","text":"padding = 10\nleft = prim.diagramLeft\ntop = prim.diagramTop\nright = prim.diagramLeft + m.iconSize + padding\n* 2\nbottom = prim.diagramTop + prim.diagramHeight","one":"4","id":"3"},"7":{"flag1":1,"id":"7","type":"question","text":"pos.y < bottom","one":"8","two":"9"},"2":{"type":"branch","branchId":0,"one":"3","id":"2"}},"type":"drakon","language":"LANG_S42","updated_by":"admin","version":20180619,"name":"onActionHotspot","when_updated":1751507668.7497}