{"version":20180619,"tag":"402790204","when_created":1751294417.1742,"parent_id":"2b20c519","props":[],"items":{"4":{"type":"action","text":"Mousetrap.bind(\n    ['ctrl+c', 'command+c'],\n    copy,\n    \"keydown\"\n)","one":"5","id":"4"},"8":{"type":"action","text":"Mousetrap.bind(\n    ['ctrl+y', 'command+y'],\n    redo,\n    \"keydown\"\n)","one":"9","id":"8"},"1":{"type":"end","id":"1"},"5":{"type":"action","text":"Mousetrap.bind(\n    ['ctrl+v', 'command+v'],\n    paste,\n    \"keydown\"\n)","one":"6","id":"5"},"9":{"type":"action","text":"Mousetrap.bind(\n    ['del', 'backspace'],\n    deleteSelection,\n    \"keydown\"\n)","one":"10","id":"9"},"6":{"type":"action","text":"Mousetrap.bind(\n    ['ctrl+x', 'command+x'],\n    cut,\n    \"keydown\"\n)","one":"7","id":"6"},"11":{"type":"action","text":"Mousetrap.bind('up', arrowUp, \"keydown\")","one":"12","id":"11"},"12":{"type":"action","text":"Mousetrap.bind(\n    'down',\n    arrowDown,\n    \"keydown\"\n)","one":"13","id":"12"},"7":{"type":"action","text":"Mousetrap.bind(\n    ['ctrl+z', 'command+z'],\n    undo,\n    \"keydown\"\n)","one":"8","id":"7"},"2":{"type":"branch","branchId":0,"one":"4","id":"2"},"10":{"type":"action","text":"Mousetrap.bind(\n    'enter',\n    editContent,\n    \"keydown\"\n)","one":"11","id":"10"},"13":{"type":"action","text":"Mousetrap.bind(\n    'left',\n    arrowLeft,\n    \"keydown\"\n)","one":"14","id":"13"},"14":{"type":"action","text":"Mousetrap.bind(\n    'right',\n    arrowRight,\n    \"keydown\"\n)","one":"1","id":"14"}},"created_by":"admin","language":"LANG_S42","updated_by":"admin","type":"drakon","name":"initShortcuts","when_updated":1751294574.2695}