{"version":20180619,"tag":"153334627","params":"action\ndelay","when_created":1751294976.6586,"parent_id":"2b20c519","props":[],"when_updated":1751295072.3233,"items":{"4":{"type":"action","text":"onTimeout = function () {\n    timeoutId = undefined\n    action()\n}","one":"5","id":"4"},"1":{"type":"end","id":"1"},"5":{"type":"action","text":"resetDebounce = function () {\n    if (timeoutId) {\n        clearTimeout(timeoutId)\n    }\n    timeoutId = setTimeout(\n        onTimeout,\n        delay\n    )\n}","one":"6","id":"5"},"2":{"type":"branch","branchId":0,"one":"3","id":"2"},"6":{"type":"action","id":"6","one":"1","text":"return function () {\n    resetDebounce()\n}"},"3":{"type":"action","text":"timeoutId = undefined","one":"4","id":"3"}},"type":"drakon","keywords":{"scenario":false,"async":false,"export":false,"function":true,"algoprop":false},"updated_by":"admin","language":"LANG_S42","name":"debounce","created_by":"admin"}