{"version":20180619,"tag":"623379085","params":"context","when_created":1751604388.3799,"parent_id":"e339a631","props":[],"when_updated":1751638082.5741,"items":{"11":{"type":"action","text":"this.context = context\nDEP.outputChannel = vscode.window.createOutputChannel(\n    \"Drakon Extension Logs\"\n);\nlog(\"DrakonEditorProvider initialized\")","one":"1","id":"11"},"1":{"type":"end","id":"1"},"2":{"type":"branch","branchId":0,"one":"11","id":"2"}},"keywords":{"scenario":false,"async":false,"export":false,"function":true,"algoprop":false},"created_by":"admin","updated_by":"admin","type":"drakon","name":"DrakonEditorProvider","language":"LANG_JS"}